store_id,product_id,date,demand,inventory_level,Forecast,Forecast Error
S001,P0001,2023-09-07,103,371.0,91.57693,11.423072814941406
S001,P0001,2023-09-08,96,249.0,98.98543,-2.9854278564453125
S001,P0001,2023-09-09,80,171.0,94.42299,-14.422988891601562
S001,P0001,2023-09-10,164,307.0,93.85475,70.14524841308594
S001,P0001,2023-09-11,108,142.0,122.149895,-14.149894714355469
S001,P0001,2023-09-12,83,316.0,93.944725,-10.944725036621094
S001,P0001,2023-09-13,108,238.0,117.3708,-9.370796203613281
S001,P0001,2023-09-14,133,139.0,123.59363,9.4063720703125
S001,P0001,2023-09-15,49,257.0,112.27596,-63.275962829589844
S001,P0001,2023-09-16,72,224.0,93.07612,-21.07611846923828
S001,P0001,2023-09-17,96,180.0,94.43184,1.5681610107421875
S001,P0001,2023-09-18,120,211.0,120.46389,-0.46389007568359375
S001,P0001,2023-09-19,103,110.0,110.839714,-7.839714050292969
S001,P0001,2023-09-20,103,243.0,90.85496,12.145042419433594
S001,P0001,2023-09-21,59,152.0,87.95666,-28.95665740966797
S001,P0001,2023-09-22,84,298.0,88.05888,-4.0588836669921875
S001,P0001,2023-09-23,88,236.0,90.640564,-2.64056396484375
S001,P0001,2023-09-24,120,136.0,123.31669,-3.3166885375976562
S001,P0001,2023-09-25,135,217.0,91.75777,43.24223327636719
S001,P0001,2023-09-26,91,340.0,91.95169,-0.951690673828125
S001,P0001,2023-09-27,97,284.0,91.455246,5.5447540283203125
S001,P0001,2023-09-28,47,222.0,115.71366,-68.71366119384766
S001,P0001,2023-09-29,107,348.0,94.497444,12.502555847167969
S001,P0001,2023-09-30,92,267.0,88.874855,3.1251449584960938
S001,P0001,2023-10-01,98,157.0,103.196815,-5.196815490722656
S001,P0001,2023-10-02,169,257.0,122.00018,46.99981689453125
S001,P0001,2023-10-03,72,100.0,99.86499,-27.864990234375
S001,P0001,2023-10-04,90,335.0,92.76884,-2.7688369750976562
S001,P0001,2023-10-05,78,236.0,90.02167,-12.02166748046875
S001,P0001,2023-10-06,80,186.0,91.4914,-11.491401672363281
S001,P0001,2023-10-07,58,289.0,80.009254,-22.009254455566406
S001,P0001,2023-10-08,23,239.0,74.7276,-51.72760009765625
S001,P0001,2023-10-09,44,220.0,65.599785,-21.59978485107422
S001,P0001,2023-10-10,43,178.0,60.228832,-17.228832244873047
S001,P0001,2023-10-11,82,126.0,56.47612,25.523880004882812
S001,P0001,2023-10-12,49,132.0,79.10953,-30.109527587890625
S001,P0001,2023-10-13,38,279.0,49.94401,-11.944011688232422
S001,P0001,2023-10-14,34,245.0,42.935276,-8.93527603149414
S001,P0001,2023-10-15,28,220.0,39.747566,-11.747566223144531
S001,P0001,2023-10-16,46,196.0,37.039654,8.960346221923828
S001,P0001,2023-10-17,66,168.0,52.091793,13.908206939697266
S001,P0001,2023-10-18,20,126.0,39.477074,-19.477073669433594
S001,P0001,2023-10-19,53,229.0,57.435047,-4.435047149658203
S001,P0001,2023-10-20,77,167.0,45.347214,31.652786254882812
S001,P0001,2023-10-21,36,78.0,41.29188,-5.291881561279297
S001,P0001,2023-10-22,47,214.0,37.57286,9.427139282226562
S001,P0001,2023-10-23,101,171.0,59.88121,41.11878967285156
S001,P0001,2023-10-24,53,62.0,48.541756,4.458244323730469
S001,P0001,2023-10-25,152,182.0,76.34692,75.65308380126953
S001,P0001,2023-10-26,106,68.0,102.28034,3.7196578979492188
S001,P0001,2023-10-27,143,288.0,69.98004,73.01995849609375
S001,P0001,2023-10-28,114,143.0,71.56449,42.435508728027344
S001,P0001,2023-10-29,162,285.0,72.49499,89.50501251220703
S001,P0001,2023-10-30,109,181.0,86.874214,22.12578582763672
S001,P0001,2023-10-31,66,393.0,79.37335,-13.37335205078125
S001,P0001,2023-11-01,99,346.0,114.823555,-15.823554992675781
S001,P0001,2023-11-02,128,245.0,77.79925,50.20075225830078
S001,P0001,2023-11-03,137,102.0,118.245026,18.754974365234375
S001,P0001,2023-11-04,120,269.0,89.72678,30.273216247558594
S001,P0001,2023-11-05,105,444.0,85.219124,19.78087615966797
S001,P0001,2023-11-06,97,354.0,87.29989,9.700111389160156
S001,P0001,2023-11-07,99,255.0,110.4474,-11.447402954101562
S001,P0001,2023-11-08,144,187.0,111.582016,32.41798400878906
S001,P0001,2023-11-09,117,259.0,84.12725,32.87274932861328
S001,P0001,2023-11-10,77,450.0,82.53606,-5.5360565185546875
S001,P0001,2023-11-11,91,394.0,84.83543,6.164573669433594
S001,P0001,2023-11-12,95,308.0,117.16099,-22.160987854003906
S001,P0001,2023-11-13,35,227.0,121.38652,-86.38652038574219
S001,P0001,2023-11-14,122,196.0,96.82203,25.17797088623047
S001,P0001,2023-11-15,90,99.0,92.95255,-2.9525527954101562
S001,P0001,2023-11-16,164,276.0,118.5925,45.407501220703125
S001,P0001,2023-11-17,102,90.0,101.68367,0.3163299560546875
S001,P0001,2023-11-18,106,269.0,113.004486,-7.004486083984375
S001,P0001,2023-11-19,127,199.0,88.52565,38.47434997558594
S001,P0001,2023-11-20,132,314.0,118.76264,13.237358093261719
S001,P0001,2023-11-21,56,192.0,86.77406,-30.774063110351562
S001,P0001,2023-11-22,100,430.0,94.78574,5.214256286621094
S001,P0001,2023-11-23,71,324.0,88.753525,-17.753524780273438
S001,P0001,2023-11-24,56,244.0,86.00548,-30.005477905273438
S001,P0001,2023-11-25,107,210.0,94.6661,12.333900451660156
S001,P0001,2023-11-26,148,94.0,129.74736,18.252639770507812
S001,P0001,2023-11-27,88,196.0,94.515366,-6.5153656005859375
S001,P0001,2023-11-28,139,347.0,87.85678,51.143218994140625
S001,P0001,2023-11-29,148,240.0,90.565895,57.434104919433594
S001,P0001,2023-11-30,99,443.0,96.104164,2.8958358764648438
S001,P0001,2023-12-01,109,326.0,97.61199,11.388008117675781
S001,P0001,2023-12-02,160,202.0,136.36388,23.636123657226562
S001,P0001,2023-12-03,119,43.0,114.74688,4.253120422363281
S001,P0001,2023-12-04,73,275.0,136.94818,-63.94818115234375
S001,P0001,2023-12-05,24,407.0,89.13884,-65.13883972167969
S001,P0001,2023-12-06,142,385.0,108.7844,33.215599060058594
S001,P0001,2023-12-07,131,264.0,98.38339,32.616607666015625
S001,P0001,2023-12-08,147,165.0,132.8358,14.164199829101562
S001,P0001,2023-12-09,99,237.0,103.699066,-4.699066162109375
S001,P0001,2023-12-10,127,129.0,133.48676,-6.48675537109375
S001,P0001,2023-12-11,67,199.0,97.32483,-30.3248291015625
S001,P0001,2023-12-12,161,422.0,142.81914,18.180862426757812
S001,P0001,2023-12-13,40,279.0,94.89305,-54.89305114746094
S001,P0001,2023-12-14,75,232.0,100.9461,-25.94609832763672
S001,P0001,2023-12-15,69,151.0,114.309204,-45.3092041015625
S001,P0001,2023-12-16,70,267.0,96.43044,-26.430442810058594
S001,P0001,2023-12-17,36,220.0,83.26765,-47.26764678955078
S001,P0001,2023-12-18,109,194.0,91.82247,17.177528381347656
S001,P0001,2023-12-19,118,67.0,94.693115,23.306884765625
S001,P0001,2023-12-20,104,235.0,95.54475,8.455253601074219
S001,P0001,2023-12-21,136,412.0,97.64227,38.35772705078125
S001,P0001,2023-12-22,64,255.0,92.63837,-28.63836669921875
S001,P0001,2023-12-23,89,184.0,100.39703,-11.39703369140625
S001,P0001,2023-12-24,147,112.0,134.6799,12.320098876953125
S001,P0001,2023-12-25,72,206.0,110.7928,-38.79280090332031
S001,P0001,2023-12-26,132,422.0,119.59054,12.409461975097656
S001,P0001,2023-12-27,51,303.0,103.99909,-52.99909210205078
S001,P0001,2023-12-28,73,261.0,77.7017,-4.701698303222656
S001,P0001,2023-12-29,90,183.0,79.415695,10.584304809570312
S001,P0001,2023-12-30,54,104.0,70.87412,-16.874122619628906
S001,P0001,2023-12-31,60,259.0,66.10992,-6.109916687011719
S001,P0001,2024-01-01,62,216.0,49.855495,12.14450454711914
S001,P0001,2024-01-02,31,150.0,52.635956,-21.635955810546875
S001,P0001,2024-01-03,52,230.0,56.627052,-4.627052307128906
S001,P0001,2024-01-04,47,173.0,62.25365,-15.253650665283203
S001,P0001,2024-01-05,71,127.0,33.805286,37.1947135925293
S001,P0001,2024-01-06,52,186.0,58.70535,-6.705348968505859
S001,P0001,2024-01-07,71,297.0,34.262882,36.737117767333984
S001,P0001,2024-01-08,28,224.0,49.729225,-21.729225158691406
S001,P0001,2024-01-09,75,192.0,66.912704,8.087295532226562
S001,P0001,2024-01-10,98,117.0,71.87891,26.12109375
S001,P0001,2024-01-11,141,198.0,84.915115,56.08488464355469
S001,P0001,2024-01-12,83,227.0,81.502045,1.497955322265625
S001,P0001,2024-01-13,111,466.0,81.216064,29.783935546875
S001,P0001,2024-01-14,74,337.0,73.157036,0.8429641723632812
S001,P0001,2024-01-15,114,254.0,80.78725,33.21275329589844
S001,P0001,2024-01-16,31,164.0,87.96825,-56.96824645996094
S001,P0001,2024-01-17,88,394.0,83.40326,4.59674072265625
S001,P0001,2024-01-18,86,327.0,84.012215,1.9877853393554688
S001,P0001,2024-01-19,90,273.0,101.037186,-11.037185668945312
S001,P0001,2024-01-20,141,196.0,72.78476,68.21524047851562
S001,P0001,2024-01-21,109,218.0,100.426025,8.573974609375
S001,P0001,2024-01-22,218,372.0,87.025085,130.97491455078125
S001,P0001,2024-01-23,68,135.0,101.3718,-33.371803283691406
S001,P0001,2024-01-24,98,441.0,116.30196,-18.301963806152344
S001,P0001,2024-01-25,137,325.0,97.00767,39.992332458496094
S001,P0001,2024-01-26,72,237.0,100.57339,-28.573387145996094
S001,P0001,2024-01-27,99,471.0,91.90077,7.0992279052734375
S001,P0001,2024-01-28,139,371.0,81.48634,57.51365661621094
S001,P0001,2024-01-29,112,259.0,93.165184,18.834815979003906
S001,P0001,2024-01-30,111,383.0,89.856155,21.143844604492188
S001,P0002,2023-09-07,67,152.0,95.02965,-28.029647827148438
S001,P0002,2023-09-08,112,85.0,114.36726,-2.3672637939453125
S001,P0002,2023-09-09,145,94.0,99.49543,45.50457000732422
S001,P0002,2023-09-10,92,139.0,124.488464,-32.48846435546875
S001,P0002,2023-09-11,90,150.0,106.555374,-16.555374145507812
S001,P0002,2023-09-12,107,182.0,104.14249,2.857513427734375
S001,P0002,2023-09-13,110,98.0,111.74293,-1.7429275512695312
S001,P0002,2023-09-14,123,124.0,111.20959,11.790412902832031
S001,P0002,2023-09-15,118,165.0,131.91032,-13.910324096679688
S001,P0002,2023-09-16,73,136.0,95.86067,-22.860671997070312
S001,P0002,2023-09-17,163,131.0,137.68181,25.318191528320312
S001,P0002,2023-09-18,77,188.0,92.46927,-15.469268798828125
S001,P0002,2023-09-19,126,109.0,104.28712,21.71288299560547
S001,P0002,2023-09-20,128,134.0,122.49445,5.505546569824219
S001,P0002,2023-09-21,105,120.0,105.461174,-0.46117401123046875
S001,P0002,2023-09-22,89,110.0,101.569855,-12.569854736328125
S001,P0002,2023-09-23,134,122.0,113.28852,20.71147918701172
S001,P0002,2023-09-24,187,147.0,139.66768,47.33232116699219
S001,P0002,2023-09-25,40,176.0,86.89246,-46.89246368408203
S001,P0002,2023-09-26,119,146.0,111.582306,7.417694091796875
S001,P0002,2023-09-27,124,153.0,133.9401,-9.940093994140625
S001,P0002,2023-09-28,89,173.0,108.423164,-19.42316436767578
S001,P0002,2023-09-29,151,81.0,104.826996,46.173004150390625
S001,P0002,2023-09-30,50,135.0,93.32515,-43.32514953613281
S001,P0002,2023-10-01,116,94.0,100.64505,15.354949951171875
S001,P0002,2023-10-02,123,121.0,104.29712,18.702880859375
S001,P0002,2023-10-03,64,104.0,120.228714,-56.22871398925781
S001,P0002,2023-10-04,242,92.0,130.46138,111.53861999511719
S001,P0002,2023-10-05,185,256.0,162.45882,22.541183471679688
S001,P0002,2023-10-06,97,82.0,116.50421,-19.50421142578125
S001,P0002,2023-10-07,67,86.0,99.30212,-32.30211639404297
S001,P0002,2023-10-08,191,99.0,136.81262,54.1873779296875
S001,P0002,2023-10-09,128,194.0,111.8495,16.150497436523438
S001,P0002,2023-10-10,161,180.0,109.23208,51.767921447753906
S001,P0002,2023-10-11,110,259.0,96.09224,13.907760620117188
S001,P0002,2023-10-12,141,174.0,103.18736,37.81263732910156
S001,P0002,2023-10-13,95,149.0,102.17015,-7.1701507568359375
S001,P0002,2023-10-14,184,200.0,126.106705,57.89329528808594
S001,P0002,2023-10-15,114,279.0,105.09003,8.90997314453125
S001,P0002,2023-10-16,54,156.0,86.86942,-32.869422912597656
S001,P0002,2023-10-17,80,98.0,110.17418,-30.174179077148438
S001,P0002,2023-10-18,156,141.0,137.69267,18.307327270507812
S001,P0002,2023-10-19,43,197.0,72.647064,-29.647064208984375
S001,P0002,2023-10-20,154,164.0,91.80072,62.19927978515625
S001,P0002,2023-10-21,90,198.0,88.972435,1.0275650024414062
S001,P0002,2023-10-22,106,138.0,101.75524,4.244758605957031
S001,P0002,2023-10-23,153,124.0,114.52779,38.47221374511719
S001,P0002,2023-10-24,89,184.0,92.11944,-3.1194381713867188
S001,P0002,2023-10-25,185,123.0,137.0365,47.9635009765625
S001,P0002,2023-10-26,144,201.0,137.31682,6.6831817626953125
S001,P0002,2023-10-27,66,191.0,99.20686,-33.20686340332031
S001,P0002,2023-10-28,192,123.0,113.05163,78.94837188720703
S001,P0002,2023-10-29,92,181.0,116.960495,-24.960494995117188
S001,P0002,2023-10-30,91,85.0,112.72165,-21.721649169921875
S001,P0002,2023-10-31,61,81.0,95.936195,-34.936195373535156
S001,P0002,2023-11-01,87,75.0,109.29691,-22.296913146972656
S001,P0002,2023-11-02,61,99.0,101.48714,-40.48713684082031
S001,P0002,2023-11-03,95,116.0,121.97954,-26.979537963867188
S001,P0002,2023-11-04,85,122.0,97.95725,-12.957252502441406
S001,P0002,2023-11-05,94,168.0,95.15261,-1.1526107788085938
S001,P0002,2023-11-06,97,64.0,93.332794,3.667205810546875
S001,P0002,2023-11-07,153,114.0,116.33692,36.66307830810547
S001,P0002,2023-11-08,19,140.0,122.362885,-103.36288452148438
S001,P0002,2023-11-09,99,120.0,91.76399,7.2360076904296875
S001,P0002,2023-11-10,111,122.0,116.80237,-5.8023681640625
S001,P0002,2023-11-11,115,108.0,118.80416,-3.8041610717773438
S001,P0002,2023-11-12,157,103.0,127.25915,29.74085235595703
S001,P0002,2023-11-13,147,184.0,101.97931,45.02069091796875
S001,P0002,2023-11-14,113,267.0,97.631996,15.368003845214844
S001,P0002,2023-11-15,104,158.0,128.22327,-24.2232666015625
S001,P0002,2023-11-16,66,137.0,88.192696,-22.19269561767578
S001,P0002,2023-11-17,139,92.0,97.7004,41.299598693847656
S001,P0002,2023-11-18,119,115.0,118.53506,0.46494293212890625
S001,P0002,2023-11-19,92,151.0,97.00376,-5.003761291503906
S001,P0002,2023-11-20,21,166.0,125.526245,-104.5262451171875
S001,P0002,2023-11-21,180,149.0,96.53574,83.4642562866211
S001,P0002,2023-11-22,116,204.0,88.099014,27.900985717773438
S001,P0002,2023-11-23,54,71.0,87.483986,-33.483985900878906
S001,P0002,2023-11-24,68,79.0,88.10603,-20.106033325195312
S001,P0002,2023-11-25,75,100.0,110.47952,-35.479522705078125
S001,P0002,2023-11-26,131,102.0,89.77119,41.22881317138672
S001,P0002,2023-11-27,121,131.0,92.91745,28.082550048828125
S001,P0002,2023-11-28,58,153.0,81.3542,-23.354202270507812
S001,P0002,2023-11-29,62,87.0,82.75479,-20.754791259765625
S001,P0002,2023-11-30,165,107.0,85.815346,79.18465423583984
S001,P0002,2023-12-01,156,189.0,100.1514,55.848602294921875
S001,P0002,2023-12-02,83,276.0,95.223694,-12.22369384765625
S001,P0002,2023-12-03,78,213.0,96.09617,-18.096168518066406
S001,P0002,2023-12-04,191,142.0,131.66885,59.331146240234375
S001,P0002,2023-12-05,127,161.0,113.093575,13.906425476074219
S001,P0002,2023-12-06,114,178.0,114.50941,-0.5094070434570312
S001,P0002,2023-12-07,154,161.0,114.36137,39.638633728027344
S001,P0002,2023-12-08,129,164.0,117.79821,11.201789855957031
S001,P0002,2023-12-09,95,190.0,108.682816,-13.682815551757812
S001,P0002,2023-12-10,143,81.0,114.89739,28.10260772705078
S001,P0002,2023-12-11,43,166.0,84.800385,-41.800384521484375
S001,P0002,2023-12-12,130,125.0,141.52861,-11.528610229492188
S001,P0002,2023-12-13,177,152.0,108.46415,68.53585052490234
S001,P0002,2023-12-14,111,158.0,105.56299,5.43701171875
S001,P0002,2023-12-15,188,175.0,103.549126,84.45087432861328
S001,P0002,2023-12-16,66,193.0,100.67457,-34.67456817626953
S001,P0002,2023-12-17,107,129.0,115.800804,-8.800804138183594
S001,P0002,2023-12-18,170,151.0,90.68531,79.31468963623047
S001,P0002,2023-12-19,133,213.0,110.89371,22.106292724609375
S001,P0002,2023-12-20,206,68.0,145.45221,60.54779052734375
S001,P0002,2023-12-21,184,213.0,146.30394,37.69606018066406
S001,P0002,2023-12-22,148,239.0,140.49556,7.5044403076171875
S001,P0002,2023-12-23,131,100.0,158.89737,-27.897369384765625
S001,P0002,2023-12-24,127,132.0,159.71387,-32.7138671875
S001,P0002,2023-12-25,64,113.0,113.42087,-49.420867919921875
S001,P0002,2023-12-26,154,106.0,130.59961,23.400390625
S001,P0002,2023-12-27,96,170.0,122.618416,-26.61841583251953
S001,P0002,2023-12-28,150,78.0,137.1705,12.829498291015625
S001,P0002,2023-12-29,253,177.0,113.69006,139.3099365234375
S001,P0002,2023-12-30,97,210.0,92.16103,4.838966369628906
S001,P0002,2023-12-31,141,121.0,106.74274,34.25726318359375
S001,P0002,2024-01-01,105,149.0,130.23058,-25.230575561523438
S001,P0002,2024-01-02,172,145.0,116.91845,55.08155059814453
S001,P0002,2024-01-03,156,203.0,148.54834,7.45166015625
S001,P0002,2024-01-04,115,165.0,119.59283,-4.592826843261719
S001,P0002,2024-01-05,62,156.0,91.29308,-29.29308319091797
S001,P0002,2024-01-06,157,110.0,107.84856,49.15144348144531
S001,P0002,2024-01-07,132,157.0,138.2553,-6.2552947998046875
S001,P0002,2024-01-08,172,131.0,108.660385,63.33961486816406
S001,P0002,2024-01-09,73,158.0,104.21129,-31.211288452148438
S001,P0002,2024-01-10,147,86.0,131.68272,15.317276000976562
S001,P0002,2024-01-11,111,147.0,128.9596,-17.9595947265625
S001,P0002,2024-01-12,131,169.0,126.03106,4.968940734863281
S001,P0002,2024-01-13,103,191.0,120.43141,-17.431411743164062
S001,P0002,2024-01-14,119,102.0,128.36092,-9.360916137695312
S001,P0002,2024-01-15,123,111.0,136.08133,-13.081329345703125
S001,P0002,2024-01-16,153,104.0,149.71461,3.2853851318359375
S001,P0002,2024-01-17,115,179.0,124.0794,-9.079399108886719
S001,P0002,2024-01-18,134,200.0,113.95616,20.043838500976562
S001,P0002,2024-01-19,39,187.0,101.2979,-62.29789733886719
S001,P0002,2024-01-20,120,145.0,147.75551,-27.755508422851562
S001,P0002,2024-01-21,121,145.0,117.761665,3.2383346557617188
S001,P0002,2024-01-22,147,198.0,111.71479,35.28520965576172
S001,P0002,2024-01-23,71,226.0,99.1751,-28.17510223388672
S001,P0002,2024-01-24,150,142.0,146.53513,3.464874267578125
S001,P0002,2024-01-25,91,164.0,125.07606,-34.07605743408203
S001,P0002,2024-01-26,144,67.0,157.62184,-13.621841430664062
S001,P0002,2024-01-27,125,156.0,128.09967,-3.09967041015625
S001,P0002,2024-01-28,114,210.0,112.752266,1.2477340698242188
S001,P0002,2024-01-29,64,111.0,102.12037,-38.12036895751953
S001,P0002,2024-01-30,119,136.0,108.9,10.099998474121094
S001,P0003,2023-09-07,133,504.0,116.03348,16.966522216796875
S001,P0003,2023-09-08,105,376.0,84.58394,20.416061401367188
S001,P0003,2023-09-09,126,255.0,120.228615,5.771385192871094
S001,P0003,2023-09-10,57,763.0,135.58212,-78.58212280273438
S001,P0003,2023-09-11,164,724.0,127.47873,36.521270751953125
S001,P0003,2023-09-12,98,538.0,86.26582,11.734176635742188
S001,P0003,2023-09-13,152,443.0,123.78514,28.214859008789062
S001,P0003,2023-09-14,101,308.0,81.899284,19.10071563720703
S001,P0003,2023-09-15,72,774.0,85.50514,-13.505142211914062
S001,P0003,2023-09-16,65,723.0,86.728806,-21.728805541992188
S001,P0003,2023-09-17,59,646.0,100.23168,-41.23168182373047
S001,P0003,2023-09-18,143,591.0,116.96265,26.037353515625
S001,P0003,2023-09-19,92,464.0,86.23725,5.762748718261719
S001,P0003,2023-09-20,165,373.0,94.76623,70.23377227783203
S001,P0003,2023-09-21,71,271.0,96.54579,-25.545791625976562
S001,P0003,2023-09-22,91,841.0,80.19248,10.807518005371094
S001,P0003,2023-09-23,173,755.0,120.85497,52.14502716064453
S001,P0003,2023-09-24,110,578.0,87.946266,22.053733825683594
S001,P0003,2023-09-25,96,470.0,90.61661,5.383392333984375
S001,P0003,2023-09-26,146,357.0,99.8337,46.166297912597656
S001,P0003,2023-09-27,87,805.0,86.71693,0.28307342529296875
S001,P0003,2023-09-28,133,702.0,93.47941,39.520591735839844
S001,P0003,2023-09-29,91,564.0,92.48364,-1.483642578125
S001,P0003,2023-09-30,110,458.0,86.94245,23.05754852294922
S001,P0003,2023-10-01,88,370.0,87.18726,0.8127365112304688
S001,P0003,2023-10-02,179,302.0,121.62446,57.37554168701172
S001,P0003,2023-10-03,86,101.0,93.17757,-7.1775665283203125
S001,P0003,2023-10-04,99,399.0,92.675026,6.324974060058594
S001,P0003,2023-10-05,148,298.0,116.58861,31.411392211914062
S001,P0003,2023-10-06,174,889.0,131.74355,42.25645446777344
S001,P0003,2023-10-07,67,734.0,74.29778,-7.297782897949219
S001,P0003,2023-10-08,114,662.0,85.68849,28.311508178710938
S001,P0003,2023-10-09,87,577.0,97.94553,-10.945533752441406
S001,P0003,2023-10-10,145,513.0,89.09089,55.90911102294922
S001,P0003,2023-10-11,191,397.0,125.1436,65.85639953613281
S001,P0003,2023-10-12,76,242.0,69.55517,6.444831848144531
S001,P0003,2023-10-13,57,175.0,68.21802,-11.218017578125
S001,P0003,2023-10-14,67,784.0,66.67662,0.3233795166015625
S001,P0003,2023-10-15,80,726.0,76.51956,3.480438232421875
S001,P0003,2023-10-16,76,663.0,73.62387,2.376129150390625
S001,P0003,2023-10-17,230,591.0,118.36783,111.63217163085938
S001,P0003,2023-10-18,108,320.0,90.541985,17.45801544189453
S001,P0003,2023-10-19,114,227.0,105.5669,8.433097839355469
S001,P0003,2023-10-20,150,101.0,96.242065,53.7579345703125
S001,P0003,2023-10-21,140,818.0,95.03984,44.96015930175781
S001,P0003,2023-10-22,105,681.0,76.14673,28.853271484375
S001,P0003,2023-10-23,167,557.0,113.60282,53.397178649902344
S001,P0003,2023-10-24,80,374.0,73.55272,6.4472808837890625
S001,P0003,2023-10-25,150,295.0,121.47345,28.52655029296875
S001,P0003,2023-10-26,87,140.0,88.41379,-1.413787841796875
S001,P0003,2023-10-27,82,741.0,86.783424,-4.783424377441406
S001,P0003,2023-10-28,131,686.0,106.540825,24.45917510986328
S001,P0003,2023-10-29,174,591.0,113.775345,60.22465515136719
S001,P0003,2023-10-30,86,455.0,83.1261,2.8739013671875
S001,P0003,2023-10-31,106,387.0,88.63732,17.36267852783203
S001,P0003,2023-11-01,119,285.0,92.40906,26.5909423828125
S001,P0003,2023-11-02,113,875.0,106.14467,6.8553314208984375
S001,P0003,2023-11-03,70,746.0,102.34909,-32.349090576171875
S001,P0003,2023-11-04,86,667.0,93.71028,-7.7102813720703125
S001,P0003,2023-11-05,102,595.0,87.67518,14.324821472167969
S001,P0003,2023-11-06,140,495.0,119.57879,20.42121124267578
S001,P0003,2023-11-07,105,409.0,91.47546,13.524543762207031
S001,P0003,2023-11-08,214,289.0,126.441246,87.55875396728516
S001,P0003,2023-11-09,96,49.0,94.341156,1.658843994140625
S001,P0003,2023-11-10,115,569.0,99.72462,15.275382995605469
S001,P0003,2023-11-11,128,437.0,124.176704,3.8232955932617188
S001,P0003,2023-11-12,138,1242.0,124.70061,13.299392700195312
S001,P0003,2023-11-13,159,1092.0,123.34221,35.65779113769531
S001,P0003,2023-11-14,130,907.0,110.8426,19.15740203857422
S001,P0003,2023-11-15,149,816.0,147.51157,1.488433837890625
S001,P0003,2023-11-16,120,716.0,98.3556,21.64440155029297
S001,P0003,2023-11-17,107,576.0,93.09883,13.901168823242188
S001,P0003,2023-11-18,154,484.0,126.786255,27.2137451171875
S001,P0003,2023-11-19,130,318.0,122.378204,7.621795654296875
S001,P0003,2023-11-20,125,221.0,103.79323,21.206771850585938
S001,P0003,2023-11-21,107,82.0,95.0315,11.968498229980469
S001,P0003,2023-11-22,139,656.0,109.03425,29.96575164794922
S001,P0003,2023-11-23,125,507.0,116.98099,8.019012451171875
S001,P0003,2023-11-24,102,368.0,86.45621,15.543792724609375
S001,P0003,2023-11-25,90,275.0,87.886734,2.1132659912109375
S001,P0003,2023-11-26,178,179.0,114.456055,63.5439453125
S001,P0003,2023-11-27,144,524.0,129.54576,14.454238891601562
S001,P0003,2023-11-28,41,382.0,108.69071,-67.69071197509766
S001,P0003,2023-11-29,103,341.0,95.94579,7.054206848144531
S001,P0003,2023-11-30,135,1032.0,106.87649,28.123512268066406
S001,P0003,2023-12-01,227,888.0,140.10599,86.89401245117188
S001,P0003,2023-12-02,209,704.0,165.37883,43.62117004394531
S001,P0003,2023-12-03,181,561.0,112.013176,68.98682403564453
S001,P0003,2023-12-04,134,390.0,106.11905,27.880950927734375
S001,P0003,2023-12-05,133,1069.0,107.24823,25.75177001953125
S001,P0003,2023-12-06,183,941.0,143.30966,39.690338134765625
S001,P0003,2023-12-07,123,722.0,120.284325,2.7156753540039062
S001,P0003,2023-12-08,92,629.0,108.96294,-16.962936401367188
S001,P0003,2023-12-09,162,534.0,139.78261,22.217391967773438
S001,P0003,2023-12-10,201,408.0,135.01622,65.98377990722656
S001,P0003,2023-12-11,203,195.0,128.05132,74.94868469238281
S001,P0003,2023-12-12,181,31.0,118.65586,62.344139099121094
S001,P0003,2023-12-13,130,586.0,92.30054,37.699462890625
S001,P0003,2023-12-14,133,434.0,109.73674,23.263259887695312
S001,P0003,2023-12-15,71,1195.0,104.91741,-33.91741180419922
S001,P0003,2023-12-16,187,1147.0,177.21497,9.7850341796875
S001,P0003,2023-12-17,114,957.0,90.870575,23.129425048828125
S001,P0003,2023-12-18,176,866.0,136.81313,39.18687438964844
S001,P0003,2023-12-19,129,706.0,122.72746,6.2725372314453125
S001,P0003,2023-12-20,179,588.0,123.902336,55.09766387939453
S001,P0003,2023-12-21,192,467.0,116.15668,75.84332275390625
S001,P0003,2023-12-22,162,328.0,114.303764,47.69623565673828
S001,P0003,2023-12-23,134,183.0,101.10871,32.89128875732422
S001,P0003,2023-12-24,135,903.0,108.22646,26.773536682128906
S001,P0003,2023-12-25,100,809.0,104.246185,-4.246185302734375
S001,P0003,2023-12-26,91,701.0,111.55587,-20.555870056152344
S001,P0003,2023-12-27,128,646.0,102.2632,25.736801147460938
S001,P0003,2023-12-28,183,554.0,107.68968,75.31031799316406
S001,P0003,2023-12-29,153,346.0,98.4671,54.53289794921875
S001,P0003,2023-12-30,80,233.0,60.753204,19.246795654296875
S001,P0003,2023-12-31,4,183.0,77.72611,-73.72611236572266
S001,P0003,2024-01-01,104,914.0,73.65851,30.34149169921875
S001,P0003,2024-01-02,126,792.0,87.20554,38.794456481933594
S001,P0003,2024-01-03,175,646.0,101.93509,73.06491088867188
S001,P0003,2024-01-04,78,499.0,64.625496,13.374504089355469
S001,P0003,2024-01-05,161,438.0,81.365486,79.63451385498047
S001,P0003,2024-01-06,188,314.0,112.60413,75.39586639404297
S001,P0003,2024-01-07,108,948.0,98.2614,9.738601684570312
S001,P0003,2024-01-08,108,830.0,96.52519,11.474807739257812
S001,P0003,2024-01-09,54,757.0,103.002754,-49.00275421142578
S001,P0003,2024-01-10,124,725.0,120.60478,3.3952178955078125
S001,P0003,2024-01-11,168,598.0,131.44312,36.556884765625
S001,P0003,2024-01-12,105,466.0,97.27859,7.721412658691406
S001,P0003,2024-01-13,125,356.0,100.65372,24.346282958984375
S001,P0003,2024-01-14,66,247.0,94.54512,-28.545120239257812
S001,P0003,2024-01-15,107,827.0,93.364944,13.635055541992188
S001,P0003,2024-01-16,145,759.0,133.00636,11.993637084960938
S001,P0003,2024-01-17,88,643.0,93.572235,-5.572235107421875
S001,P0003,2024-01-18,110,574.0,97.05076,12.949241638183594
S001,P0003,2024-01-19,136,480.0,124.85155,11.148452758789062
S001,P0003,2024-01-20,109,354.0,90.87077,18.129226684570312
S001,P0003,2024-01-21,96,287.0,92.71068,3.2893218994140625
S001,P0003,2024-01-22,182,207.0,122.64983,59.35016632080078
S001,P0003,2024-01-23,101,574.0,94.8383,6.1616973876953125
S001,P0003,2024-01-24,238,514.0,136.55905,101.44094848632812
S001,P0003,2024-01-25,215,343.0,103.63942,111.36058044433594
S001,P0003,2024-01-26,95,949.0,85.54795,9.452049255371094
S001,P0003,2024-01-27,69,874.0,85.04774,-16.04773712158203
S001,P0003,2024-01-28,192,809.0,136.53442,55.465576171875
S001,P0003,2024-01-29,198,656.0,122.749275,75.25072479248047
S001,P0003,2024-01-30,137,434.0,108.9376,28.062400817871094
S001,P0004,2023-09-07,103,555.0,123.762634,-20.76263427734375
S001,P0004,2023-09-08,85,457.0,90.522194,-5.522193908691406
S001,P0004,2023-09-09,71,357.0,92.602036,-21.602035522460938
S001,P0004,2023-09-10,100,294.0,92.43666,7.5633392333984375
S001,P0004,2023-09-11,85,189.0,94.043526,-9.043525695800781
S001,P0004,2023-09-12,102,136.0,97.49239,4.507606506347656
S001,P0004,2023-09-13,114,210.0,126.07095,-12.070953369140625
S001,P0004,2023-09-14,71,109.0,94.98737,-23.98737335205078
S001,P0004,2023-09-15,114,253.0,122.16429,-8.164291381835938
S001,P0004,2023-09-16,121,124.0,135.7808,-14.780807495117188
S001,P0004,2023-09-17,115,272.0,108.728134,6.2718658447265625
S001,P0004,2023-09-18,129,189.0,131.77788,-2.7778778076171875
S001,P0004,2023-09-19,183,254.0,146.91914,36.08085632324219
S001,P0004,2023-09-20,88,93.0,96.16679,-8.166786193847656
S001,P0004,2023-09-21,41,324.0,88.36037,-47.36036682128906
S001,P0004,2023-09-22,132,299.0,135.66008,-3.6600799560546875
S001,P0004,2023-09-23,153,207.0,147.13751,5.86248779296875
S001,P0004,2023-09-24,56,292.0,96.807365,-40.80736541748047
S001,P0004,2023-09-25,77,241.0,99.48935,-22.489349365234375
S001,P0004,2023-09-26,72,174.0,95.00436,-23.004356384277344
S001,P0004,2023-09-27,107,101.0,94.6787,12.321296691894531
S001,P0004,2023-09-28,135,117.0,135.41461,-0.41461181640625
S001,P0004,2023-09-29,99,228.0,95.5794,3.4206008911132812
S001,P0004,2023-09-30,89,117.0,101.33532,-12.335319519042969
S001,P0004,2023-10-01,89,249.0,96.94846,-7.948463439941406
S001,P0004,2023-10-02,124,165.0,133.13123,-9.1312255859375
S001,P0004,2023-10-03,68,61.0,98.74425,-30.744247436523438
S001,P0004,2023-10-04,100,234.0,123.45801,-23.4580078125
S001,P0004,2023-10-05,44,124.0,91.04217,-47.04216766357422
S001,P0004,2023-10-06,146,233.0,97.897514,48.10248565673828
S001,P0004,2023-10-07,75,127.0,126.08005,-51.080047607421875
S001,P0004,2023-10-08,90,309.0,91.43379,-1.4337921142578125
S001,P0004,2023-10-09,47,240.0,88.86186,-41.86186218261719
S001,P0004,2023-10-10,38,195.0,77.98693,-39.98693084716797
S001,P0004,2023-10-11,72,155.0,93.58985,-21.58985137939453
S001,P0004,2023-10-12,57,104.0,81.793755,-24.79375457763672
S001,P0004,2023-10-13,44,220.0,96.21741,-52.2174072265625
S001,P0004,2023-10-14,50,171.0,58.36822,-8.368221282958984
S001,P0004,2023-10-15,48,123.0,51.84286,-3.8428611755371094
S001,P0004,2023-10-16,49,91.0,47.63422,1.3657798767089844
S001,P0004,2023-10-17,69,129.0,56.274593,12.725406646728516
S001,P0004,2023-10-18,71,48.0,52.87627,18.123729705810547
S001,P0004,2023-10-19,113,135.0,65.30342,47.69657897949219
S001,P0004,2023-10-20,99,182.0,80.693375,18.306625366210938
S001,P0004,2023-10-21,66,328.0,57.53387,8.466129302978516
S001,P0004,2023-10-22,37,265.0,55.034046,-18.034046173095703
S001,P0004,2023-10-23,45,221.0,51.444714,-6.444713592529297
S001,P0004,2023-10-24,42,170.0,50.553856,-8.553855895996094
S001,P0004,2023-10-25,96,130.0,67.322716,28.677284240722656
S001,P0004,2023-10-26,62,24.0,63.32358,-1.3235816955566406
S001,P0004,2023-10-27,131,176.0,68.02628,62.973716735839844
S001,P0004,2023-10-28,133,76.0,89.26875,43.73124694824219
S001,P0004,2023-10-29,90,248.0,69.40877,20.591232299804688
S001,P0004,2023-10-30,56,190.0,65.62137,-9.621368408203125
S001,P0004,2023-10-31,88,144.0,69.27329,18.726707458496094
S001,P0004,2023-11-01,114,90.0,93.387665,20.612335205078125
S001,P0004,2023-11-02,66,174.0,76.93613,-10.936126708984375
S001,P0004,2023-11-03,94,320.0,76.45061,17.549392700195312
S001,P0004,2023-11-04,104,249.0,90.235245,13.764755249023438
S001,P0004,2023-11-05,115,139.0,88.893135,26.10686492919922
S001,P0004,2023-11-06,94,313.0,69.81211,24.187889099121094
S001,P0004,2023-11-07,92,223.0,72.20563,19.79437255859375
S001,P0004,2023-11-08,118,167.0,95.83236,22.167640686035156
S001,P0004,2023-11-09,141,260.0,76.60112,64.39888000488281
S001,P0004,2023-11-10,88,92.0,89.2939,-1.2938995361328125
S001,P0004,2023-11-11,132,292.0,109.98321,22.01679229736328
S001,P0004,2023-11-12,108,167.0,85.03804,22.961959838867188
S001,P0004,2023-11-13,112,316.0,83.51403,28.48596954345703
S001,P0004,2023-11-14,95,184.0,88.97986,6.0201416015625
S001,P0004,2023-11-15,110,84.0,95.391335,14.608665466308594
S001,P0004,2023-11-16,48,161.0,93.78084,-45.78083801269531
S001,P0004,2023-11-17,49,335.0,83.433136,-34.433135986328125
S001,P0004,2023-11-18,103,283.0,102.81675,0.18325042724609375
S001,P0004,2023-11-19,212,219.0,125.073044,86.92695617675781
S001,P0004,2023-11-20,63,59.0,110.186035,-47.18603515625
S001,P0004,2023-11-21,98,497.0,95.140686,2.85931396484375
S001,P0004,2023-11-22,109,429.0,97.73684,11.263160705566406
S001,P0004,2023-11-23,81,331.0,127.761375,-46.761375427246094
S001,P0004,2023-11-24,94,251.0,130.59682,-36.59681701660156
S001,P0004,2023-11-25,84,185.0,96.29938,-12.29937744140625
S001,P0004,2023-11-26,116,121.0,106.15311,9.846893310546875
S001,P0004,2023-11-27,126,203.0,92.6178,33.3822021484375
S001,P0004,2023-11-28,98,82.0,123.006775,-25.00677490234375
S001,P0004,2023-11-29,122,243.0,100.58455,21.415451049804688
S001,P0004,2023-11-30,125,143.0,107.1357,17.864303588867188
S001,P0004,2023-12-01,90,293.0,115.30968,-25.309677124023438
S001,P0004,2023-12-02,114,235.0,105.127655,8.872344970703125
S001,P0004,2023-12-03,20,108.0,103.635,-83.63500213623047
S001,P0004,2023-12-04,82,277.0,103.76299,-21.76299285888672
S001,P0004,2023-12-05,133,225.0,137.523,-4.5229949951171875
S001,P0004,2023-12-06,152,131.0,153.9009,-1.9008941650390625
S001,P0004,2023-12-07,87,213.0,106.48348,-19.483482360839844
S001,P0004,2023-12-08,99,432.0,101.06211,-2.0621109008789062
S001,P0004,2023-12-09,78,333.0,99.94444,-21.944442749023438
S001,P0004,2023-12-10,93,252.0,97.77987,-4.779869079589844
S001,P0004,2023-12-11,101,172.0,131.87407,-30.874069213867188
S001,P0004,2023-12-12,151,68.0,144.91815,6.08184814453125
S001,P0004,2023-12-13,90,214.0,102.477615,-12.477615356445312
S001,P0004,2023-12-14,85,468.0,101.62755,-16.627548217773438
S001,P0004,2023-12-15,104,377.0,98.12091,5.87908935546875
S001,P0004,2023-12-16,109,261.0,132.24359,-23.24359130859375
S001,P0004,2023-12-17,85,187.0,106.70047,-21.700469970703125
S001,P0004,2023-12-18,155,341.0,111.35038,43.649620056152344
S001,P0004,2023-12-19,110,217.0,102.865295,7.13470458984375
S001,P0004,2023-12-20,64,458.0,100.152885,-36.15288543701172
S001,P0004,2023-12-21,152,403.0,116.30407,35.69593048095703
S001,P0004,2023-12-22,99,284.0,128.92035,-29.92034912109375
S001,P0004,2023-12-23,55,171.0,98.809494,-43.80949401855469
S001,P0004,2023-12-24,213,136.0,175.1149,37.885101318359375
S001,P0004,2023-12-25,119,0.0,152.84448,-33.844482421875
S001,P0004,2023-12-26,107,472.0,112.8849,-5.8849029541015625
S001,P0004,2023-12-27,36,398.0,91.23506,-55.23506164550781
S001,P0004,2023-12-28,63,371.0,134.26004,-71.26004028320312
S001,P0004,2023-12-29,39,305.0,92.183014,-53.183013916015625
S001,P0004,2023-12-30,42,269.0,92.430695,-50.430694580078125
S001,P0004,2023-12-31,48,228.0,76.52051,-28.5205078125
S001,P0004,2024-01-01,19,190.0,40.376472,-21.37647247314453
S001,P0004,2024-01-02,46,169.0,42.027473,3.9725265502929688
S001,P0004,2024-01-03,38,138.0,40.221184,-2.2211837768554688
S001,P0004,2024-01-04,13,106.0,31.930738,-18.93073844909668
S001,P0004,2024-01-05,55,96.0,29.686739,25.313261032104492
S001,P0004,2024-01-06,19,33.0,29.014465,-10.01446533203125
S001,P0004,2024-01-07,49,145.0,47.40792,1.5920791625976562
S001,P0004,2024-01-08,79,101.0,34.035862,44.96413803100586
S001,P0004,2024-01-09,105,39.0,63.91009,41.089908599853516
S001,P0004,2024-01-10,100,145.0,67.39569,32.60430908203125
S001,P0004,2024-01-11,149,217.0,85.54453,63.455467224121094
S001,P0004,2024-01-12,140,110.0,104.29252,35.707481384277344
S001,P0004,2024-01-13,151,259.0,78.07354,72.92646026611328
S001,P0004,2024-01-14,128,138.0,114.99277,13.007232666015625
S001,P0004,2024-01-15,89,354.0,93.96668,-4.966682434082031
S001,P0004,2024-01-16,64,251.0,103.571655,-39.5716552734375
S001,P0004,2024-01-17,84,205.0,84.216194,-0.21619415283203125
S001,P0004,2024-01-18,157,120.0,116.96652,40.033477783203125
S001,P0004,2024-01-19,101,200.0,89.69763,11.3023681640625
S001,P0004,2024-01-20,135,451.0,106.49177,28.50823211669922
S001,P0004,2024-01-21,162,316.0,120.10674,41.89325714111328
S001,P0004,2024-01-22,91,154.0,92.80454,-1.8045425415039062
S001,P0004,2024-01-23,35,316.0,82.75521,-47.755210876464844
S001,P0004,2024-01-24,126,291.0,96.835686,29.16431427001953
S001,P0004,2024-01-25,89,203.0,94.98505,-5.98504638671875
S001,P0004,2024-01-26,67,380.0,115.33875,-48.33875274658203
S001,P0004,2024-01-27,114,317.0,78.28755,35.71244812011719
S001,P0004,2024-01-28,108,214.0,101.055595,6.944404602050781
S001,P0004,2024-01-29,76,138.0,75.08212,0.917877197265625
S001,P0004,2024-01-30,84,241.0,78.54828,5.45172119140625
S001,P0005,2023-09-07,112,1651.0,118.551476,-6.551475524902344
S001,P0005,2023-09-08,114,1559.0,116.61616,-2.6161575317382812
S001,P0005,2023-09-09,72,1482.0,93.73414,-21.73413848876953
S001,P0005,2023-09-10,110,1406.0,98.37124,11.628761291503906
S001,P0005,2023-09-11,125,1325.0,101.94376,23.056236267089844
S001,P0005,2023-09-12,113,1195.0,106.063255,6.936744689941406
S001,P0005,2023-09-13,146,1097.0,108.9933,37.00669860839844
S001,P0005,2023-09-14,128,978.0,114.50224,13.497756958007812
S001,P0005,2023-09-15,143,878.0,114.33345,28.666549682617188
S001,P0005,2023-09-16,156,739.0,140.61783,15.382171630859375
S001,P0005,2023-09-17,162,627.0,116.19374,45.80625915527344
S001,P0005,2023-09-18,79,434.0,99.40027,-20.4002685546875
S001,P0005,2023-09-19,84,373.0,91.116936,-7.116935729980469
S001,P0005,2023-09-20,93,294.0,89.096016,3.9039840698242188
S001,P0005,2023-09-21,125,880.0,127.97037,-2.970367431640625
S001,P0005,2023-09-22,154,763.0,124.72189,29.278106689453125
S001,P0005,2023-09-23,130,606.0,125.619576,4.380424499511719
S001,P0005,2023-09-24,136,475.0,124.02237,11.977630615234375
S001,P0005,2023-09-25,126,349.0,116.37771,9.622291564941406
S001,P0005,2023-09-26,103,200.0,105.4945,-2.4944992065429688
S001,P0005,2023-09-27,176,631.0,136.6837,39.31629943847656
S001,P0005,2023-09-28,90,441.0,85.66607,4.333930969238281
S001,P0005,2023-09-29,168,345.0,107.429146,60.57085418701172
S001,P0005,2023-09-30,56,214.0,93.60014,-37.60014343261719
S001,P0005,2023-10-01,82,832.0,93.27666,-11.276657104492188
S001,P0005,2023-10-02,125,752.0,102.27611,22.723892211914062
S001,P0005,2023-10-03,115,606.0,129.33281,-14.332809448242188
S001,P0005,2023-10-04,113,519.0,106.354645,6.645355224609375
S001,P0005,2023-10-05,137,410.0,110.71362,26.286376953125
S001,P0005,2023-10-06,88,256.0,95.28412,-7.28411865234375
S001,P0005,2023-10-07,49,163.0,76.10399,-27.103988647460938
S001,P0005,2023-10-08,66,589.0,73.96533,-7.96533203125
S001,P0005,2023-10-09,97,546.0,105.34861,-8.348609924316406
S001,P0005,2023-10-10,53,476.0,105.777985,-52.777984619140625
S001,P0005,2023-10-11,54,428.0,76.699486,-22.699485778808594
S001,P0005,2023-10-12,102,386.0,90.92787,11.072128295898438
S001,P0005,2023-10-13,79,318.0,95.130264,-16.130264282226562
S001,P0005,2023-10-14,153,251.0,97.42265,55.57734680175781
S001,P0005,2023-10-15,50,159.0,76.31532,-26.315322875976562
S001,P0005,2023-10-16,114,446.0,86.5044,27.49559783935547
S001,P0005,2023-10-17,56,363.0,73.53182,-17.531822204589844
S001,P0005,2023-10-18,37,964.0,71.501335,-34.50133514404297
S001,P0005,2023-10-19,109,935.0,72.97016,36.02983856201172
S001,P0005,2023-10-20,66,854.0,62.55793,3.4420700073242188
S001,P0005,2023-10-21,80,794.0,76.08238,3.9176177978515625
S001,P0005,2023-10-22,128,709.0,95.4733,32.526702880859375
S001,P0005,2023-10-23,75,621.0,98.85394,-23.85394287109375
S001,P0005,2023-10-24,44,541.0,88.78034,-44.78034210205078
S001,P0005,2023-10-25,93,501.0,79.73251,13.267486572265625
S001,P0005,2023-10-26,79,403.0,76.16902,2.8309783935546875
S001,P0005,2023-10-27,168,313.0,81.04632,86.95368194580078
S001,P0005,2023-10-28,136,207.0,85.920525,50.07947540283203
S001,P0005,2023-10-29,125,73.0,86.78666,38.213340759277344
S001,P0005,2023-10-30,178,350.0,87.262726,90.73727416992188
S001,P0005,2023-10-31,86,1042.0,77.0829,8.917098999023438
S001,P0005,2023-11-01,143,939.0,114.4021,28.597900390625
S001,P0005,2023-11-02,102,797.0,98.67528,3.3247222900390625
S001,P0005,2023-11-03,182,700.0,136.35321,45.64678955078125
S001,P0005,2023-11-04,59,578.0,138.44736,-79.44735717773438
S001,P0005,2023-11-05,116,518.0,128.45366,-12.453659057617188
S001,P0005,2023-11-06,101,381.0,86.38125,14.618751525878906
S001,P0005,2023-11-07,98,1113.0,93.54343,4.456573486328125
S001,P0005,2023-11-08,149,1023.0,106.392395,42.60760498046875
S001,P0005,2023-11-09,83,868.0,77.46385,5.5361480712890625
S001,P0005,2023-11-10,139,792.0,100.97706,38.02294158935547
S001,P0005,2023-11-11,93,694.0,89.35036,3.6496429443359375
S001,P0005,2023-11-12,135,592.0,95.90069,39.09931182861328
S001,P0005,2023-11-13,180,479.0,114.88186,65.1181411743164
S001,P0005,2023-11-14,185,297.0,124.13096,60.869041442871094
S001,P0005,2023-11-15,81,183.0,87.429565,-6.4295654296875
S001,P0005,2023-11-16,116,550.0,105.244675,10.755325317382812
S001,P0005,2023-11-17,54,418.0,89.89882,-35.89881896972656
S001,P0005,2023-11-18,57,1181.0,97.74573,-40.7457275390625
S001,P0005,2023-11-19,155,1144.0,129.51326,25.486740112304688
S001,P0005,2023-11-20,180,962.0,134.35303,45.64697265625
S001,P0005,2023-11-21,102,797.0,99.87973,2.120269775390625
S001,P0005,2023-11-22,184,677.0,105.35606,78.6439437866211
S001,P0005,2023-11-23,168,530.0,137.47922,30.520782470703125
S001,P0005,2023-11-24,70,413.0,91.2028,-21.202796936035156
S001,P0005,2023-11-25,173,359.0,139.1779,33.82209777832031
S001,P0005,2023-11-26,95,902.0,106.33501,-11.335006713867188
S001,P0005,2023-11-27,158,830.0,119.32545,38.67455291748047
S001,P0005,2023-11-28,113,694.0,107.87674,5.123260498046875
S001,P0005,2023-11-29,78,612.0,90.49237,-12.49237060546875
S001,P0005,2023-11-30,146,547.0,110.21784,35.78215789794922
S001,P0005,2023-12-01,150,453.0,128.99266,21.007339477539062
S001,P0005,2023-12-02,118,306.0,103.341774,14.658226013183594
S001,P0005,2023-12-03,121,173.0,117.13275,3.86724853515625
S001,P0005,2023-12-04,101,591.0,114.25674,-13.256736755371094
S001,P0005,2023-12-05,132,502.0,137.20581,-5.205810546875
S001,P0005,2023-12-06,111,381.0,113.4141,-2.4141006469726562
S001,P0005,2023-12-07,130,276.0,125.12628,4.87371826171875
S001,P0005,2023-12-08,125,184.0,114.95516,10.044837951660156
S001,P0005,2023-12-09,79,673.0,97.2205,-18.220497131347656
S001,P0005,2023-12-10,100,615.0,94.4755,5.524497985839844
S001,P0005,2023-12-11,99,510.0,97.50329,1.4967117309570312
S001,P0005,2023-12-12,198,432.0,133.58347,64.41653442382812
S001,P0005,2023-12-13,69,308.0,93.20812,-24.20812225341797
S001,P0005,2023-12-14,181,257.0,138.9192,42.08079528808594
S001,P0005,2023-12-15,136,70.0,137.42708,-1.4270782470703125
S001,P0005,2023-12-16,103,905.0,136.52641,-33.52641296386719
S001,P0005,2023-12-17,158,791.0,147.55176,10.4482421875
S001,P0005,2023-12-18,138,659.0,107.7607,30.239303588867188
S001,P0005,2023-12-19,159,568.0,135.66632,23.33367919921875
S001,P0005,2023-12-20,80,422.0,82.83906,-2.8390579223632812
S001,P0005,2023-12-21,100,357.0,104.59863,-4.5986328125
S001,P0005,2023-12-22,183,295.0,141.56172,41.43827819824219
S001,P0005,2023-12-23,43,825.0,102.69121,-59.69120788574219
S001,P0005,2023-12-24,113,779.0,113.3274,-0.32740020751953125
S001,P0005,2023-12-25,59,661.0,81.174355,-22.174354553222656
S001,P0005,2023-12-26,129,604.0,115.98081,13.019187927246094
S001,P0005,2023-12-27,57,504.0,74.482185,-17.48218536376953
S001,P0005,2023-12-28,93,436.0,104.506584,-11.506584167480469
S001,P0005,2023-12-29,56,365.0,64.38287,-8.38287353515625
S001,P0005,2023-12-30,76,916.0,68.79267,7.207328796386719
S001,P0005,2023-12-31,38,839.0,66.819244,-28.819244384765625
S001,P0005,2024-01-01,54,799.0,51.725567,2.274433135986328
S001,P0005,2024-01-02,126,754.0,72.56806,53.43193817138672
S001,P0005,2024-01-03,79,623.0,87.962105,-8.962104797363281
S001,P0005,2024-01-04,56,558.0,52.675762,3.324237823486328
S001,P0005,2024-01-05,96,513.0,71.903015,24.09698486328125
S001,P0005,2024-01-06,145,423.0,57.091858,87.90814208984375
S001,P0005,2024-01-07,56,249.0,56.309265,-0.30926513671875
S001,P0005,2024-01-08,74,205.0,51.57616,22.423839569091797
S001,P0005,2024-01-09,143,135.0,93.36475,49.63524627685547
S001,P0005,2024-01-10,135,576.0,90.1287,44.871299743652344
S001,P0005,2024-01-11,90,428.0,84.67169,5.32830810546875
S001,P0005,2024-01-12,91,351.0,87.97122,3.028778076171875
S001,P0005,2024-01-13,128,291.0,88.607765,39.392234802246094
S001,P0005,2024-01-14,118,755.0,84.101944,33.89805603027344
S001,P0005,2024-01-15,51,638.0,84.76198,-33.76197814941406
S001,P0005,2024-01-16,132,590.0,109.89955,22.100448608398438
S001,P0005,2024-01-17,159,432.0,91.910835,67.08916473388672
S001,P0005,2024-01-18,163,265.0,99.27192,63.72808074951172
S001,P0005,2024-01-19,98,129.0,119.69753,-21.697532653808594
S001,P0005,2024-01-20,174,495.0,123.601814,50.39818572998047
S001,P0005,2024-01-21,197,345.0,131.59459,65.40541076660156
S001,P0005,2024-01-22,68,736.0,102.20915,-34.20915222167969
S001,P0005,2024-01-23,81,687.0,96.7423,-15.742301940917969
S001,P0005,2024-01-24,127,602.0,129.67319,-2.673187255859375
S001,P0005,2024-01-25,169,1466.0,105.7085,63.29149627685547
S001,P0005,2024-01-26,166,1359.0,139.23813,26.761871337890625
S001,P0005,2024-01-27,183,1208.0,146.41203,36.58796691894531
S001,P0005,2024-01-28,83,1094.0,80.533035,2.4669647216796875
S001,P0005,2024-01-29,123,1024.0,116.46434,6.5356597900390625
S001,P0005,2024-01-30,29,946.0,96.217285,-67.21728515625
S001,P0006,2023-09-07,81,320.0,121.28749,-40.28749084472656
S001,P0006,2023-09-08,89,237.0,94.137535,-5.137535095214844
S001,P0006,2023-09-09,119,133.0,122.24374,-3.2437362670898438
S001,P0006,2023-09-10,98,50.0,94.104195,3.8958053588867188
S001,P0006,2023-09-11,107,255.0,96.16869,10.831306457519531
S001,P0006,2023-09-12,73,529.0,94.33447,-21.33447265625
S001,P0006,2023-09-13,89,480.0,95.62961,-6.629608154296875
S001,P0006,2023-09-14,80,406.0,92.59728,-12.597282409667969
S001,P0006,2023-09-15,100,333.0,96.83592,3.1640777587890625
S001,P0006,2023-09-16,73,240.0,91.20057,-18.20056915283203
S001,P0006,2023-09-17,122,186.0,103.92813,18.071868896484375
S001,P0006,2023-09-18,39,354.0,86.977806,-47.977806091308594
S001,P0006,2023-09-19,89,308.0,88.76484,0.23516082763671875
S001,P0006,2023-09-20,95,225.0,95.59164,-0.5916366577148438
S001,P0006,2023-09-21,80,139.0,90.32519,-10.325187683105469
S001,P0006,2023-09-22,130,356.0,91.837395,38.16260528564453
S001,P0006,2023-09-23,130,219.0,121.74809,8.251907348632812
S001,P0006,2023-09-24,62,102.0,93.3326,-31.332603454589844
S001,P0006,2023-09-25,124,506.0,125.12701,-1.1270065307617188
S001,P0006,2023-09-26,85,370.0,122.691154,-37.69115447998047
S001,P0006,2023-09-27,134,275.0,125.25988,8.740119934082031
S001,P0006,2023-09-28,74,141.0,118.52322,-44.523216247558594
S001,P0006,2023-09-29,111,73.0,98.4148,12.585197448730469
S001,P0006,2023-09-30,100,477.0,97.88636,2.1136398315429688
S001,P0006,2023-10-01,111,382.0,99.20399,11.796012878417969
S001,P0006,2023-10-02,55,277.0,95.5848,-40.584800720214844
S001,P0006,2023-10-03,99,228.0,101.01867,-2.0186691284179688
S001,P0006,2023-10-04,91,119.0,129.72284,-38.72283935546875
S001,P0006,2023-10-05,83,31.0,94.187416,-11.187416076660156
S001,P0006,2023-10-06,87,239.0,99.6507,-12.650703430175781
S001,P0006,2023-10-07,24,152.0,83.58888,-59.58888244628906
S001,P0006,2023-10-08,34,335.0,67.55183,-33.55182647705078
S001,P0006,2023-10-09,24,304.0,62.56824,-38.568241119384766
S001,P0006,2023-10-10,15,275.0,67.73631,-52.73631286621094
S001,P0006,2023-10-11,34,260.0,47.877483,-13.877483367919922
S001,P0006,2023-10-12,33,235.0,34.857742,-1.8577423095703125
S001,P0006,2023-10-13,33,202.0,35.530056,-2.5300559997558594
S001,P0006,2023-10-14,35,163.0,34.733234,0.2667655944824219
S001,P0006,2023-10-15,30,123.0,41.71493,-11.71493148803711
S001,P0006,2023-10-16,39,98.0,49.08708,-10.087078094482422
S001,P0006,2023-10-17,33,62.0,37.95093,-4.950931549072266
S001,P0006,2023-10-18,32,120.0,38.67037,-6.670368194580078
S001,P0006,2023-10-19,47,84.0,37.380592,9.619407653808594
S001,P0006,2023-10-20,45,55.0,40.08138,4.918621063232422
S001,P0006,2023-10-21,37,100.0,40.57368,-3.573680877685547
S001,P0006,2023-10-22,41,228.0,47.574608,-6.574607849121094
S001,P0006,2023-10-23,26,187.0,50.23426,-24.23426055908203
S001,P0006,2023-10-24,37,168.0,34.251263,2.748737335205078
S001,P0006,2023-10-25,140,144.0,140.98523,-0.9852294921875
S001,P0006,2023-10-26,49,46.0,87.836914,-38.8369140625
S001,P0006,2023-10-27,72,3.0,91.96854,-19.968536376953125
S001,P0006,2023-10-28,147,463.0,114.9422,32.05780029296875
S001,P0006,2023-10-29,133,363.0,104.60962,28.390380859375
S001,P0006,2023-10-30,102,249.0,101.03898,0.9610214233398438
S001,P0006,2023-10-31,77,547.0,93.167435,-16.167434692382812
S001,P0006,2023-11-01,120,471.0,104.44959,15.550407409667969
S001,P0006,2023-11-02,53,373.0,97.7874,-44.78739929199219
S001,P0006,2023-11-03,63,316.0,93.3423,-30.342300415039062
S001,P0006,2023-11-04,62,247.0,90.433266,-28.433265686035156
S001,P0006,2023-11-05,109,179.0,103.669685,5.330314636230469
S001,P0006,2023-11-06,94,92.0,99.1246,-5.124603271484375
S001,P0006,2023-11-07,60,0.0,81.06324,-21.06324005126953
S001,P0006,2023-11-08,61,352.0,87.50735,-26.507347106933594
S001,P0006,2023-11-09,110,280.0,107.314926,2.6850738525390625
S001,P0006,2023-11-10,84,180.0,115.54529,-31.5452880859375
S001,P0006,2023-11-11,64,83.0,93.9054,-29.90540313720703
S001,P0006,2023-11-12,77,415.0,110.14034,-33.140342712402344
S001,P0006,2023-11-13,97,332.0,117.74331,-20.743309020996094
S001,P0006,2023-11-14,69,255.0,92.86977,-23.869766235351562
S001,P0006,2023-11-15,149,174.0,127.14388,21.856117248535156
S001,P0006,2023-11-16,124,75.0,97.481514,26.51848602294922
S001,P0006,2023-11-17,115,0.0,117.540184,-2.5401840209960938
S001,P0006,2023-11-18,32,510.0,116.835236,-84.83523559570312
S001,P0006,2023-11-19,103,488.0,98.4015,4.598503112792969
S001,P0006,2023-11-20,94,420.0,87.94433,6.055671691894531
S001,P0006,2023-11-21,126,323.0,102.4501,23.549896240234375
S001,P0006,2023-11-22,168,237.0,120.98495,47.015052795410156
S001,P0006,2023-11-23,66,47.0,92.73781,-26.737808227539062
S001,P0006,2023-11-24,96,401.0,97.59039,-1.59039306640625
S001,P0006,2023-11-25,52,335.0,96.91812,-44.918121337890625
S001,P0006,2023-11-26,103,300.0,102.851906,0.14809417724609375
S001,P0006,2023-11-27,114,227.0,114.95934,-0.9593429565429688
S001,P0006,2023-11-28,78,136.0,117.22352,-39.22351837158203
S001,P0006,2023-11-29,98,392.0,96.70706,1.292938232421875
S001,P0006,2023-11-30,75,288.0,93.08736,-18.087356567382812
S001,P0006,2023-12-01,69,224.0,86.69283,-17.692832946777344
S001,P0006,2023-12-02,138,167.0,97.61176,40.38823699951172
S001,P0006,2023-12-03,134,18.0,130.23285,3.76715087890625
S001,P0006,2023-12-04,99,209.0,102.55528,-3.5552825927734375
S001,P0006,2023-12-05,112,577.0,110.47164,1.5283584594726562
S001,P0006,2023-12-06,190,471.0,123.21327,66.78672790527344
S001,P0006,2023-12-07,85,271.0,137.49425,-52.49424743652344
S001,P0006,2023-12-08,195,218.0,123.566826,71.43317413330078
S001,P0006,2023-12-09,116,685.0,136.69055,-20.6905517578125
S001,P0006,2023-12-10,110,595.0,100.652885,9.347114562988281
S001,P0006,2023-12-11,88,495.0,104.94532,-16.94532012939453
S001,P0006,2023-12-12,151,419.0,135.17932,15.8206787109375
S001,P0006,2023-12-13,113,322.0,103.95678,9.043220520019531
S001,P0006,2023-12-14,162,248.0,96.45271,65.54728698730469
S001,P0006,2023-12-15,157,583.0,131.44594,25.554061889648438
S001,P0006,2023-12-16,85,402.0,113.78941,-28.789413452148438
S001,P0006,2023-12-17,102,320.0,144.01949,-42.01948547363281
S001,P0006,2023-12-18,130,242.0,138.63385,-8.63385009765625
S001,P0006,2023-12-19,84,118.0,109.27961,-25.27960968017578
S001,P0006,2023-12-20,78,274.0,107.1038,-29.103797912597656
S001,P0006,2023-12-21,127,204.0,131.49998,-4.4999847412109375
S001,P0006,2023-12-22,96,61.0,108.86002,-12.860023498535156
S001,P0006,2023-12-23,52,269.0,104.40753,-52.40753173828125
S001,P0006,2023-12-24,72,208.0,107.84096,-35.84095764160156
S001,P0006,2023-12-25,107,149.0,108.22431,-1.2243118286132812
S001,P0006,2023-12-26,38,82.0,103.51966,-65.51966094970703
S001,P0006,2023-12-27,41,218.0,81.37353,-40.37352752685547
S001,P0006,2023-12-28,35,535.0,66.69109,-31.69109344482422
S001,P0006,2023-12-29,13,498.0,59.920288,-46.9202880859375
S001,P0006,2023-12-30,21,487.0,42.59081,-21.590808868408203
S001,P0006,2023-12-31,44,467.0,45.822334,-1.8223342895507812
S001,P0006,2024-01-01,16,424.0,25.133745,-9.133745193481445
S001,P0006,2024-01-02,79,406.0,40.47554,38.52445983886719
S001,P0006,2024-01-03,22,315.0,43.903835,-21.90383529663086
S001,P0006,2024-01-04,26,289.0,35.797977,-9.797977447509766
S001,P0006,2024-01-05,15,264.0,31.997366,-16.997365951538086
S001,P0006,2024-01-06,24,248.0,23.004288,0.9957122802734375
S001,P0006,2024-01-07,48,220.0,26.861488,21.138511657714844
S001,P0006,2024-01-08,26,186.0,27.43657,-1.4365692138671875
S001,P0006,2024-01-09,83,164.0,108.8419,-25.841903686523438
S001,P0006,2024-01-10,53,92.0,98.25168,-45.251678466796875
S001,P0006,2024-01-11,85,42.0,117.472374,-32.472373962402344
S001,P0006,2024-01-12,110,240.0,135.89613,-25.896133422851562
S001,P0006,2024-01-13,81,170.0,99.28609,-18.286087036132812
S001,P0006,2024-01-14,72,376.0,88.98704,-16.987037658691406
S001,P0006,2024-01-15,75,303.0,92.12283,-17.122833251953125
S001,P0006,2024-01-16,60,230.0,91.90246,-31.90245819091797
S001,P0006,2024-01-17,58,173.0,95.36843,-37.368431091308594
S001,P0006,2024-01-18,51,113.0,96.11528,-45.11528015136719
S001,P0006,2024-01-19,44,71.0,94.44497,-50.444969177246094
S001,P0006,2024-01-20,103,168.0,103.66819,-0.6681900024414062
S001,P0006,2024-01-21,75,73.0,105.38766,-30.387657165527344
S001,P0006,2024-01-22,116,17.0,103.55619,12.443809509277344
S001,P0006,2024-01-23,125,255.0,113.201195,11.798805236816406
S001,P0006,2024-01-24,28,128.0,104.991486,-76.99148559570312
S001,P0006,2024-01-25,147,376.0,117.853874,29.14612579345703
S001,P0006,2024-01-26,67,225.0,102.61481,-35.61480712890625
S001,P0006,2024-01-27,80,165.0,102.16092,-22.160919189453125
S001,P0006,2024-01-28,127,613.0,119.785545,7.214454650878906
S001,P0006,2024-01-29,113,506.0,104.21272,8.787277221679688
S001,P0006,2024-01-30,96,436.0,99.311356,-3.3113555908203125
S001,P0007,2023-09-07,157,968.0,142.23422,14.765777587890625
S001,P0007,2023-09-08,143,780.0,155.15433,-12.154327392578125
S001,P0007,2023-09-09,117,635.0,147.11313,-30.113128662109375
S001,P0007,2023-09-10,126,526.0,119.26406,6.735939025878906
S001,P0007,2023-09-11,154,433.0,120.10032,33.899681091308594
S001,P0007,2023-09-12,131,274.0,113.56018,17.4398193359375
S001,P0007,2023-09-13,89,136.0,110.28649,-21.28649139404297
S001,P0007,2023-09-14,125,500.0,137.47345,-12.47344970703125
S001,P0007,2023-09-15,115,356.0,139.96819,-24.968185424804688
S001,P0007,2023-09-16,151,279.0,121.805725,29.19427490234375
S001,P0007,2023-09-17,84,150.0,114.43189,-30.43189239501953
S001,P0007,2023-09-18,129,609.0,145.97554,-16.975540161132812
S001,P0007,2023-09-19,154,501.0,150.67813,3.321868896484375
S001,P0007,2023-09-20,117,361.0,118.32743,-1.3274307250976562
S001,P0007,2023-09-21,127,244.0,130.56276,-3.5627593994140625
S001,P0007,2023-09-22,132,136.0,117.03827,14.96173095703125
S001,P0007,2023-09-23,175,513.0,145.00505,29.994949340820312
S001,P0007,2023-09-24,103,396.0,117.48875,-14.488746643066406
S001,P0007,2023-09-25,69,277.0,113.47898,-44.478981018066406
S001,P0007,2023-09-26,108,197.0,111.30911,-3.309112548828125
S001,P0007,2023-09-27,120,895.0,126.11043,-6.1104278564453125
S001,P0007,2023-09-28,88,798.0,128.77403,-40.77403259277344
S001,P0007,2023-09-29,157,693.0,117.758156,39.241844177246094
S001,P0007,2023-09-30,116,520.0,114.66097,1.3390274047851562
S001,P0007,2023-10-01,196,397.0,141.65213,54.347869873046875
S001,P0007,2023-10-02,224,184.0,150.00362,73.99638366699219
S001,P0007,2023-10-03,188,521.0,134.88704,53.11296081542969
S001,P0007,2023-10-04,68,305.0,111.543396,-43.54339599609375
S001,P0007,2023-10-05,151,229.0,121.863144,29.136856079101562
S001,P0007,2023-10-06,206,978.0,167.42596,38.57403564453125
S001,P0007,2023-10-07,109,823.0,119.976875,-10.976875305175781
S001,P0007,2023-10-08,113,712.0,101.92755,11.07244873046875
S001,P0007,2023-10-09,49,640.0,80.74259,-31.742591857910156
S001,P0007,2023-10-10,63,585.0,91.16731,-28.167312622070312
S001,P0007,2023-10-11,133,545.0,107.2657,25.734298706054688
S001,P0007,2023-10-12,77,447.0,83.119835,-6.119834899902344
S001,P0007,2023-10-13,117,369.0,84.87803,32.121971130371094
S001,P0007,2023-10-14,118,271.0,106.92445,11.075546264648438
S001,P0007,2023-10-15,74,629.0,86.34147,-12.341468811035156
S001,P0007,2023-10-16,80,569.0,90.981224,-10.981224060058594
S001,P0007,2023-10-17,75,519.0,92.87301,-17.873008728027344
S001,P0007,2023-10-18,75,436.0,108.233986,-33.233985900878906
S001,P0007,2023-10-19,91,388.0,86.6017,4.3983001708984375
S001,P0007,2023-10-20,108,300.0,82.81034,25.189659118652344
S001,P0007,2023-10-21,92,213.0,110.67321,-18.67321014404297
S001,P0007,2023-10-22,103,137.0,85.329,17.670997619628906
S001,P0007,2023-10-23,64,413.0,84.374596,-20.374595642089844
S001,P0007,2023-10-24,88,373.0,87.41205,0.58795166015625
S001,P0007,2023-10-25,128,314.0,125.87432,2.1256790161132812
S001,P0007,2023-10-26,84,171.0,94.08378,-10.083778381347656
S001,P0007,2023-10-27,94,99.0,93.444954,0.5550460815429688
S001,P0007,2023-10-28,140,410.0,101.97927,38.020729064941406
S001,P0007,2023-10-29,183,277.0,96.09428,86.90572357177734
S001,P0007,2023-10-30,89,122.0,92.97634,-3.9763412475585938
S001,P0007,2023-10-31,80,21.0,101.16885,-21.168853759765625
S001,P0007,2023-11-01,68,654.0,92.180855,-24.18085479736328
S001,P0007,2023-11-02,177,596.0,103.11976,73.88024139404297
S001,P0007,2023-11-03,103,446.0,99.316345,3.68365478515625
S001,P0007,2023-11-04,99,358.0,103.5991,-4.599098205566406
S001,P0007,2023-11-05,203,297.0,130.65953,72.34046936035156
S001,P0007,2023-11-06,173,851.0,112.98063,60.019371032714844
S001,P0007,2023-11-07,236,729.0,133.98888,102.01112365722656
S001,P0007,2023-11-08,204,516.0,109.462616,94.53738403320312
S001,P0007,2023-11-09,116,310.0,112.989746,3.01025390625
S001,P0007,2023-11-10,110,171.0,114.17706,-4.17706298828125
S001,P0007,2023-11-11,114,1152.0,132.46623,-18.466232299804688
S001,P0007,2023-11-12,92,1034.0,128.99709,-36.99708557128906
S001,P0007,2023-11-13,152,961.0,145.81047,6.1895294189453125
S001,P0007,2023-11-14,55,870.0,101.668846,-46.668846130371094
S001,P0007,2023-11-15,77,835.0,104.07925,-27.079246520996094
S001,P0007,2023-11-16,174,762.0,148.13737,25.862625122070312
S001,P0007,2023-11-17,134,597.0,150.77211,-16.772109985351562
S001,P0007,2023-11-18,139,491.0,148.31569,-9.315689086914062
S001,P0007,2023-11-19,145,375.0,114.71723,30.28276824951172
S001,P0007,2023-11-20,90,1020.0,119.83185,-29.83184814453125
S001,P0007,2023-11-21,96,940.0,136.49632,-40.49632263183594
S001,P0007,2023-11-22,131,837.0,148.60333,-17.60333251953125
S001,P0007,2023-11-23,141,755.0,138.78938,2.2106170654296875
S001,P0007,2023-11-24,140,587.0,118.918106,21.081893920898438
S001,P0007,2023-11-25,106,432.0,116.11864,-10.118637084960938
S001,P0007,2023-11-26,86,351.0,135.63266,-49.632659912109375
S001,P0007,2023-11-27,80,291.0,106.95786,-26.957862854003906
S001,P0007,2023-11-28,120,784.0,119.8038,0.196197509765625
S001,P0007,2023-11-29,113,673.0,118.01299,-5.012992858886719
S001,P0007,2023-11-30,89,573.0,111.87474,-22.874740600585938
S001,P0007,2023-12-01,141,514.0,114.38662,26.613380432128906
S001,P0007,2023-12-02,213,415.0,154.81053,58.18946838378906
S001,P0007,2023-12-03,129,209.0,119.372795,9.627204895019531
S001,P0007,2023-12-04,104,66.0,122.975525,-18.97552490234375
S001,P0007,2023-12-05,66,568.0,111.04499,-45.04499053955078
S001,P0007,2023-12-06,138,489.0,151.41656,-13.41656494140625
S001,P0007,2023-12-07,127,366.0,144.42566,-17.4256591796875
S001,P0007,2023-12-08,141,273.0,121.321175,19.67882537841797
S001,P0007,2023-12-09,113,115.0,114.0791,-1.0791015625
S001,P0007,2023-12-10,82,601.0,126.466255,-44.46625518798828
S001,P0007,2023-12-11,79,519.0,125.88942,-46.88941955566406
S001,P0007,2023-12-12,55,441.0,104.04588,-49.04588317871094
S001,P0007,2023-12-13,168,390.0,117.50377,50.49623107910156
S001,P0007,2023-12-14,68,195.0,99.40942,-31.40941619873047
S001,P0007,2023-12-15,100,140.0,125.65116,-25.651161193847656
S001,P0007,2023-12-16,193,57.0,140.01921,52.98078918457031
S001,P0007,2023-12-17,174,798.0,110.65121,63.348793029785156
S001,P0007,2023-12-18,115,659.0,109.53961,5.46038818359375
S001,P0007,2023-12-19,250,584.0,136.08981,113.91018676757812
S001,P0007,2023-12-20,65,1042.0,92.66149,-27.66149139404297
S001,P0007,2023-12-21,163,983.0,125.29886,37.701141357421875
S001,P0007,2023-12-22,135,849.0,126.88201,8.117988586425781
S001,P0007,2023-12-23,92,765.0,137.05634,-45.05633544921875
S001,P0007,2023-12-24,220,680.0,156.84882,63.15118408203125
S001,P0007,2023-12-25,102,441.0,116.70841,-14.708412170410156
S001,P0007,2023-12-26,126,380.0,112.213745,13.7862548828125
S001,P0007,2023-12-27,15,269.0,74.71418,-59.71417999267578
S001,P0007,2023-12-28,90,1167.0,70.405785,19.594215393066406
S001,P0007,2023-12-29,91,1086.0,85.679634,5.320365905761719
S001,P0007,2023-12-30,69,993.0,87.15754,-18.15753936767578
S001,P0007,2023-12-31,81,923.0,83.610535,-2.61053466796875
S001,P0007,2024-01-01,98,851.0,91.23846,6.761543273925781
S001,P0007,2024-01-02,83,734.0,75.89479,7.1052093505859375
S001,P0007,2024-01-03,61,648.0,89.93932,-28.93932342529297
S001,P0007,2024-01-04,105,602.0,81.07135,23.92864990234375
S001,P0007,2024-01-05,79,497.0,73.462204,5.5377960205078125
S001,P0007,2024-01-06,55,406.0,55.406765,-0.4067649841308594
S001,P0007,2024-01-07,46,371.0,68.21141,-22.211410522460938
S001,P0007,2024-01-08,90,335.0,51.426914,38.57308578491211
S001,P0007,2024-01-09,75,278.0,83.23675,-8.236747741699219
S001,P0007,2024-01-10,131,211.0,110.92378,20.076217651367188
S001,P0007,2024-01-11,81,85.0,88.37682,-7.376823425292969
S001,P0007,2024-01-12,181,334.0,88.98492,92.01508331298828
S001,P0007,2024-01-13,60,152.0,121.90767,-61.90766906738281
S001,P0007,2024-01-14,185,697.0,103.38875,81.61125183105469
S001,P0007,2024-01-15,78,500.0,99.82554,-21.825538635253906
S001,P0007,2024-01-16,184,433.0,135.5796,48.42039489746094
S001,P0007,2024-01-17,122,316.0,139.3274,-17.327392578125
S001,P0007,2024-01-18,62,922.0,90.39135,-28.39134979248047
S001,P0007,2024-01-19,21,876.0,90.84232,-69.84232330322266
S001,P0007,2024-01-20,29,862.0,116.964676,-87.96467590332031
S001,P0007,2024-01-21,93,838.0,102.08532,-9.085319519042969
S001,P0007,2024-01-22,106,740.0,100.97098,5.029022216796875
S001,P0007,2024-01-23,11,649.0,83.78126,-72.78125762939453
S001,P0007,2024-01-24,86,640.0,89.98008,-3.9800796508789062
S001,P0007,2024-01-25,105,552.0,112.757324,-7.75732421875
S001,P0007,2024-01-26,99,438.0,95.61574,3.3842620849609375
S001,P0007,2024-01-27,157,332.0,119.77185,37.2281494140625
S001,P0007,2024-01-28,92,226.0,95.93559,-3.9355926513671875
S001,P0007,2024-01-29,173,136.0,90.95634,82.04366302490234
S001,P0007,2024-01-30,80,476.0,93.47255,-13.472549438476562
S001,P0008,2023-09-07,85,107.0,127.55959,-42.559593200683594
S001,P0008,2023-09-08,110,140.0,130.12389,-20.123886108398438
S001,P0008,2023-09-09,72,193.0,103.97617,-31.976173400878906
S001,P0008,2023-09-10,140,127.0,111.64075,28.3592529296875
S001,P0008,2023-09-11,106,134.0,101.72168,4.2783203125
S001,P0008,2023-09-12,126,123.0,115.761406,10.238594055175781
S001,P0008,2023-09-13,82,102.0,104.08716,-22.087158203125
S001,P0008,2023-09-14,146,101.0,86.27906,59.72093963623047
S001,P0008,2023-09-15,97,132.0,95.42322,1.5767822265625
S001,P0008,2023-09-16,57,155.0,96.10281,-39.102813720703125
S001,P0008,2023-09-17,70,91.0,101.52449,-31.524490356445312
S001,P0008,2023-09-18,58,109.0,95.54564,-37.54563903808594
S001,P0008,2023-09-19,128,61.0,123.50303,4.496971130371094
S001,P0008,2023-09-20,121,121.0,90.908966,30.091033935546875
S001,P0008,2023-09-21,142,129.0,125.87212,16.12787628173828
S001,P0008,2023-09-22,103,160.0,122.78552,-19.7855224609375
S001,P0008,2023-09-23,87,65.0,103.5317,-16.531700134277344
S001,P0008,2023-09-24,106,103.0,102.80792,3.19207763671875
S001,P0008,2023-09-25,133,101.0,125.1805,7.8195037841796875
S001,P0008,2023-09-26,57,115.0,98.90051,-41.9005126953125
S001,P0008,2023-09-27,91,80.0,129.60936,-38.60935974121094
S001,P0008,2023-09-28,111,126.0,93.86874,17.131263732910156
S001,P0008,2023-09-29,66,105.0,97.66392,-31.663917541503906
S001,P0008,2023-09-30,102,61.0,101.609344,0.390655517578125
S001,P0008,2023-10-01,96,111.0,120.930855,-24.93085479736328
S001,P0008,2023-10-02,133,98.0,126.26463,6.7353668212890625
S001,P0008,2023-10-03,47,146.0,96.64732,-49.64732360839844
S001,P0008,2023-10-04,140,106.0,123.09942,16.90058135986328
S001,P0008,2023-10-05,121,158.0,98.08446,22.915542602539062
S001,P0008,2023-10-06,103,164.0,100.974075,2.0259246826171875
S001,P0008,2023-10-07,45,73.0,87.498825,-42.49882507324219
S001,P0008,2023-10-08,46,89.0,105.48541,-59.48541259765625
S001,P0008,2023-10-09,25,48.0,77.65168,-52.65167999267578
S001,P0008,2023-10-10,83,70.0,75.08592,7.9140777587890625
S001,P0008,2023-10-11,63,84.0,82.264565,-19.264564514160156
S001,P0008,2023-10-12,93,105.0,95.017876,-2.0178756713867188
S001,P0008,2023-10-13,24,136.0,67.957855,-43.957855224609375
S001,P0008,2023-10-14,39,108.0,54.22636,-15.226360321044922
S001,P0008,2023-10-15,65,84.0,60.649612,4.3503875732421875
S001,P0008,2023-10-16,42,75.0,57.882763,-15.882762908935547
S001,P0008,2023-10-17,47,79.0,54.417747,-7.417747497558594
S001,P0008,2023-10-18,73,91.0,68.220116,4.779884338378906
S001,P0008,2023-10-19,101,97.0,66.609116,34.39088439941406
S001,P0008,2023-10-20,61,142.0,57.576996,3.423004150390625
S001,P0008,2023-10-21,116,72.0,76.287094,39.71290588378906
S001,P0008,2023-10-22,67,106.0,67.640366,-0.6403656005859375
S001,P0008,2023-10-23,57,34.0,80.839806,-23.839805603027344
S001,P0008,2023-10-24,43,51.0,61.844822,-18.84482192993164
S001,P0008,2023-10-25,69,63.0,91.85421,-22.854209899902344
S001,P0008,2023-10-26,128,68.0,83.29185,44.708152770996094
S001,P0008,2023-10-27,47,141.0,113.204735,-66.2047348022461
S001,P0008,2023-10-28,55,107.0,88.35255,-33.35254669189453
S001,P0008,2023-10-29,137,41.0,89.61298,47.38701629638672
S001,P0008,2023-10-30,105,139.0,100.74953,4.2504730224609375
S001,P0008,2023-10-31,42,155.0,91.68565,-49.68565368652344
S001,P0008,2023-11-01,70,106.0,100.53016,-30.53015899658203
S001,P0008,2023-11-02,128,83.0,101.95651,26.043487548828125
S001,P0008,2023-11-03,142,121.0,122.72759,19.27240753173828
S001,P0008,2023-11-04,81,156.0,102.49304,-21.4930419921875
S001,P0008,2023-11-05,86,89.0,126.3148,-40.314796447753906
S001,P0008,2023-11-06,113,79.0,104.06656,8.933441162109375
S001,P0008,2023-11-07,63,103.0,101.80799,-38.80799102783203
S001,P0008,2023-11-08,133,63.0,91.25915,41.74085235595703
S001,P0008,2023-11-09,114,119.0,120.3571,-6.3571014404296875
S001,P0008,2023-11-10,74,91.0,121.98406,-47.98406219482422
S001,P0008,2023-11-11,127,83.0,102.17429,24.825706481933594
S001,P0008,2023-11-12,129,152.0,123.40371,5.596290588378906
S001,P0008,2023-11-13,139,169.0,111.29662,27.70337677001953
S001,P0008,2023-11-14,95,182.0,96.36533,-1.3653335571289062
S001,P0008,2023-11-15,96,81.0,100.976555,-4.976554870605469
S001,P0008,2023-11-16,114,121.0,103.12724,10.872756958007812
S001,P0008,2023-11-17,81,121.0,129.63058,-48.630584716796875
S001,P0008,2023-11-18,40,38.0,125.769554,-85.7695541381836
S001,P0008,2023-11-19,90,63.0,100.543,-10.542999267578125
S001,P0008,2023-11-20,65,80.0,123.82566,-58.825660705566406
S001,P0008,2023-11-21,57,89.0,95.00429,-38.00428771972656
S001,P0008,2023-11-22,81,107.0,98.97762,-17.977622985839844
S001,P0008,2023-11-23,89,124.0,98.33412,-9.334121704101562
S001,P0008,2023-11-24,163,107.0,108.821976,54.17802429199219
S001,P0008,2023-11-25,52,183.0,93.79534,-41.79534149169922
S001,P0008,2023-11-26,63,151.0,105.1476,-42.14759826660156
S001,P0008,2023-11-27,127,91.0,95.08285,31.917152404785156
S001,P0008,2023-11-28,149,117.0,93.96579,55.034210205078125
S001,P0008,2023-11-29,97,144.0,104.58905,-7.58905029296875
S001,P0008,2023-11-30,113,63.0,103.28588,9.714118957519531
S001,P0008,2023-12-01,43,114.0,93.144104,-50.14410400390625
S001,P0008,2023-12-02,89,72.0,104.7539,-15.753898620605469
S001,P0008,2023-12-03,111,104.0,98.81501,12.184989929199219
S001,P0008,2023-12-04,37,115.0,130.7306,-93.73060607910156
S001,P0008,2023-12-05,121,91.0,131.33395,-10.333953857421875
S001,P0008,2023-12-06,61,131.0,105.58245,-44.58245086669922
S001,P0008,2023-12-07,108,80.0,95.93445,12.0655517578125
S001,P0008,2023-12-08,103,124.0,104.66848,-1.6684799194335938
S001,P0008,2023-12-09,120,150.0,97.93354,22.06645965576172
S001,P0008,2023-12-10,74,171.0,100.7176,-26.71759796142578
S001,P0008,2023-12-11,105,100.0,99.900604,5.099395751953125
S001,P0008,2023-12-12,165,134.0,121.88924,43.11076354980469
S001,P0008,2023-12-13,102,193.0,101.487625,0.5123748779296875
S001,P0008,2023-12-14,86,90.0,129.34148,-43.34147644042969
S001,P0008,2023-12-15,152,108.0,119.45255,32.547447204589844
S001,P0008,2023-12-16,99,149.0,106.37876,-7.378761291503906
S001,P0008,2023-12-17,106,54.0,126.07722,-20.07721710205078
S001,P0008,2023-12-18,47,85.0,99.00897,-52.00897216796875
S001,P0008,2023-12-19,89,86.0,107.11304,-18.113037109375
S001,P0008,2023-12-20,141,99.0,122.59159,18.408409118652344
S001,P0008,2023-12-21,59,125.0,95.43342,-36.43341827392578
S001,P0008,2023-12-22,111,85.0,129.18797,-18.187973022460938
S001,P0008,2023-12-23,174,120.0,116.74241,57.257591247558594
S001,P0008,2023-12-24,190,202.0,85.069336,104.9306640625
S001,P0008,2023-12-25,46,181.0,95.44571,-49.445709228515625
S001,P0008,2023-12-26,142,138.0,138.487,3.51300048828125
S001,P0008,2023-12-27,56,139.0,79.3757,-23.375701904296875
S001,P0008,2023-12-28,34,99.0,81.18609,-47.18608856201172
S001,P0008,2023-12-29,64,75.0,79.91049,-15.910491943359375
S001,P0008,2023-12-30,26,66.0,70.504486,-44.504486083984375
S001,P0008,2023-12-31,52,36.0,60.38063,-8.380630493164062
S001,P0008,2024-01-01,27,60.0,35.81938,-8.819381713867188
S001,P0008,2024-01-02,41,78.0,34.11543,6.884571075439453
S001,P0008,2024-01-03,69,87.0,45.905384,23.094615936279297
S001,P0008,2024-01-04,91,74.0,58.772167,32.22783279418945
S001,P0008,2024-01-05,69,91.0,56.865177,12.134822845458984
S001,P0008,2024-01-06,34,69.0,42.046432,-8.046432495117188
S001,P0008,2024-01-07,56,87.0,52.527107,3.4728927612304688
S001,P0008,2024-01-08,48,93.0,47.89329,0.10670852661132812
S001,P0008,2024-01-09,134,63.0,124.56608,9.433921813964844
S001,P0008,2024-01-10,87,110.0,97.44414,-10.444137573242188
S001,P0008,2024-01-11,165,117.0,107.1314,57.86859893798828
S001,P0008,2024-01-12,143,157.0,91.583824,51.416175842285156
S001,P0008,2024-01-13,80,154.0,105.054565,-25.0545654296875
S001,P0008,2024-01-14,100,101.0,102.59473,-2.5947265625
S001,P0008,2024-01-15,96,88.0,104.63871,-8.638710021972656
S001,P0008,2024-01-16,122,118.0,127.265045,-5.265045166015625
S001,P0008,2024-01-17,88,148.0,127.332405,-39.33240509033203
S001,P0008,2024-01-18,181,53.0,85.21439,95.78560638427734
S001,P0008,2024-01-19,83,168.0,100.675095,-17.675094604492188
S001,P0008,2024-01-20,126,94.0,98.0108,27.98919677734375
S001,P0008,2024-01-21,141,150.0,85.1203,55.87969970703125
S001,P0008,2024-01-22,97,147.0,109.66839,-12.668388366699219
S001,P0008,2024-01-23,83,73.0,123.55142,-40.551422119140625
S001,P0008,2024-01-24,106,89.0,131.14738,-25.147384643554688
S001,P0008,2024-01-25,110,122.0,100.22498,9.775016784667969
S001,P0008,2024-01-26,112,147.0,104.47905,7.5209503173828125
S001,P0008,2024-01-27,102,145.0,126.25162,-24.251617431640625
S001,P0008,2024-01-28,118,41.0,89.98798,28.01201629638672
S001,P0008,2024-01-29,109,118.0,102.00591,6.994087219238281
S001,P0008,2024-01-30,53,162.0,100.55021,-47.550209045410156
S001,P0009,2023-09-07,103,120.0,95.85959,7.140411376953125
S001,P0009,2023-09-08,97,125.0,95.59075,1.4092483520507812
S001,P0009,2023-09-09,140,121.0,139.33865,0.661346435546875
S001,P0009,2023-09-10,89,134.0,100.480385,-11.480384826660156
S001,P0009,2023-09-11,200,148.0,157.16823,42.83177185058594
S001,P0009,2023-09-12,78,204.0,137.80016,-59.80015563964844
S001,P0009,2023-09-13,82,117.0,144.53246,-62.53245544433594
S001,P0009,2023-09-14,136,136.0,111.11571,24.884292602539062
S001,P0009,2023-09-15,75,149.0,133.50449,-58.504486083984375
S001,P0009,2023-09-16,114,175.0,99.12657,14.873428344726562
S001,P0009,2023-09-17,87,207.0,122.45157,-35.451568603515625
S001,P0009,2023-09-18,196,126.0,133.54831,62.451690673828125
S001,P0009,2023-09-19,108,177.0,96.216545,11.783454895019531
S001,P0009,2023-09-20,114,220.0,96.98334,17.01666259765625
S001,P0009,2023-09-21,101,131.0,99.10932,1.8906784057617188
S001,P0009,2023-09-22,85,133.0,92.05284,-7.0528411865234375
S001,P0009,2023-09-23,75,140.0,128.02393,-53.02392578125
S001,P0009,2023-09-24,137,138.0,103.52192,33.47808074951172
S001,P0009,2023-09-25,178,113.0,115.664665,62.33533477783203
S001,P0009,2023-09-26,138,167.0,117.174416,20.825584411621094
S001,P0009,2023-09-27,74,153.0,107.483894,-33.48389434814453
S001,P0009,2023-09-28,170,163.0,120.400185,49.599815368652344
S001,P0009,2023-09-29,91,154.0,107.842674,-16.842674255371094
S001,P0009,2023-09-30,83,155.0,104.30893,-21.308929443359375
S001,P0009,2023-10-01,92,151.0,110.82866,-18.828659057617188
S001,P0009,2023-10-02,162,155.0,149.71521,12.2847900390625
S001,P0009,2023-10-03,79,231.0,143.25984,-64.25984191894531
S001,P0009,2023-10-04,92,160.0,104.334366,-12.334365844726562
S001,P0009,2023-10-05,95,141.0,102.9066,-7.9066009521484375
S001,P0009,2023-10-06,112,124.0,103.20339,8.796607971191406
S001,P0009,2023-10-07,156,178.0,115.33848,40.661521911621094
S001,P0009,2023-10-08,149,176.0,145.03358,3.9664154052734375
S001,P0009,2023-10-09,99,178.0,102.53911,-3.5391082763671875
S001,P0009,2023-10-10,68,203.0,92.17731,-24.17730712890625
S001,P0009,2023-10-11,119,161.0,103.29947,15.700531005859375
S001,P0009,2023-10-12,93,169.0,101.81761,-8.817611694335938
S001,P0009,2023-10-13,92,194.0,93.41578,-1.4157791137695312
S001,P0009,2023-10-14,124,112.0,130.93813,-6.9381256103515625
S001,P0009,2023-10-15,127,136.0,107.223656,19.776344299316406
S001,P0009,2023-10-16,91,148.0,96.50166,-5.5016632080078125
S001,P0009,2023-10-17,163,144.0,109.85286,53.14714050292969
S001,P0009,2023-10-18,108,143.0,136.2529,-28.252899169921875
S001,P0009,2023-10-19,61,182.0,95.19218,-34.192176818847656
S001,P0009,2023-10-20,129,131.0,99.37786,29.62213897705078
S001,P0009,2023-10-21,166,153.0,141.90216,24.09783935546875
S001,P0009,2023-10-22,88,137.0,101.66141,-13.661407470703125
S001,P0009,2023-10-23,176,145.0,146.99466,29.005340576171875
S001,P0009,2023-10-24,121,184.0,109.61371,11.38629150390625
S001,P0009,2023-10-25,118,241.0,102.04835,15.951652526855469
S001,P0009,2023-10-26,168,100.0,161.90254,6.0974578857421875
S001,P0009,2023-10-27,146,168.0,150.64642,-4.64642333984375
S001,P0009,2023-10-28,255,143.0,172.69368,82.30632019042969
S001,P0009,2023-10-29,126,223.0,117.2358,8.764198303222656
S001,P0009,2023-10-30,120,80.0,123.5016,-3.5016021728515625
S001,P0009,2023-10-31,124,110.0,115.74062,8.259376525878906
S001,P0009,2023-11-01,74,164.0,113.75622,-39.75621795654297
S001,P0009,2023-11-02,183,170.0,186.70967,-3.7096710205078125
S001,P0009,2023-11-03,126,173.0,152.95992,-26.959915161132812
S001,P0009,2023-11-04,94,138.0,156.05743,-62.05743408203125
S001,P0009,2023-11-05,69,163.0,123.21226,-54.212257385253906
S001,P0009,2023-11-06,165,117.0,143.40282,21.597183227539062
S001,P0009,2023-11-07,104,172.0,118.48414,-14.484138488769531
S001,P0009,2023-11-08,126,225.0,153.6484,-27.648406982421875
S001,P0009,2023-11-09,95,142.0,112.88914,-17.889137268066406
S001,P0009,2023-11-10,87,172.0,109.31955,-22.319549560546875
S001,P0009,2023-11-11,154,171.0,134.46213,19.537872314453125
S001,P0009,2023-11-12,150,178.0,134.26038,15.7396240234375
S001,P0009,2023-11-13,139,171.0,154.77776,-15.777755737304688
S001,P0009,2023-11-14,204,143.0,172.84222,31.15777587890625
S001,P0009,2023-11-15,48,204.0,115.21553,-67.21553039550781
S001,P0009,2023-11-16,55,170.0,116.95246,-61.95246124267578
S001,P0009,2023-11-17,82,133.0,112.19926,-30.199256896972656
S001,P0009,2023-11-18,137,121.0,147.74574,-10.745742797851562
S001,P0009,2023-11-19,45,112.0,115.67955,-70.67955017089844
S001,P0009,2023-11-20,110,109.0,116.66151,-6.661506652832031
S001,P0009,2023-11-21,87,129.0,140.10689,-53.10688781738281
S001,P0009,2023-11-22,142,117.0,106.66718,35.33281707763672
S001,P0009,2023-11-23,125,160.0,113.160034,11.8399658203125
S001,P0009,2023-11-24,130,184.0,119.89817,10.101829528808594
S001,P0009,2023-11-25,180,247.0,166.4801,13.5198974609375
S001,P0009,2023-11-26,117,267.0,111.60999,5.390007019042969
S001,P0009,2023-11-27,212,138.0,134.03276,77.96723937988281
S001,P0009,2023-11-28,180,223.0,153.01793,26.982070922851562
S001,P0009,2023-11-29,46,240.0,117.47037,-71.47036743164062
S001,P0009,2023-11-30,154,210.0,123.015976,30.984024047851562
S001,P0009,2023-12-01,152,227.0,162.80058,-10.800582885742188
S001,P0009,2023-12-02,204,186.0,146.59286,57.407135009765625
S001,P0009,2023-12-03,162,274.0,170.04039,-8.040390014648438
S001,P0009,2023-12-04,188,132.0,166.60146,21.398544311523438
S001,P0009,2023-12-05,181,226.0,148.72026,32.27973937988281
S001,P0009,2023-12-06,37,228.0,155.52998,-118.52998352050781
S001,P0009,2023-12-07,188,185.0,153.57336,34.4266357421875
S001,P0009,2023-12-08,330,198.0,193.32318,136.67681884765625
S001,P0009,2023-12-09,125,383.0,103.63437,21.365631103515625
S001,P0009,2023-12-10,220,285.0,165.04997,54.95002746582031
S001,P0009,2023-12-11,84,325.0,122.33216,-38.33216094970703
S001,P0009,2023-12-12,285,256.0,239.68637,45.313629150390625
S001,P0009,2023-12-13,281,367.0,256.6617,24.338287353515625
S001,P0009,2023-12-14,102,406.0,96.41668,5.583320617675781
S001,P0009,2023-12-15,214,316.0,170.23827,43.76173400878906
S001,P0009,2023-12-16,177,123.0,145.48582,31.514175415039062
S001,P0009,2023-12-17,92,215.0,156.31073,-64.31072998046875
S001,P0009,2023-12-18,136,139.0,172.83345,-36.83345031738281
S001,P0009,2023-12-19,214,121.0,159.92348,54.07652282714844
S001,P0009,2023-12-20,174,218.0,136.70352,37.296478271484375
S001,P0009,2023-12-21,134,182.0,166.3592,-32.35920715332031
S001,P0009,2023-12-22,143,213.0,137.57268,5.4273223876953125
S001,P0009,2023-12-23,98,201.0,105.83154,-7.83154296875
S001,P0009,2023-12-24,113,101.0,119.18264,-6.182640075683594
S001,P0009,2023-12-25,85,120.0,114.8315,-29.831497192382812
S001,P0009,2023-12-26,189,141.0,201.17285,-12.1728515625
S001,P0009,2023-12-27,99,177.0,104.016495,-5.0164947509765625
S001,P0009,2023-12-28,85,188.0,115.01216,-30.012161254882812
S001,P0009,2023-12-29,137,101.0,119.83095,17.169052124023438
S001,P0009,2023-12-30,89,160.0,103.27034,-14.270339965820312
S001,P0009,2023-12-31,146,150.0,130.27275,15.727249145507812
S001,P0009,2024-01-01,76,175.0,115.57483,-39.5748291015625
S001,P0009,2024-01-02,213,112.0,179.2411,33.75889587402344
S001,P0009,2024-01-03,93,237.0,117.84339,-24.84339141845703
S001,P0009,2024-01-04,146,153.0,137.11772,8.882278442382812
S001,P0009,2024-01-05,50,130.0,126.69696,-76.69696044921875
S001,P0009,2024-01-06,132,141.0,132.51636,-0.516357421875
S001,P0009,2024-01-07,153,166.0,140.92332,12.076675415039062
S001,P0009,2024-01-08,139,213.0,128.92406,10.075942993164062
S001,P0009,2024-01-09,140,287.0,154.74536,-14.745361328125
S001,P0009,2024-01-10,103,132.0,129.30817,-26.30816650390625
S001,P0009,2024-01-11,201,131.0,174.65422,26.345779418945312
S001,P0009,2024-01-12,112,210.0,135.54938,-23.54937744140625
S001,P0009,2024-01-13,145,98.0,134.31903,10.68096923828125
S001,P0009,2024-01-14,99,145.0,121.352425,-22.35242462158203
S001,P0009,2024-01-15,97,125.0,113.38079,-16.38079071044922
S001,P0009,2024-01-16,248,123.0,202.70277,45.29722595214844
S001,P0009,2024-01-17,184,278.0,179.77264,4.22735595703125
S001,P0009,2024-01-18,141,74.0,130.10184,10.898162841796875
S001,P0009,2024-01-19,100,138.0,124.46655,-24.466552734375
S001,P0009,2024-01-20,174,149.0,172.19057,1.8094329833984375
S001,P0009,2024-01-21,169,233.0,174.28825,-5.2882537841796875
S001,P0009,2024-01-22,183,237.0,155.31256,27.68743896484375
S001,P0009,2024-01-23,95,330.0,118.230225,-23.230224609375
S001,P0009,2024-01-24,153,247.0,173.61678,-20.616775512695312
S001,P0009,2024-01-25,210,102.0,161.77888,48.22111511230469
S001,P0009,2024-01-26,119,202.0,136.90163,-17.901626586914062
S001,P0009,2024-01-27,198,204.0,187.50725,10.492752075195312
S001,P0009,2024-01-28,164,260.0,154.61424,9.385757446289062
S001,P0009,2024-01-29,133,93.0,136.15765,-3.15765380859375
S001,P0009,2024-01-30,84,128.0,125.261314,-41.261314392089844
S001,P0010,2023-09-07,31,1030.0,101.14353,-70.1435317993164
S001,P0010,2023-09-08,85,997.0,83.1652,1.8348007202148438
S001,P0010,2023-09-09,58,897.0,73.7805,-15.780502319335938
S001,P0010,2023-09-10,95,844.0,74.41637,20.583633422851562
S001,P0010,2023-09-11,72,773.0,75.62197,-3.6219711303710938
S001,P0010,2023-09-12,45,724.0,61.686226,-16.68622589111328
S001,P0010,2023-09-13,94,694.0,95.44949,-1.449493408203125
S001,P0010,2023-09-14,62,602.0,71.84128,-9.841278076171875
S001,P0010,2023-09-15,100,542.0,91.68772,8.312278747558594
S001,P0010,2023-09-16,47,447.0,66.12856,-19.128562927246094
S001,P0010,2023-09-17,65,403.0,82.61437,-17.61437225341797
S001,P0010,2023-09-18,78,362.0,66.14065,11.859352111816406
S001,P0010,2023-09-19,102,274.0,98.60902,3.3909835815429688
S001,P0010,2023-09-20,106,183.0,74.93393,31.066070556640625
S001,P0010,2023-09-21,81,59.0,95.67411,-14.674110412597656
S001,P0010,2023-09-22,83,303.0,74.053314,8.946685791015625
S001,P0010,2023-09-23,104,210.0,77.13366,26.86634063720703
S001,P0010,2023-09-24,79,605.0,71.56125,7.438751220703125
S001,P0010,2023-09-25,111,529.0,88.12565,22.874351501464844
S001,P0010,2023-09-26,58,429.0,72.02537,-14.025367736816406
S001,P0010,2023-09-27,84,387.0,74.16446,9.835540771484375
S001,P0010,2023-09-28,85,321.0,78.93059,6.0694122314453125
S001,P0010,2023-09-29,77,261.0,70.59566,6.4043426513671875
S001,P0010,2023-09-30,82,199.0,72.78174,9.21826171875
S001,P0010,2023-10-01,66,498.0,68.67997,-2.6799697875976562
S001,P0010,2023-10-02,98,443.0,89.83121,8.168792724609375
S001,P0010,2023-10-03,66,325.0,92.171616,-26.171615600585938
S001,P0010,2023-10-04,125,263.0,102.54731,22.45269012451172
S001,P0010,2023-10-05,97,119.0,76.55974,20.440261840820312
S001,P0010,2023-10-06,84,461.0,73.15037,10.849632263183594
S001,P0010,2023-10-07,49,401.0,94.82878,-45.82878112792969
S001,P0010,2023-10-08,15,358.0,61.935898,-46.93589782714844
S001,P0010,2023-10-09,27,341.0,51.941566,-24.941566467285156
S001,P0010,2023-10-10,28,316.0,44.91324,-16.913238525390625
S001,P0010,2023-10-11,50,288.0,37.787148,12.212852478027344
S001,P0010,2023-10-12,62,241.0,47.932053,14.067947387695312
S001,P0010,2023-10-13,32,191.0,37.14483,-5.144828796386719
S001,P0010,2023-10-14,59,153.0,43.62241,15.37759017944336
S001,P0010,2023-10-15,27,85.0,37.57836,-10.578361511230469
S001,P0010,2023-10-16,12,330.0,31.31246,-19.31245994567871
S001,P0010,2023-10-17,16,318.0,33.003845,-17.00384521484375
S001,P0010,2023-10-18,37,304.0,35.692326,1.3076744079589844
S001,P0010,2023-10-19,42,267.0,36.725056,5.274944305419922
S001,P0010,2023-10-20,35,219.0,32.57016,2.429840087890625
S001,P0010,2023-10-21,60,182.0,46.263752,13.736248016357422
S001,P0010,2023-10-22,27,118.0,41.77662,-14.776618957519531
S001,P0010,2023-10-23,29,98.0,33.634502,-4.634502410888672
S001,P0010,2023-10-24,31,71.0,30.600052,0.3999481201171875
S001,P0010,2023-10-25,62,276.0,71.08977,-9.089767456054688
S001,P0010,2023-10-26,64,203.0,66.91957,-2.9195709228515625
S001,P0010,2023-10-27,96,154.0,73.855095,22.14490509033203
S001,P0010,2023-10-28,95,66.0,100.02863,-5.028633117675781
S001,P0010,2023-10-29,72,233.0,70.334404,1.6655960083007812
S001,P0010,2023-10-30,90,154.0,70.72918,19.27082061767578
S001,P0010,2023-10-31,62,383.0,67.16555,-5.165550231933594
S001,P0010,2023-11-01,82,322.0,70.170815,11.829185485839844
S001,P0010,2023-11-02,107,225.0,92.34199,14.658012390136719
S001,P0010,2023-11-03,82,133.0,73.12237,8.877632141113281
S001,P0010,2023-11-04,91,56.0,85.874245,5.125755310058594
S001,P0010,2023-11-05,67,340.0,69.568146,-2.568145751953125
S001,P0010,2023-11-06,79,281.0,75.58752,3.4124832153320312
S001,P0010,2023-11-07,90,203.0,89.89577,0.1042327880859375
S001,P0010,2023-11-08,143,471.0,113.467636,29.532363891601562
S001,P0010,2023-11-09,98,330.0,95.52156,2.4784393310546875
S001,P0010,2023-11-10,52,252.0,69.34017,-17.340171813964844
S001,P0010,2023-11-11,100,213.0,77.604744,22.39525604248047
S001,P0010,2023-11-12,92,827.0,100.30379,-8.303787231445312
S001,P0010,2023-11-13,49,758.0,72.14217,-23.142173767089844
S001,P0010,2023-11-14,75,702.0,69.60746,5.392539978027344
S001,P0010,2023-11-15,114,613.0,95.64333,18.356666564941406
S001,P0010,2023-11-16,71,526.0,72.381874,-1.3818740844726562
S001,P0010,2023-11-17,64,454.0,66.6034,-2.6034011840820312
S001,P0010,2023-11-18,48,412.0,67.4104,-19.410400390625
S001,P0010,2023-11-19,118,355.0,96.41311,21.586891174316406
S001,P0010,2023-11-20,79,236.0,74.40889,4.5911102294921875
S001,P0010,2023-11-21,82,160.0,74.849915,7.15008544921875
S001,P0010,2023-11-22,114,104.0,95.26243,18.737571716308594
S001,P0010,2023-11-23,108,522.0,102.13924,5.8607635498046875
S001,P0010,2023-11-24,89,398.0,77.54772,11.452278137207031
S001,P0010,2023-11-25,42,321.0,70.13825,-28.13825225830078
S001,P0010,2023-11-26,85,294.0,76.44522,8.554779052734375
S001,P0010,2023-11-27,112,219.0,77.374916,34.625083923339844
S001,P0010,2023-11-28,99,556.0,87.26077,11.739227294921875
S001,P0010,2023-11-29,113,468.0,81.91361,31.086387634277344
S001,P0010,2023-11-30,65,393.0,70.97221,-5.9722137451171875
S001,P0010,2023-12-01,88,316.0,74.22807,13.771926879882812
S001,P0010,2023-12-02,119,228.0,82.42443,36.57556915283203
S001,P0010,2023-12-03,111,512.0,89.39101,21.608993530273438
S001,P0010,2023-12-04,116,382.0,94.88508,21.11492156982422
S001,P0010,2023-12-05,95,281.0,94.18496,0.8150405883789062
S001,P0010,2023-12-06,126,223.0,86.67688,39.3231201171875
S001,P0010,2023-12-07,47,82.0,88.78691,-41.78691101074219
S001,P0010,2023-12-08,105,437.0,109.40586,-4.405860900878906
S001,P0010,2023-12-09,61,314.0,107.80944,-46.80944061279297
S001,P0010,2023-12-10,107,267.0,109.418884,-2.41888427734375
S001,P0010,2023-12-11,103,200.0,111.86599,-8.865989685058594
S001,P0010,2023-12-12,94,581.0,94.638115,-0.6381149291992188
S001,P0010,2023-12-13,92,496.0,91.69404,0.30596160888671875
S001,P0010,2023-12-14,79,427.0,78.20121,0.7987899780273438
S001,P0010,2023-12-15,111,358.0,89.259125,21.740875244140625
S001,P0010,2023-12-16,42,258.0,89.26263,-47.26262664794922
S001,P0010,2023-12-17,105,230.0,124.47225,-19.472251892089844
S001,P0010,2023-12-18,68,112.0,117.30982,-49.30982208251953
S001,P0010,2023-12-19,85,600.0,87.01883,-2.018829345703125
S001,P0010,2023-12-20,110,536.0,125.44024,-15.440238952636719
S001,P0010,2023-12-21,104,404.0,92.84921,11.150787353515625
S001,P0010,2023-12-22,84,279.0,88.49135,-4.4913482666015625
S001,P0010,2023-12-23,60,199.0,80.218735,-20.218734741210938
S001,P0010,2023-12-24,81,150.0,114.27491,-33.27490997314453
S001,P0010,2023-12-25,82,471.0,111.37953,-29.379531860351562
S001,P0010,2023-12-26,73,377.0,82.012764,-9.012763977050781
S001,P0010,2023-12-27,45,315.0,110.084366,-65.08436584472656
S001,P0010,2023-12-28,29,271.0,57.091118,-28.09111785888672
S001,P0010,2023-12-29,20,248.0,44.508053,-24.508052825927734
S001,P0010,2023-12-30,23,226.0,43.953857,-20.953857421875
S001,P0010,2023-12-31,58,199.0,36.434223,21.565776824951172
S001,P0010,2024-01-01,64,137.0,34.677036,29.32296371459961
S001,P0010,2024-01-02,34,67.0,24.483122,9.516878128051758
S001,P0010,2024-01-03,31,45.0,26.7977,4.202299118041992
S001,P0010,2024-01-04,37,220.0,28.197187,8.802812576293945
S001,P0010,2024-01-05,57,182.0,32.965794,24.03420639038086
S001,P0010,2024-01-06,24,118.0,30.683012,-6.683012008666992
S001,P0010,2024-01-07,43,96.0,32.353172,10.646827697753906
S001,P0010,2024-01-08,24,47.0,25.781588,-1.7815876007080078
S001,P0010,2024-01-09,63,282.0,71.75613,-8.756126403808594
S001,P0010,2024-01-10,59,213.0,73.93086,-14.930862426757812
S001,P0010,2024-01-11,43,160.0,67.64635,-24.646347045898438
S001,P0010,2024-01-12,76,111.0,73.67634,2.3236618041992188
S001,P0010,2024-01-13,96,303.0,74.1266,21.873397827148438
S001,P0010,2024-01-14,46,230.0,66.89485,-20.894851684570312
S001,P0010,2024-01-15,77,192.0,75.86304,1.136962890625
S001,P0010,2024-01-16,66,443.0,79.98089,-13.980888366699219
S001,P0010,2024-01-17,94,386.0,87.99462,6.005378723144531
S001,P0010,2024-01-18,71,313.0,76.96756,-5.967559814453125
S001,P0010,2024-01-19,31,233.0,68.77522,-37.77522277832031
S001,P0010,2024-01-20,92,199.0,78.27227,13.727729797363281
S001,P0010,2024-01-21,69,495.0,76.049255,-7.04925537109375
S001,P0010,2024-01-22,89,451.0,74.38522,14.614776611328125
S001,P0010,2024-01-23,74,377.0,74.57042,-0.5704193115234375
S001,P0010,2024-01-24,149,311.0,103.785385,45.21461486816406
S001,P0010,2024-01-25,79,210.0,73.58309,5.416908264160156
S001,P0010,2024-01-26,91,128.0,76.32209,14.677909851074219
S001,P0010,2024-01-27,68,46.0,94.313866,-26.313865661621094
S001,P0010,2024-01-28,82,640.0,72.81885,9.18115234375
S001,P0010,2024-01-29,68,583.0,72.648575,-4.6485748291015625
S001,P0010,2024-01-30,69,518.0,72.335205,-3.335205078125
S001,P0011,2023-09-07,100,254.0,118.89336,-18.893356323242188
S001,P0011,2023-09-08,115,144.0,121.65845,-6.658447265625
S001,P0011,2023-09-09,65,246.0,91.2213,-26.221298217773438
S001,P0011,2023-09-10,67,200.0,109.289055,-42.28905487060547
S001,P0011,2023-09-11,120,137.0,124.998215,-4.9982147216796875
S001,P0011,2023-09-12,96,163.0,94.80051,1.199493408203125
S001,P0011,2023-09-13,62,297.0,91.510605,-29.510604858398438
S001,P0011,2023-09-14,79,259.0,90.789505,-11.789505004882812
S001,P0011,2023-09-15,71,169.0,78.673584,-7.673583984375
S001,P0011,2023-09-16,118,85.0,119.39695,-1.3969497680664062
S001,P0011,2023-09-17,188,145.0,159.96576,28.03424072265625
S001,P0011,2023-09-18,60,245.0,94.54836,-34.548362731933594
S001,P0011,2023-09-19,61,582.0,102.06596,-41.06596374511719
S001,P0011,2023-09-20,79,519.0,94.82703,-15.8270263671875
S001,P0011,2023-09-21,41,442.0,87.32996,-46.32996368408203
S001,P0011,2023-09-22,64,395.0,114.41444,-50.41443634033203
S001,P0011,2023-09-23,125,319.0,103.758514,21.241485595703125
S001,P0011,2023-09-24,71,188.0,73.858955,-2.8589553833007812
S001,P0011,2023-09-25,99,376.0,95.9574,3.0426025390625
S001,P0011,2023-09-26,94,309.0,91.693115,2.306884765625
S001,P0011,2023-09-27,103,208.0,87.42642,15.573577880859375
S001,P0011,2023-09-28,93,103.0,83.717804,9.282196044921875
S001,P0011,2023-09-29,88,179.0,88.42969,-0.4296875
S001,P0011,2023-09-30,95,123.0,100.12106,-5.121063232421875
S001,P0011,2023-10-01,55,169.0,114.02638,-59.02638244628906
S001,P0011,2023-10-02,78,266.0,82.338776,-4.338775634765625
S001,P0011,2023-10-03,67,216.0,82.88834,-15.888343811035156
S001,P0011,2023-10-04,104,141.0,95.25196,8.748039245605469
S001,P0011,2023-10-05,65,180.0,79.90502,-14.905021667480469
S001,P0011,2023-10-06,86,322.0,87.93734,-1.9373397827148438
S001,P0011,2023-10-07,23,245.0,115.73055,-92.73055267333984
S001,P0011,2023-10-08,25,217.0,81.75602,-56.756019592285156
S001,P0011,2023-10-09,24,198.0,55.127113,-31.127113342285156
S001,P0011,2023-10-10,48,176.0,68.004745,-20.004745483398438
S001,P0011,2023-10-11,36,126.0,42.904472,-6.904472351074219
S001,P0011,2023-10-12,36,186.0,46.355038,-10.355037689208984
S001,P0011,2023-10-13,24,147.0,35.19677,-11.196769714355469
S001,P0011,2023-10-14,18,132.0,38.34805,-20.34804916381836
S001,P0011,2023-10-15,38,111.0,43.059124,-5.059123992919922
S001,P0011,2023-10-16,34,69.0,40.912533,-6.912532806396484
S001,P0011,2023-10-17,79,100.0,52.58445,26.415550231933594
S001,P0011,2023-10-18,17,102.0,35.25987,-18.259868621826172
S001,P0011,2023-10-19,20,271.0,44.555485,-24.555484771728516
S001,P0011,2023-10-20,32,254.0,31.921465,0.07853507995605469
S001,P0011,2023-10-21,42,224.0,48.87206,-6.872058868408203
S001,P0011,2023-10-22,67,184.0,40.220387,26.779613494873047
S001,P0011,2023-10-23,42,120.0,46.537548,-4.537548065185547
S001,P0011,2023-10-24,22,206.0,33.22921,-11.229209899902344
S001,P0011,2023-10-25,105,182.0,90.08577,14.914230346679688
S001,P0011,2023-10-26,110,110.0,105.87466,4.125343322753906
S001,P0011,2023-10-27,110,254.0,105.224945,4.775054931640625
S001,P0011,2023-10-28,117,187.0,96.35118,20.648818969726562
S001,P0011,2023-10-29,77,256.0,76.46279,0.5372085571289062
S001,P0011,2023-10-30,86,169.0,75.16787,10.832130432128906
S001,P0011,2023-10-31,53,84.0,76.822395,-23.82239532470703
S001,P0011,2023-11-01,39,242.0,75.21016,-36.21015930175781
S001,P0011,2023-11-02,71,197.0,73.96918,-2.96917724609375
S001,P0011,2023-11-03,64,136.0,74.432076,-10.432075500488281
S001,P0011,2023-11-04,29,240.0,88.76293,-59.76293182373047
S001,P0011,2023-11-05,71,216.0,76.65948,-5.659477233886719
S001,P0011,2023-11-06,78,173.0,106.37623,-28.37622833251953
S001,P0011,2023-11-07,78,247.0,82.65197,-4.651969909667969
S001,P0011,2023-11-08,82,179.0,76.26256,5.7374420166015625
S001,P0011,2023-11-09,77,293.0,82.787895,-5.787895202636719
S001,P0011,2023-11-10,36,215.0,75.175514,-39.175514221191406
S001,P0011,2023-11-11,108,186.0,110.36548,-2.365478515625
S001,P0011,2023-11-12,74,101.0,77.46066,-3.460662841796875
S001,P0011,2023-11-13,96,253.0,101.57634,-5.5763397216796875
S001,P0011,2023-11-14,43,145.0,75.42401,-32.42401123046875
S001,P0011,2023-11-15,69,272.0,104.32756,-35.32756042480469
S001,P0011,2023-11-16,85,222.0,78.170204,6.829795837402344
S001,P0011,2023-11-17,119,167.0,111.30374,7.696258544921875
S001,P0011,2023-11-18,116,178.0,113.04206,2.9579391479492188
S001,P0011,2023-11-19,83,311.0,84.38509,-1.3850936889648438
S001,P0011,2023-11-20,46,246.0,76.55997,-30.559967041015625
S001,P0011,2023-11-21,88,209.0,107.29684,-19.296836853027344
S001,P0011,2023-11-22,41,120.0,78.45425,-37.454246520996094
S001,P0011,2023-11-23,43,232.0,77.729904,-34.72990417480469
S001,P0011,2023-11-24,114,190.0,110.71964,3.2803573608398438
S001,P0011,2023-11-25,65,86.0,107.76508,-42.76508331298828
S001,P0011,2023-11-26,75,235.0,111.11688,-36.11688232421875
S001,P0011,2023-11-27,103,186.0,93.305595,9.694404602050781
S001,P0011,2023-11-28,71,276.0,81.321205,-10.321205139160156
S001,P0011,2023-11-29,105,215.0,106.10931,-1.1093063354492188
S001,P0011,2023-11-30,101,145.0,93.964676,7.0353240966796875
S001,P0011,2023-12-01,151,245.0,144.29756,6.7024383544921875
S001,P0011,2023-12-02,78,70.0,87.39968,-9.399681091308594
S001,P0011,2023-12-03,75,326.0,90.23784,-15.237838745117188
S001,P0011,2023-12-04,124,245.0,125.66416,-1.6641616821289062
S001,P0011,2023-12-05,61,125.0,86.14645,-25.146446228027344
S001,P0011,2023-12-06,136,272.0,124.03162,11.9683837890625
S001,P0011,2023-12-07,120,181.0,124.8625,-4.8625030517578125
S001,P0011,2023-12-08,51,409.0,98.172615,-47.17261505126953
S001,P0011,2023-12-09,82,358.0,116.912315,-34.912315368652344
S001,P0011,2023-12-10,79,278.0,84.18696,-5.186958312988281
S001,P0011,2023-12-11,92,217.0,115.868744,-23.868743896484375
S001,P0011,2023-12-12,85,120.0,82.61574,2.3842620849609375
S001,P0011,2023-12-13,75,245.0,83.10352,-8.103523254394531
S001,P0011,2023-12-14,44,163.0,81.66093,-37.660926818847656
S001,P0011,2023-12-15,42,123.0,80.56751,-38.56751251220703
S001,P0011,2023-12-16,66,168.0,108.48563,-42.485626220703125
S001,P0011,2023-12-17,93,127.0,97.57207,-4.5720672607421875
S001,P0011,2023-12-18,85,183.0,88.03926,-3.0392608642578125
S001,P0011,2023-12-19,92,316.0,108.86982,-16.86981964111328
S001,P0011,2023-12-20,71,232.0,80.63891,-9.638908386230469
S001,P0011,2023-12-21,74,162.0,83.71066,-9.710662841796875
S001,P0011,2023-12-22,116,246.0,118.42204,-2.4220428466796875
S001,P0011,2023-12-23,58,142.0,80.84078,-22.840782165527344
S001,P0011,2023-12-24,75,304.0,88.62277,-13.622772216796875
S001,P0011,2023-12-25,59,254.0,87.32645,-28.326446533203125
S001,P0011,2023-12-26,71,202.0,110.9649,-39.96489715576172
S001,P0011,2023-12-27,19,126.0,69.07303,-50.073028564453125
S001,P0011,2023-12-28,66,259.0,51.44371,14.556289672851562
S001,P0011,2023-12-29,59,208.0,55.8781,3.121898651123047
S001,P0011,2023-12-30,28,155.0,52.24552,-24.245521545410156
S001,P0011,2023-12-31,25,247.0,36.47496,-11.474960327148438
S001,P0011,2024-01-01,31,227.0,46.311264,-15.311264038085938
S001,P0011,2024-01-02,39,193.0,35.606873,3.39312744140625
S001,P0011,2024-01-03,23,160.0,48.81731,-25.817310333251953
S001,P0011,2024-01-04,46,137.0,44.209778,1.79022216796875
S001,P0011,2024-01-05,63,103.0,46.920246,16.079753875732422
S001,P0011,2024-01-06,35,130.0,46.23494,-11.234939575195312
S001,P0011,2024-01-07,18,222.0,34.09278,-16.09278106689453
S001,P0011,2024-01-08,72,204.0,45.83406,26.165939331054688
S001,P0011,2024-01-09,84,154.0,92.27586,-8.275863647460938
S001,P0011,2024-01-10,43,246.0,79.39179,-36.39179229736328
S001,P0011,2024-01-11,128,210.0,102.180275,25.819725036621094
S001,P0011,2024-01-12,58,133.0,79.97061,-21.970611572265625
S001,P0011,2024-01-13,183,337.0,139.57088,43.42912292480469
S001,P0011,2024-01-14,81,190.0,89.191925,-8.191925048828125
S001,P0011,2024-01-15,76,391.0,125.956436,-49.95643615722656
S001,P0011,2024-01-16,50,313.0,88.15016,-38.15016174316406
S001,P0011,2024-01-17,94,277.0,120.01619,-26.016189575195312
S001,P0011,2024-01-18,86,219.0,91.10017,-5.100166320800781
S001,P0011,2024-01-19,69,339.0,90.62242,-21.622421264648438
S001,P0011,2024-01-20,114,295.0,118.85612,-4.856117248535156
S001,P0011,2024-01-21,68,201.0,82.86209,-14.862091064453125
S001,P0011,2024-01-22,100,402.0,95.97855,4.021446228027344
S001,P0011,2024-01-23,145,324.0,121.59157,23.408432006835938
S001,P0011,2024-01-24,40,162.0,81.47868,-41.47868347167969
S001,P0011,2024-01-25,92,430.0,95.31529,-3.3152923583984375
S001,P0011,2024-01-26,106,356.0,106.23699,-0.23699188232421875
S001,P0011,2024-01-27,79,243.0,80.87247,-1.872467041015625
S001,P0011,2024-01-28,95,192.0,95.07658,-0.07657623291015625
S001,P0011,2024-01-29,65,249.0,77.37758,-12.377578735351562
S001,P0011,2024-01-30,44,204.0,72.98334,-28.98333740234375
S001,P0012,2023-09-07,116,587.0,121.49122,-5.491218566894531
S001,P0012,2023-09-08,143,499.0,152.42026,-9.420257568359375
S001,P0012,2023-09-09,94,367.0,112.12518,-18.12518310546875
S001,P0012,2023-09-10,120,259.0,150.11311,-30.113113403320312
S001,P0012,2023-09-11,142,139.0,119.780655,22.219345092773438
S001,P0012,2023-09-12,58,311.0,107.82088,-49.82087707519531
S001,P0012,2023-09-13,146,266.0,147.12094,-1.120941162109375
S001,P0012,2023-09-14,205,159.0,133.87984,71.12016296386719
S001,P0012,2023-09-15,109,262.0,116.25449,-7.254493713378906
S001,P0012,2023-09-16,77,508.0,112.5703,-35.57029724121094
S001,P0012,2023-09-17,158,431.0,155.73181,2.2681884765625
S001,P0012,2023-09-18,54,301.0,136.60806,-82.60806274414062
S001,P0012,2023-09-19,134,254.0,106.62902,27.37097930908203
S001,P0012,2023-09-20,210,102.0,129.10689,80.89311218261719
S001,P0012,2023-09-21,131,218.0,95.40558,35.59442138671875
S001,P0012,2023-09-22,245,429.0,169.32167,75.67832946777344
S001,P0012,2023-09-23,112,271.0,113.18804,-1.1880416870117188
S001,P0012,2023-09-24,120,574.0,110.74262,9.257377624511719
S001,P0012,2023-09-25,156,490.0,148.84529,7.1547088623046875
S001,P0012,2023-09-26,107,396.0,118.495804,-11.495803833007812
S001,P0012,2023-09-27,113,327.0,111.7244,1.2755966186523438
S001,P0012,2023-09-28,109,236.0,155.48402,-46.48402404785156
S001,P0012,2023-09-29,171,158.0,117.72569,53.27430725097656
S001,P0012,2023-09-30,106,241.0,110.89394,-4.893943786621094
S001,P0012,2023-10-01,123,450.0,108.704994,14.295005798339844
S001,P0012,2023-10-02,193,355.0,164.91922,28.080780029296875
S001,P0012,2023-10-03,215,197.0,173.04185,41.95814514160156
S001,P0012,2023-10-04,119,358.0,116.2389,2.7611007690429688
S001,P0012,2023-10-05,101,278.0,123.71229,-22.71228790283203
S001,P0012,2023-10-06,104,170.0,121.2523,-17.252296447753906
S001,P0012,2023-10-07,83,272.0,110.22381,-27.22380828857422
S001,P0012,2023-10-08,49,222.0,109.55573,-60.55573272705078
S001,P0012,2023-10-09,64,191.0,98.14584,-34.145843505859375
S001,P0012,2023-10-10,94,151.0,139.14098,-45.14097595214844
S001,P0012,2023-10-11,29,165.0,95.16901,-66.16900634765625
S001,P0012,2023-10-12,103,353.0,101.94176,1.0582427978515625
S001,P0012,2023-10-13,78,282.0,109.95321,-31.953208923339844
S001,P0012,2023-10-14,98,229.0,110.86873,-12.868728637695312
S001,P0012,2023-10-15,46,157.0,91.98598,-45.98597717285156
S001,P0012,2023-10-16,94,306.0,80.52281,13.477188110351562
S001,P0012,2023-10-17,76,193.0,79.513084,-3.5130844116210938
S001,P0012,2023-10-18,80,127.0,108.32667,-28.32666778564453
S001,P0012,2023-10-19,79,194.0,84.70819,-5.70819091796875
S001,P0012,2023-10-20,77,112.0,111.603325,-34.60332489013672
S001,P0012,2023-10-21,141,231.0,110.85544,30.144561767578125
S001,P0012,2023-10-22,77,82.0,83.519615,-6.519615173339844
S001,P0012,2023-10-23,61,317.0,91.85553,-30.85552978515625
S001,P0012,2023-10-24,83,247.0,79.853386,3.1466140747070312
S001,P0012,2023-10-25,124,178.0,113.907196,10.092803955078125
S001,P0012,2023-10-26,120,242.0,90.564415,29.435585021972656
S001,P0012,2023-10-27,96,156.0,97.5772,-1.5772018432617188
S001,P0012,2023-10-28,106,298.0,89.668396,16.33160400390625
S001,P0012,2023-10-29,195,201.0,94.724174,100.27582550048828
S001,P0012,2023-10-30,144,64.0,96.40282,47.59718322753906
S001,P0012,2023-10-31,71,353.0,102.82023,-31.820228576660156
S001,P0012,2023-11-01,164,293.0,127.32493,36.675071716308594
S001,P0012,2023-11-02,115,121.0,105.13778,9.862220764160156
S001,P0012,2023-11-03,103,406.0,136.6422,-33.64219665527344
S001,P0012,2023-11-04,156,332.0,109.24227,46.757728576660156
S001,P0012,2023-11-05,107,159.0,105.02147,1.9785308837890625
S001,P0012,2023-11-06,123,407.0,101.17402,21.82598114013672
S001,P0012,2023-11-07,133,290.0,100.177376,32.82262420654297
S001,P0012,2023-11-08,133,133.0,95.03469,37.965309143066406
S001,P0012,2023-11-09,148,291.0,129.24545,18.754547119140625
S001,P0012,2023-11-10,172,164.0,138.14021,33.85978698730469
S001,P0012,2023-11-11,100,351.0,104.58933,-4.589332580566406
S001,P0012,2023-11-12,130,267.0,105.78985,24.21015167236328
S001,P0012,2023-11-13,85,148.0,116.26403,-31.26403045654297
S001,P0012,2023-11-14,76,327.0,137.32309,-61.323089599609375
S001,P0012,2023-11-15,129,259.0,101.68564,27.314361572265625
S001,P0012,2023-11-16,173,149.0,123.57279,49.427207946777344
S001,P0012,2023-11-17,148,232.0,111.24153,36.75846862792969
S001,P0012,2023-11-18,155,418.0,143.01869,11.981307983398438
S001,P0012,2023-11-19,193,308.0,151.22467,41.77532958984375
S001,P0012,2023-11-20,127,125.0,116.672714,10.327285766601562
S001,P0012,2023-11-21,97,450.0,107.59808,-10.59808349609375
S001,P0012,2023-11-22,59,372.0,119.689026,-60.68902587890625
S001,P0012,2023-11-23,142,313.0,146.12277,-4.122772216796875
S001,P0012,2023-11-24,159,206.0,146.10574,12.894256591796875
S001,P0012,2023-11-25,169,410.0,118.60702,50.392982482910156
S001,P0012,2023-11-26,145,294.0,148.57515,-3.5751495361328125
S001,P0012,2023-11-27,92,555.0,113.77423,-21.77423095703125
S001,P0012,2023-11-28,117,483.0,105.2792,11.720802307128906
S001,P0012,2023-11-29,137,379.0,113.75824,23.24176025390625
S001,P0012,2023-11-30,117,250.0,111.215904,5.784095764160156
S001,P0012,2023-12-01,67,140.0,119.62398,-52.62397766113281
S001,P0012,2023-12-02,137,334.0,145.20029,-8.200286865234375
S001,P0012,2023-12-03,162,212.0,160.48991,1.5100860595703125
S001,P0012,2023-12-04,146,396.0,130.68054,15.3194580078125
S001,P0012,2023-12-05,34,225.0,121.67209,-87.67208862304688
S001,P0012,2023-12-06,118,203.0,121.33936,-3.3393630981445312
S001,P0012,2023-12-07,176,78.0,141.2378,34.76220703125
S001,P0012,2023-12-08,153,220.0,119.309494,33.69050598144531
S001,P0012,2023-12-09,159,522.0,158.57825,0.4217529296875
S001,P0012,2023-12-10,169,346.0,149.70804,19.291961669921875
S001,P0012,2023-12-11,116,166.0,155.27827,-39.27827453613281
S001,P0012,2023-12-12,89,344.0,127.52809,-38.52809143066406
S001,P0012,2023-12-13,107,266.0,118.24074,-11.240737915039062
S001,P0012,2023-12-14,94,173.0,112.30983,-18.309829711914062
S001,P0012,2023-12-15,124,305.0,155.02168,-31.021682739257812
S001,P0012,2023-12-16,112,208.0,113.02278,-1.0227813720703125
S001,P0012,2023-12-17,170,355.0,158.64789,11.35211181640625
S001,P0012,2023-12-18,170,252.0,119.79977,50.200233459472656
S001,P0012,2023-12-19,239,440.0,172.20473,66.79527282714844
S001,P0012,2023-12-20,98,232.0,101.635635,-3.6356353759765625
S001,P0012,2023-12-21,49,713.0,118.62246,-69.6224594116211
S001,P0012,2023-12-22,141,669.0,151.76135,-10.7613525390625
S001,P0012,2023-12-23,83,550.0,115.16546,-32.16545867919922
S001,P0012,2023-12-24,140,486.0,104.492615,35.50738525390625
S001,P0012,2023-12-25,112,328.0,142.53116,-30.531158447265625
S001,P0012,2023-12-26,109,199.0,106.054306,2.9456939697265625
S001,P0012,2023-12-27,50,120.0,107.08064,-57.08064270019531
S001,P0012,2023-12-28,111,255.0,90.695435,20.3045654296875
S001,P0012,2023-12-29,86,186.0,101.26499,-15.264991760253906
S001,P0012,2023-12-30,28,282.0,83.24911,-55.249107360839844
S001,P0012,2023-12-31,43,251.0,72.22237,-29.222366333007812
S001,P0012,2024-01-01,15,212.0,73.83087,-58.83087158203125
S001,P0012,2024-01-02,50,196.0,41.125645,8.87435531616211
S001,P0012,2024-01-03,113,144.0,45.495495,67.5045051574707
S001,P0012,2024-01-04,40,13.0,51.020046,-11.02004623413086
S001,P0012,2024-01-05,63,260.0,40.854645,22.145355224609375
S001,P0012,2024-01-06,122,217.0,37.940056,84.05994415283203
S001,P0012,2024-01-07,108,127.0,90.81239,17.187606811523438
S001,P0012,2024-01-08,43,267.0,56.531742,-13.531742095947266
S001,P0012,2024-01-09,185,239.0,112.81186,72.18814086914062
S001,P0012,2024-01-10,58,38.0,94.10616,-36.106163024902344
S001,P0012,2024-01-11,133,304.0,113.37687,19.623130798339844
S001,P0012,2024-01-12,169,166.0,124.36274,44.63726043701172
S001,P0012,2024-01-13,117,359.0,124.167145,-7.167144775390625
S001,P0012,2024-01-14,117,277.0,102.03304,14.966957092285156
S001,P0012,2024-01-15,54,149.0,107.5121,-53.51210021972656
S001,P0012,2024-01-16,87,289.0,92.77043,-5.7704315185546875
S001,P0012,2024-01-17,127,197.0,122.3579,4.642097473144531
S001,P0012,2024-01-18,75,54.0,119.34937,-44.34937286376953
S001,P0012,2024-01-19,100,286.0,88.924416,11.075584411621094
S001,P0012,2024-01-20,139,184.0,85.2368,53.76319885253906
S001,P0012,2024-01-21,154,80.0,89.62359,64.37641143798828
S001,P0012,2024-01-22,69,255.0,117.64119,-48.64118957519531
S001,P0012,2024-01-23,121,544.0,117.31101,3.6889877319335938
S001,P0012,2024-01-24,126,415.0,87.70654,38.29345703125
S001,P0012,2024-01-25,112,298.0,122.38857,-10.388572692871094
S001,P0012,2024-01-26,125,228.0,94.51752,30.48248291015625
S001,P0012,2024-01-27,159,373.0,91.14019,67.85980987548828
S001,P0012,2024-01-28,65,199.0,101.02791,-36.02790832519531
S001,P0012,2024-01-29,174,505.0,95.7706,78.22940063476562
S001,P0012,2024-01-30,86,396.0,99.37939,-13.379386901855469
S001,P0013,2023-09-07,116,131.0,95.77095,20.229049682617188
S001,P0013,2023-09-08,87,138.0,98.69031,-11.6903076171875
S001,P0013,2023-09-09,85,136.0,120.66326,-35.66326141357422
S001,P0013,2023-09-10,105,160.0,120.73414,-15.734138488769531
S001,P0013,2023-09-11,96,177.0,93.2093,2.7907028198242188
S001,P0013,2023-09-12,136,94.0,95.560524,40.439476013183594
S001,P0013,2023-09-13,97,151.0,95.45753,1.5424728393554688
S001,P0013,2023-09-14,61,159.0,113.413925,-52.41392517089844
S001,P0013,2023-09-15,155,94.0,124.13662,30.863380432128906
S001,P0013,2023-09-16,110,163.0,115.58983,-5.5898284912109375
S001,P0013,2023-09-17,97,176.0,93.40338,3.59661865234375
S001,P0013,2023-09-18,100,110.0,91.56608,8.433921813964844
S001,P0013,2023-09-19,77,109.0,90.3161,-13.31610107421875
S001,P0013,2023-09-20,50,107.0,88.996864,-38.996864318847656
S001,P0013,2023-09-21,99,118.0,93.08956,5.910438537597656
S001,P0013,2023-09-22,96,108.0,116.432,-20.43199920654297
S001,P0013,2023-09-23,102,136.0,91.544495,10.45550537109375
S001,P0013,2023-09-24,101,172.0,118.194016,-17.194015502929688
S001,P0013,2023-09-25,61,62.0,95.18388,-34.18388366699219
S001,P0013,2023-09-26,174,73.0,118.6874,55.312599182128906
S001,P0013,2023-09-27,129,194.0,90.035706,38.96429443359375
S001,P0013,2023-09-28,67,42.0,100.11847,-33.11846923828125
S001,P0013,2023-09-29,115,70.0,97.743965,17.25603485107422
S001,P0013,2023-09-30,46,109.0,93.16525,-47.165252685546875
S001,P0013,2023-10-01,120,58.0,93.988754,26.011245727539062
S001,P0013,2023-10-02,95,119.0,119.61027,-24.610267639160156
S001,P0013,2023-10-03,106,136.0,117.212326,-11.212326049804688
S001,P0013,2023-10-04,84,100.0,95.15412,-11.154121398925781
S001,P0013,2023-10-05,86,115.0,95.89468,-9.894676208496094
S001,P0013,2023-10-06,71,148.0,92.3965,-21.396499633789062
S001,P0013,2023-10-07,31,90.0,82.95366,-51.95365905761719
S001,P0013,2023-10-08,21,120.0,67.61901,-46.61901092529297
S001,P0013,2023-10-09,41,97.0,63.008377,-22.008377075195312
S001,P0013,2023-10-10,47,111.0,72.34789,-25.34789276123047
S001,P0013,2023-10-11,14,62.0,40.598804,-26.598804473876953
S001,P0013,2023-10-12,28,102.0,38.958538,-10.958538055419922
S001,P0013,2023-10-13,23,71.0,32.178707,-9.178707122802734
S001,P0013,2023-10-14,12,103.0,29.536789,-17.536788940429688
S001,P0013,2023-10-15,33,95.0,28.177362,4.822637557983398
S001,P0013,2023-10-16,48,108.0,35.170353,12.829647064208984
S001,P0013,2023-10-17,35,111.0,34.9408,0.059200286865234375
S001,P0013,2023-10-18,51,75.0,35.698185,15.301815032958984
S001,P0013,2023-10-19,70,76.0,32.779846,37.22015380859375
S001,P0013,2023-10-20,18,76.0,35.511425,-17.511425018310547
S001,P0013,2023-10-21,44,114.0,32.796608,11.203392028808594
S001,P0013,2023-10-22,69,75.0,42.516945,26.483055114746094
S001,P0013,2023-10-23,15,98.0,40.54352,-25.543521881103516
S001,P0013,2023-10-24,10,84.0,26.781921,-16.78192138671875
S001,P0013,2023-10-25,102,74.0,105.34802,-3.3480224609375
S001,P0013,2023-10-26,118,114.0,101.71134,16.288658142089844
S001,P0013,2023-10-27,91,121.0,96.493515,-5.4935150146484375
S001,P0013,2023-10-28,56,117.0,87.43674,-31.436737060546875
S001,P0013,2023-10-29,25,111.0,83.41349,-58.413490295410156
S001,P0013,2023-10-30,131,86.0,92.94169,38.058311462402344
S001,P0013,2023-10-31,92,147.0,81.96077,10.039230346679688
S001,P0013,2023-11-01,121,173.0,108.10379,12.896209716796875
S001,P0013,2023-11-02,93,177.0,85.289406,7.710594177246094
S001,P0013,2023-11-03,104,85.0,90.46126,13.538742065429688
S001,P0013,2023-11-04,110,124.0,90.48102,19.51898193359375
S001,P0013,2023-11-05,103,118.0,128.16762,-25.167617797851562
S001,P0013,2023-11-06,76,143.0,89.5835,-13.583503723144531
S001,P0013,2023-11-07,85,83.0,84.690506,0.3094940185546875
S001,P0013,2023-11-08,153,109.0,110.350365,42.649635314941406
S001,P0013,2023-11-09,60,138.0,86.68888,-26.688880920410156
S001,P0013,2023-11-10,69,77.0,82.91824,-13.918243408203125
S001,P0013,2023-11-11,86,65.0,87.56287,-1.5628662109375
S001,P0013,2023-11-12,49,81.0,87.63012,-38.63011932373047
S001,P0013,2023-11-13,61,102.0,87.39164,-26.391639709472656
S001,P0013,2023-11-14,114,124.0,112.83761,1.1623916625976562
S001,P0013,2023-11-15,79,105.0,84.81774,-5.817741394042969
S001,P0013,2023-11-16,115,93.0,104.13872,10.861282348632812
S001,P0013,2023-11-17,46,105.0,86.75813,-40.75813293457031
S001,P0013,2023-11-18,59,113.0,104.28879,-45.288787841796875
S001,P0013,2023-11-19,39,113.0,82.58117,-43.58116912841797
S001,P0013,2023-11-20,91,76.0,109.69772,-18.697723388671875
S001,P0013,2023-11-21,61,99.0,99.97877,-38.97876739501953
S001,P0013,2023-11-22,101,112.0,81.80798,19.1920166015625
S001,P0013,2023-11-23,102,128.0,108.29707,-6.2970733642578125
S001,P0013,2023-11-24,53,124.0,83.06709,-30.067092895507812
S001,P0013,2023-11-25,33,75.0,101.83078,-68.83078002929688
S001,P0013,2023-11-26,68,96.0,83.46742,-15.467422485351562
S001,P0013,2023-11-27,133,99.0,90.978355,42.021644592285156
S001,P0013,2023-11-28,126,125.0,90.12675,35.873252868652344
S001,P0013,2023-11-29,94,147.0,90.40969,3.5903091430664062
S001,P0013,2023-11-30,73,163.0,84.64224,-11.642242431640625
S001,P0013,2023-12-01,65,76.0,90.63049,-25.6304931640625
S001,P0013,2023-12-02,161,72.0,115.112076,45.88792419433594
S001,P0013,2023-12-03,115,169.0,91.49124,23.508758544921875
S001,P0013,2023-12-04,134,166.0,123.090195,10.909805297851562
S001,P0013,2023-12-05,45,177.0,119.288765,-74.28876495361328
S001,P0013,2023-12-06,136,135.0,120.84064,15.15936279296875
S001,P0013,2023-12-07,83,178.0,91.84032,-8.840316772460938
S001,P0013,2023-12-08,103,92.0,96.37814,6.621856689453125
S001,P0013,2023-12-09,45,127.0,88.8016,-43.801597595214844
S001,P0013,2023-12-10,101,100.0,92.81261,8.187393188476562
S001,P0013,2023-12-11,100,107.0,93.97746,6.0225372314453125
S001,P0013,2023-12-12,65,95.0,91.920074,-26.920074462890625
S001,P0013,2023-12-13,77,121.0,114.44864,-37.448638916015625
S001,P0013,2023-12-14,100,107.0,89.7163,10.283699035644531
S001,P0013,2023-12-15,122,156.0,91.492874,30.507125854492188
S001,P0013,2023-12-16,65,150.0,87.07318,-22.07318115234375
S001,P0013,2023-12-17,146,93.0,123.820015,22.17998504638672
S001,P0013,2023-12-18,83,137.0,88.85052,-5.850517272949219
S001,P0013,2023-12-19,143,136.0,95.88306,47.116943359375
S001,P0013,2023-12-20,128,125.0,124.10528,3.8947219848632812
S001,P0013,2023-12-21,108,126.0,90.3623,17.63770294189453
S001,P0013,2023-12-22,123,139.0,125.621124,-2.621124267578125
S001,P0013,2023-12-23,54,148.0,94.25868,-40.25868225097656
S001,P0013,2023-12-24,161,113.0,103.511406,57.48859405517578
S001,P0013,2023-12-25,115,195.0,95.770874,19.2291259765625
S001,P0013,2023-12-26,75,93.0,98.94394,-23.943939208984375
S001,P0013,2023-12-27,44,114.0,108.05916,-64.05915832519531
S001,P0013,2023-12-28,30,73.0,64.45493,-34.454933166503906
S001,P0013,2023-12-29,28,105.0,54.49472,-26.494720458984375
S001,P0013,2023-12-30,13,84.0,43.83039,-30.83039093017578
S001,P0013,2023-12-31,42,75.0,49.732185,-7.732185363769531
S001,P0013,2024-01-01,21,97.0,16.469631,4.530368804931641
S001,P0013,2024-01-02,16,72.0,22.694042,-6.694042205810547
S001,P0013,2024-01-03,47,110.0,20.79153,26.20846939086914
S001,P0013,2024-01-04,23,79.0,18.148094,4.851905822753906
S001,P0013,2024-01-05,16,114.0,24.716288,-8.716287612915039
S001,P0013,2024-01-06,34,95.0,25.656065,8.343935012817383
S001,P0013,2024-01-07,28,113.0,27.6997,0.30030059814453125
S001,P0013,2024-01-08,25,84.0,20.518414,4.481586456298828
S001,P0013,2024-01-09,129,109.0,102.35529,26.64470672607422
S001,P0013,2024-01-10,163,146.0,121.28292,41.717079162597656
S001,P0013,2024-01-11,74,175.0,94.67057,-20.670570373535156
S001,P0013,2024-01-12,36,94.0,101.053154,-65.05315399169922
S001,P0013,2024-01-13,138,102.0,107.203835,30.796165466308594
S001,P0013,2024-01-14,63,118.0,97.697136,-34.69713592529297
S001,P0013,2024-01-15,77,141.0,101.09202,-24.092018127441406
S001,P0013,2024-01-16,152,76.0,126.06586,25.93414306640625
S001,P0013,2024-01-17,135,153.0,123.62468,11.375320434570312
S001,P0013,2024-01-18,61,162.0,98.693504,-37.693504333496094
S001,P0013,2024-01-19,105,125.0,101.77193,3.2280731201171875
S001,P0013,2024-01-20,120,146.0,96.68122,23.31877899169922
S001,P0013,2024-01-21,132,168.0,97.00168,34.998321533203125
S001,P0013,2024-01-22,91,185.0,96.859764,-5.859764099121094
S001,P0013,2024-01-23,99,117.0,115.02247,-16.02246856689453
S001,P0013,2024-01-24,84,168.0,88.274765,-4.2747650146484375
S001,P0013,2024-01-25,174,98.0,119.21027,54.78972625732422
S001,P0013,2024-01-26,104,200.0,93.13414,10.865859985351562
S001,P0013,2024-01-27,69,101.0,112.52589,-43.52588653564453
S001,P0013,2024-01-28,57,92.0,84.93502,-27.935020446777344
S001,P0013,2024-01-29,109,93.0,92.54267,16.45732879638672
S001,P0013,2024-01-30,116,91.0,95.12054,20.87946319580078
S001,P0014,2023-09-07,106,733.0,124.09177,-18.091766357421875
S001,P0014,2023-09-08,133,644.0,118.94777,14.052230834960938
S001,P0014,2023-09-09,72,525.0,108.61447,-36.614471435546875
S001,P0014,2023-09-10,44,456.0,95.524124,-51.52412414550781
S001,P0014,2023-09-11,280,411.0,155.47731,124.52268981933594
S001,P0014,2023-09-12,153,75.0,104.7997,48.20030212402344
S001,P0014,2023-09-13,139,0.0,140.75424,-1.754241943359375
S001,P0014,2023-09-14,85,757.0,118.13832,-33.13832092285156
S001,P0014,2023-09-15,192,674.0,147.90486,44.09513854980469
S001,P0014,2023-09-16,31,512.0,98.078094,-67.07809448242188
S001,P0014,2023-09-17,106,479.0,104.518105,1.4818954467773438
S001,P0014,2023-09-18,109,394.0,144.50034,-35.500335693359375
S001,P0014,2023-09-19,54,287.0,98.50234,-44.502342224121094
S001,P0014,2023-09-20,115,255.0,98.085205,16.914794921875
S001,P0014,2023-09-21,65,435.0,93.53813,-28.538131713867188
S001,P0014,2023-09-22,128,382.0,98.5859,29.414100646972656
S001,P0014,2023-09-23,97,235.0,96.6685,0.3314971923828125
S001,P0014,2023-09-24,117,154.0,109.57196,7.42803955078125
S001,P0014,2023-09-25,64,475.0,104.862366,-40.86236572265625
S001,P0014,2023-09-26,100,435.0,123.55935,-23.559349060058594
S001,P0014,2023-09-27,121,356.0,123.17892,-2.1789169311523438
S001,P0014,2023-09-28,127,242.0,123.41557,3.5844268798828125
S001,P0014,2023-09-29,80,124.0,101.09611,-21.096107482910156
S001,P0014,2023-09-30,146,486.0,99.4615,46.53849792480469
S001,P0014,2023-10-01,91,353.0,94.35781,-3.3578109741210938
S001,P0014,2023-10-02,140,298.0,102.70798,37.292022705078125
S001,P0014,2023-10-03,126,676.0,99.83972,26.1602783203125
S001,P0014,2023-10-04,86,586.0,95.28015,-9.2801513671875
S001,P0014,2023-10-05,28,490.0,88.985085,-60.985084533691406
S001,P0014,2023-10-06,39,460.0,86.11444,-47.11444091796875
S001,P0014,2023-10-07,70,422.0,81.31552,-11.315521240234375
S001,P0014,2023-10-08,82,370.0,95.07179,-13.071792602539062
S001,P0014,2023-10-09,211,279.0,124.02858,86.97142028808594
S001,P0014,2023-10-10,42,57.0,100.045815,-58.045814514160156
S001,P0014,2023-10-11,143,26.0,102.79976,40.20024108886719
S001,P0014,2023-10-12,75,532.0,110.26083,-35.260833740234375
S001,P0014,2023-10-13,71,479.0,94.60049,-23.600486755371094
S001,P0014,2023-10-14,69,425.0,109.17961,-40.17961120605469
S001,P0014,2023-10-15,103,382.0,110.9754,-7.97540283203125
S001,P0014,2023-10-16,56,276.0,82.059525,-26.059524536132812
S001,P0014,2023-10-17,86,240.0,96.59557,-10.595573425292969
S001,P0014,2023-10-18,116,492.0,97.9058,18.094200134277344
S001,P0014,2023-10-19,139,374.0,101.63239,37.36760711669922
S001,P0014,2023-10-20,93,228.0,82.693146,10.306854248046875
S001,P0014,2023-10-21,101,160.0,87.75417,13.245826721191406
S001,P0014,2023-10-22,70,480.0,110.11526,-40.115257263183594
S001,P0014,2023-10-23,80,435.0,82.35884,-2.3588409423828125
S001,P0014,2023-10-24,27,383.0,74.45972,-47.459716796875
S001,P0014,2023-10-25,91,357.0,91.35377,-0.35376739501953125
S001,P0014,2023-10-26,144,279.0,88.611565,55.38843536376953
S001,P0014,2023-10-27,21,160.0,80.94147,-59.94146728515625
S001,P0014,2023-10-28,165,146.0,75.67365,89.32634735107422
S001,P0014,2023-10-29,113,427.0,85.65321,27.346786499023438
S001,P0014,2023-10-30,113,356.0,91.713524,21.286476135253906
S001,P0014,2023-10-31,116,674.0,96.33359,19.666412353515625
S001,P0014,2023-11-01,138,546.0,98.659004,39.34099578857422
S001,P0014,2023-11-02,194,433.0,121.595,72.40499877929688
S001,P0014,2023-11-03,83,218.0,123.4655,-40.46549987792969
S001,P0014,2023-11-04,84,137.0,122.487434,-38.48743438720703
S001,P0014,2023-11-05,84,701.0,112.86251,-28.862510681152344
S001,P0014,2023-11-06,102,607.0,106.55429,-4.554290771484375
S001,P0014,2023-11-07,98,513.0,96.981636,1.0183639526367188
S001,P0014,2023-11-08,101,437.0,124.735855,-23.735855102539062
S001,P0014,2023-11-09,71,362.0,89.6845,-18.68450164794922
S001,P0014,2023-11-10,132,292.0,111.56526,20.434738159179688
S001,P0014,2023-11-11,173,171.0,127.569595,45.43040466308594
S001,P0014,2023-11-12,112,23.0,122.02385,-10.023849487304688
S001,P0014,2023-11-13,140,348.0,98.51769,41.48230743408203
S001,P0014,2023-11-14,153,816.0,127.391884,25.608116149902344
S001,P0014,2023-11-15,145,700.0,136.03195,8.968048095703125
S001,P0014,2023-11-16,86,574.0,108.265434,-22.26543426513672
S001,P0014,2023-11-17,75,495.0,105.46778,-30.46778106689453
S001,P0014,2023-11-18,135,430.0,91.0606,43.93939971923828
S001,P0014,2023-11-19,112,279.0,95.112686,16.887313842773438
S001,P0014,2023-11-20,111,155.0,103.65056,7.3494415283203125
S001,P0014,2023-11-21,94,390.0,92.603035,1.3969650268554688
S001,P0014,2023-11-22,74,310.0,96.56578,-22.565780639648438
S001,P0014,2023-11-23,127,239.0,96.995316,30.004684448242188
S001,P0014,2023-11-24,150,151.0,100.28826,49.71173858642578
S001,P0014,2023-11-25,176,19.0,105.105865,70.89413452148438
S001,P0014,2023-11-26,108,454.0,106.677734,1.322265625
S001,P0014,2023-11-27,169,338.0,104.137726,64.86227416992188
S001,P0014,2023-11-28,80,766.0,114.14833,-34.14833068847656
S001,P0014,2023-11-29,65,697.0,109.87348,-44.87348175048828
S001,P0014,2023-11-30,122,632.0,109.37737,12.622627258300781
S001,P0014,2023-12-01,105,509.0,107.47099,-2.4709930419921875
S001,P0014,2023-12-02,83,418.0,107.914734,-24.91473388671875
S001,P0014,2023-12-03,113,331.0,135.25653,-22.25653076171875
S001,P0014,2023-12-04,5,203.0,95.59638,-90.59638214111328
S001,P0014,2023-12-05,85,199.0,104.64569,-19.64569091796875
S001,P0014,2023-12-06,78,510.0,105.33361,-27.33361053466797
S001,P0014,2023-12-07,59,446.0,97.405075,-38.40507507324219
S001,P0014,2023-12-08,140,384.0,94.956154,45.043846130371094
S001,P0014,2023-12-09,123,262.0,116.707436,6.292564392089844
S001,P0014,2023-12-10,196,171.0,120.39606,75.60394287109375
S001,P0014,2023-12-11,91,475.0,136.54167,-45.54167175292969
S001,P0014,2023-12-12,73,417.0,119.27719,-46.277191162109375
S001,P0014,2023-12-13,139,956.0,99.24859,39.75141143798828
S001,P0014,2023-12-14,186,806.0,130.3971,55.6029052734375
S001,P0014,2023-12-15,100,593.0,106.082214,-6.08221435546875
S001,P0014,2023-12-16,140,522.0,137.97273,2.0272674560546875
S001,P0014,2023-12-17,104,425.0,102.766975,1.2330245971679688
S001,P0014,2023-12-18,115,336.0,101.87878,13.121223449707031
S001,P0014,2023-12-19,148,202.0,96.56976,51.43023681640625
S001,P0014,2023-12-20,133,97.0,99.52749,33.472511291503906
S001,P0014,2023-12-21,175,395.0,141.19853,33.80146789550781
S001,P0014,2023-12-22,75,265.0,112.81363,-37.813629150390625
S001,P0014,2023-12-23,133,214.0,137.3624,-4.362396240234375
S001,P0014,2023-12-24,120,675.0,144.24132,-24.241317749023438
S001,P0014,2023-12-25,77,533.0,110.038574,-33.03857421875
S001,P0014,2023-12-26,109,452.0,105.02709,3.9729080200195312
S001,P0014,2023-12-27,45,368.0,78.258194,-33.25819396972656
S001,P0014,2023-12-28,73,317.0,87.37453,-14.374526977539062
S001,P0014,2023-12-29,127,248.0,87.92142,39.078582763671875
S001,P0014,2023-12-30,75,98.0,91.48062,-16.480621337890625
S001,P0014,2023-12-31,78,35.0,90.08867,-12.088668823242188
S001,P0014,2024-01-01,53,334.0,102.41168,-49.41168212890625
S001,P0014,2024-01-02,104,290.0,67.938095,36.06190490722656
S001,P0014,2024-01-03,78,226.0,75.33371,2.666290283203125
S001,P0014,2024-01-04,39,173.0,61.039986,-22.03998565673828
S001,P0014,2024-01-05,111,506.0,76.33956,34.660438537597656
S001,P0014,2024-01-06,65,421.0,60.022537,4.9774627685546875
S001,P0014,2024-01-07,109,345.0,53.838314,55.161685943603516
S001,P0014,2024-01-08,98,247.0,57.435562,40.56443786621094
S001,P0014,2024-01-09,108,176.0,105.6341,2.3658981323242188
S001,P0014,2024-01-10,134,415.0,90.734055,43.26594543457031
S001,P0014,2024-01-11,55,287.0,89.699425,-34.699424743652344
S001,P0014,2024-01-12,171,240.0,89.83115,81.16885375976562
S001,P0014,2024-01-13,91,410.0,99.31356,-8.313560485839844
S001,P0014,2024-01-14,119,313.0,90.31261,28.687393188476562
S001,P0014,2024-01-15,105,650.0,101.02541,3.9745864868164062
S001,P0014,2024-01-16,76,533.0,113.66892,-37.668922424316406
S001,P0014,2024-01-17,52,452.0,88.714806,-36.714805603027344
S001,P0014,2024-01-18,169,398.0,128.68681,40.31318664550781
S001,P0014,2024-01-19,109,287.0,121.99554,-12.995536804199219
S001,P0014,2024-01-20,186,219.0,122.43124,63.568763732910156
S001,P0014,2024-01-21,128,612.0,134.17377,-6.17376708984375
S001,P0014,2024-01-22,193,524.0,131.2905,61.709503173828125
S001,P0014,2024-01-23,86,362.0,107.00537,-21.00537109375
S001,P0014,2024-01-24,172,290.0,107.39873,64.60127258300781
S001,P0014,2024-01-25,67,693.0,102.47992,-35.47991943359375
S001,P0014,2024-01-26,116,636.0,108.68797,7.3120269775390625
S001,P0014,2024-01-27,178,518.0,137.02823,40.971771240234375
S001,P0014,2024-01-28,59,342.0,96.57413,-37.574127197265625
S001,P0014,2024-01-29,77,287.0,102.8261,-25.82610321044922
S001,P0014,2024-01-30,86,660.0,102.117485,-16.11748504638672
S001,P0015,2023-09-07,119,197.0,113.62168,5.378318786621094
S001,P0015,2023-09-08,82,119.0,80.235,1.7649993896484375
S001,P0015,2023-09-09,107,131.0,113.84644,-6.846443176269531
S001,P0015,2023-09-10,155,125.0,80.89561,74.1043930053711
S001,P0015,2023-09-11,80,184.0,70.13419,9.865806579589844
S001,P0015,2023-09-12,94,125.0,83.90627,10.093727111816406
S001,P0015,2023-09-13,78,129.0,79.75914,-1.7591400146484375
S001,P0015,2023-09-14,203,142.0,106.50661,96.49339294433594
S001,P0015,2023-09-15,47,223.0,74.25589,-27.255889892578125
S001,P0015,2023-09-16,103,172.0,80.2323,22.7677001953125
S001,P0015,2023-09-17,95,92.0,76.68421,18.31578826904297
S001,P0015,2023-09-18,101,87.0,105.56011,-4.560111999511719
S001,P0015,2023-09-19,94,138.0,78.68037,15.319633483886719
S001,P0015,2023-09-20,81,133.0,84.87319,-3.8731918334960938
S001,P0015,2023-09-21,120,154.0,83.46699,36.53301239013672
S001,P0015,2023-09-22,118,160.0,108.15615,9.843849182128906
S001,P0015,2023-09-23,191,176.0,115.42331,75.57669067382812
S001,P0015,2023-09-24,65,206.0,79.79935,-14.799346923828125
S001,P0015,2023-09-25,98,130.0,84.46458,13.535423278808594
S001,P0015,2023-09-26,131,136.0,81.77216,49.22783660888672
S001,P0015,2023-09-27,118,121.0,104.18057,13.819427490234375
S001,P0015,2023-09-28,101,131.0,107.19614,-6.196136474609375
S001,P0015,2023-09-29,110,119.0,85.74385,24.256149291992188
S001,P0015,2023-09-30,66,114.0,72.434494,-6.4344940185546875
S001,P0015,2023-10-01,97,125.0,98.19637,-1.1963729858398438
S001,P0015,2023-10-02,75,124.0,80.51074,-5.5107421875
S001,P0015,2023-10-03,129,143.0,88.486435,40.51356506347656
S001,P0015,2023-10-04,100,153.0,93.070526,6.929473876953125
S001,P0015,2023-10-05,87,156.0,84.66697,2.3330307006835938
S001,P0015,2023-10-06,104,101.0,102.256485,1.7435150146484375
S001,P0015,2023-10-07,76,117.0,84.55237,-8.5523681640625
S001,P0015,2023-10-08,9,156.0,98.66763,-89.66763305664062
S001,P0015,2023-10-09,87,149.0,72.49741,14.502586364746094
S001,P0015,2023-10-10,61,173.0,64.038155,-3.0381546020507812
S001,P0015,2023-10-11,41,107.0,58.949055,-17.949054718017578
S001,P0015,2023-10-12,29,69.0,53.418392,-24.418392181396484
S001,P0015,2023-10-13,39,100.0,33.461735,5.538265228271484
S001,P0015,2023-10-14,27,117.0,31.31988,-4.319879531860352
S001,P0015,2023-10-15,39,87.0,27.486742,11.51325798034668
S001,P0015,2023-10-16,9,96.0,18.64574,-9.645740509033203
S001,P0015,2023-10-17,67,88.0,27.985182,39.01481819152832
S001,P0015,2023-10-18,29,107.0,20.61457,8.385429382324219
S001,P0015,2023-10-19,29,76.0,20.202978,8.797021865844727
S001,P0015,2023-10-20,33,106.0,18.51365,14.486349105834961
S001,P0015,2023-10-21,4,72.0,28.846495,-24.846494674682617
S001,P0015,2023-10-22,17,68.0,18.97223,-1.9722309112548828
S001,P0015,2023-10-23,26,107.0,15.250521,10.749479293823242
S001,P0015,2023-10-24,37,84.0,27.733177,9.266822814941406
S001,P0015,2023-10-25,38,105.0,63.913727,-25.913726806640625
S001,P0015,2023-10-26,119,74.0,80.915306,38.084693908691406
S001,P0015,2023-10-27,66,139.0,79.07112,-13.071121215820312
S001,P0015,2023-10-28,195,79.0,104.808685,90.19131469726562
S001,P0015,2023-10-29,102,170.0,87.80736,14.192642211914062
S001,P0015,2023-10-30,141,53.0,73.20832,67.79167938232422
S001,P0015,2023-10-31,38,132.0,67.72812,-29.728118896484375
S001,P0015,2023-11-01,59,99.0,86.317825,-27.317825317382812
S001,P0015,2023-11-02,72,114.0,83.27347,-11.273468017578125
S001,P0015,2023-11-03,33,106.0,62.256275,-29.256275177001953
S001,P0015,2023-11-04,112,71.0,94.09405,17.90595245361328
S001,P0015,2023-11-05,92,101.0,82.46823,9.531768798828125
S001,P0015,2023-11-06,89,109.0,74.45735,14.542648315429688
S001,P0015,2023-11-07,143,138.0,78.78945,64.2105484008789
S001,P0015,2023-11-08,159,143.0,87.3023,71.69770050048828
S001,P0015,2023-11-09,94,129.0,89.66249,4.3375091552734375
S001,P0015,2023-11-10,77,146.0,87.41777,-10.417770385742188
S001,P0015,2023-11-11,129,95.0,99.312256,29.687744140625
S001,P0015,2023-11-12,104,123.0,89.56426,14.435737609863281
S001,P0015,2023-11-13,66,119.0,81.29342,-15.293418884277344
S001,P0015,2023-11-14,126,140.0,86.248276,39.75172424316406
S001,P0015,2023-11-15,84,157.0,76.68766,7.312339782714844
S001,P0015,2023-11-16,107,74.0,88.124725,18.875274658203125
S001,P0015,2023-11-17,64,96.0,76.78953,-12.789527893066406
S001,P0015,2023-11-18,93,74.0,87.29543,5.704566955566406
S001,P0015,2023-11-19,166,99.0,89.31643,76.6835708618164
S001,P0015,2023-11-20,71,187.0,86.0867,-15.086700439453125
S001,P0015,2023-11-21,142,143.0,110.3162,31.683799743652344
S001,P0015,2023-11-22,59,149.0,90.20932,-31.209320068359375
S001,P0015,2023-11-23,144,102.0,114.409004,29.59099578857422
S001,P0015,2023-11-24,127,143.0,87.15549,39.844512939453125
S001,P0015,2023-11-25,59,164.0,70.79391,-11.793907165527344
S001,P0015,2023-11-26,166,104.0,110.840775,55.15922546386719
S001,P0015,2023-11-27,137,163.0,111.51511,25.484893798828125
S001,P0015,2023-11-28,70,168.0,93.311134,-23.311134338378906
S001,P0015,2023-11-29,128,112.0,90.58751,37.41249084472656
S001,P0015,2023-11-30,47,170.0,72.979774,-25.979774475097656
S001,P0015,2023-12-01,82,137.0,86.55523,-4.555229187011719
S001,P0015,2023-12-02,155,148.0,115.81609,39.18390655517578
S001,P0015,2023-12-03,96,171.0,116.17252,-20.172523498535156
S001,P0015,2023-12-04,131,70.0,99.07537,31.92462921142578
S001,P0015,2023-12-05,52,130.0,82.913826,-30.91382598876953
S001,P0015,2023-12-06,73,76.0,111.28284,-38.2828369140625
S001,P0015,2023-12-07,54,59.0,81.062256,-27.062255859375
S001,P0015,2023-12-08,73,68.0,93.74739,-20.747390747070312
S001,P0015,2023-12-09,65,70.0,81.71522,-16.71521759033203
S001,P0015,2023-12-10,69,86.0,83.57232,-14.572319030761719
S001,P0015,2023-12-11,86,108.0,78.403015,7.59698486328125
S001,P0015,2023-12-12,95,106.0,86.0707,8.929298400878906
S001,P0015,2023-12-13,31,112.0,106.29482,-75.2948226928711
S001,P0015,2023-12-14,99,77.0,93.90254,5.0974578857421875
S001,P0015,2023-12-15,49,106.0,75.072914,-26.072914123535156
S001,P0015,2023-12-16,135,118.0,113.85553,21.14447021484375
S001,P0015,2023-12-17,71,117.0,100.91501,-29.915008544921875
S001,P0015,2023-12-18,114,126.0,93.088936,20.91106414794922
S001,P0015,2023-12-19,150,171.0,86.18609,63.81391143798828
S001,P0015,2023-12-20,35,188.0,68.539856,-33.53985595703125
S001,P0015,2023-12-21,106,163.0,87.75389,18.246109008789062
S001,P0015,2023-12-22,132,153.0,83.67126,48.32874298095703
S001,P0015,2023-12-23,122,209.0,89.48478,32.515220642089844
S001,P0015,2023-12-24,91,117.0,95.22674,-4.226737976074219
S001,P0015,2023-12-25,104,122.0,102.83425,1.1657485961914062
S001,P0015,2023-12-26,104,103.0,82.55514,21.444862365722656
S001,P0015,2023-12-27,58,116.0,86.53187,-28.53186798095703
S001,P0015,2023-12-28,32,111.0,86.62773,-54.62773132324219
S001,P0015,2023-12-29,41,76.0,49.365814,-8.365814208984375
S001,P0015,2023-12-30,38,81.0,46.463753,-8.463752746582031
S001,P0015,2023-12-31,63,102.0,46.80859,16.191410064697266
S001,P0015,2024-01-01,12,104.0,60.615376,-48.61537551879883
S001,P0015,2024-01-02,18,90.0,15.483903,2.516097068786621
S001,P0015,2024-01-03,33,69.0,20.88399,12.116010665893555
S001,P0015,2024-01-04,10,90.0,4.88477,5.115230083465576
S001,P0015,2024-01-05,73,83.0,17.56248,55.43751907348633
S001,P0015,2024-01-06,46,109.0,20.858189,25.14181137084961
S001,P0015,2024-01-07,10,115.0,23.559269,-13.559268951416016
S001,P0015,2024-01-08,16,109.0,18.68813,-2.688129425048828
S001,P0015,2024-01-09,122,91.0,102.09094,19.9090576171875
S001,P0015,2024-01-10,89,128.0,83.62583,5.374168395996094
S001,P0015,2024-01-11,64,170.0,83.5042,-19.50420379638672
S001,P0015,2024-01-12,138,95.0,99.153435,38.84656524658203
S001,P0015,2024-01-13,156,129.0,110.26703,45.73297119140625
S001,P0015,2024-01-14,108,157.0,90.70383,17.296173095703125
S001,P0015,2024-01-15,112,196.0,91.5065,20.493499755859375
S001,P0015,2024-01-16,97,94.0,86.576324,10.423675537109375
S001,P0015,2024-01-17,99,88.0,84.25035,14.749649047851562
S001,P0015,2024-01-18,74,109.0,85.187744,-11.187744140625
S001,P0015,2024-01-19,78,123.0,89.682625,-11.682624816894531
S001,P0015,2024-01-20,181,105.0,118.67151,62.3284912109375
S001,P0015,2024-01-21,152,174.0,86.02432,65.97567749023438
S001,P0015,2024-01-22,83,150.0,87.10938,-4.109382629394531
S001,P0015,2024-01-23,118,96.0,89.34611,28.653892517089844
S001,P0015,2024-01-24,90,110.0,86.4574,3.5426025390625
S001,P0015,2024-01-25,170,104.0,82.55387,87.44612884521484
S001,P0015,2024-01-26,148,149.0,112.58399,35.41600799560547
S001,P0015,2024-01-27,144,156.0,120.043846,23.956153869628906
S001,P0015,2024-01-28,80,155.0,113.642,-33.641998291015625
S001,P0015,2024-01-29,86,66.0,91.41546,-5.415458679199219
S001,P0015,2024-01-30,83,80.0,80.26298,2.7370223999023438
S001,P0016,2023-09-07,161,385.0,116.772484,44.227516174316406
S001,P0016,2023-09-08,137,637.0,113.00437,23.995628356933594
S001,P0016,2023-09-09,114,503.0,143.63336,-29.63336181640625
S001,P0016,2023-09-10,88,367.0,148.48453,-60.484527587890625
S001,P0016,2023-09-11,123,293.0,115.64692,7.353080749511719
S001,P0016,2023-09-12,187,196.0,133.4114,53.588592529296875
S001,P0016,2023-09-13,86,54.0,109.08513,-23.085128784179688
S001,P0016,2023-09-14,154,423.0,101.120834,52.87916564941406
S001,P0016,2023-09-15,132,294.0,107.16739,24.832611083984375
S001,P0016,2023-09-16,103,151.0,144.02515,-41.025146484375
S001,P0016,2023-09-17,90,475.0,104.042305,-14.042304992675781
S001,P0016,2023-09-18,139,415.0,103.15894,35.84105682373047
S001,P0016,2023-09-19,91,325.0,101.08279,-10.082786560058594
S001,P0016,2023-09-20,179,251.0,87.470726,91.5292739868164
S001,P0016,2023-09-21,64,545.0,106.780334,-42.78033447265625
S001,P0016,2023-09-22,134,501.0,134.28636,-0.2863616943359375
S001,P0016,2023-09-23,173,403.0,89.49896,83.50103759765625
S001,P0016,2023-09-24,102,208.0,144.32816,-42.328155517578125
S001,P0016,2023-09-25,124,131.0,113.06796,10.932037353515625
S001,P0016,2023-09-26,110,629.0,111.53036,-1.5303573608398438
S001,P0016,2023-09-27,161,515.0,130.60861,30.391387939453125
S001,P0016,2023-09-28,85,350.0,135.38144,-50.381439208984375
S001,P0016,2023-09-29,116,283.0,117.54043,-1.5404281616210938
S001,P0016,2023-09-30,98,708.0,105.93337,-7.933372497558594
S001,P0016,2023-10-01,136,646.0,98.98058,37.01941680908203
S001,P0016,2023-10-02,209,556.0,135.4937,73.50630187988281
S001,P0016,2023-10-03,108,402.0,108.397644,-0.39764404296875
S001,P0016,2023-10-04,129,283.0,143.24066,-14.24066162109375
S001,P0016,2023-10-05,160,687.0,139.0395,20.960494995117188
S001,P0016,2023-10-06,136,505.0,146.82265,-10.822647094726562
S001,P0016,2023-10-07,129,390.0,107.43211,21.567886352539062
S001,P0016,2023-10-08,33,295.0,94.766556,-61.76655578613281
S001,P0016,2023-10-09,102,257.0,114.37752,-12.377517700195312
S001,P0016,2023-10-10,64,468.0,92.25963,-28.259628295898438
S001,P0016,2023-10-11,102,416.0,81.86773,20.13227081298828
S001,P0016,2023-10-12,87,320.0,82.22119,4.77880859375
S001,P0016,2023-10-13,78,235.0,112.20692,-34.20691680908203
S001,P0016,2023-10-14,61,160.0,84.50001,-23.50000762939453
S001,P0016,2023-10-15,95,119.0,84.79407,10.2059326171875
S001,P0016,2023-10-16,77,279.0,77.63669,-0.636688232421875
S001,P0016,2023-10-17,31,201.0,80.783325,-49.7833251953125
S001,P0016,2023-10-18,63,169.0,86.80402,-23.80402374267578
S001,P0016,2023-10-19,110,315.0,80.22565,29.77435302734375
S001,P0016,2023-10-20,120,229.0,81.596565,38.40343475341797
S001,P0016,2023-10-21,94,86.0,85.14807,8.8519287109375
S001,P0016,2023-10-22,54,307.0,80.68509,-26.685089111328125
S001,P0016,2023-10-23,84,273.0,97.70789,-13.707893371582031
S001,P0016,2023-10-24,63,178.0,79.28506,-16.285057067871094
S001,P0016,2023-10-25,155,109.0,99.63401,55.365989685058594
S001,P0016,2023-10-26,167,224.0,91.063065,75.93693542480469
S001,P0016,2023-10-27,146,91.0,100.176865,45.82313537597656
S001,P0016,2023-10-28,152,396.0,130.78583,21.21417236328125
S001,P0016,2023-10-29,72,265.0,97.542336,-25.542335510253906
S001,P0016,2023-10-30,83,710.0,101.397,-18.397003173828125
S001,P0016,2023-10-31,105,646.0,97.870255,7.1297454833984375
S001,P0016,2023-11-01,144,570.0,126.69643,17.303573608398438
S001,P0016,2023-11-02,122,457.0,106.32074,15.67926025390625
S001,P0016,2023-11-03,137,367.0,135.80571,1.1942901611328125
S001,P0016,2023-11-04,129,258.0,103.09422,25.905776977539062
S001,P0016,2023-11-05,172,110.0,145.83327,26.166732788085938
S001,P0016,2023-11-06,84,359.0,102.24563,-18.245628356933594
S001,P0016,2023-11-07,123,269.0,105.64033,17.35967254638672
S001,P0016,2023-11-08,102,714.0,104.78041,-2.7804107666015625
S001,P0016,2023-11-09,91,640.0,136.39595,-45.39595031738281
S001,P0016,2023-11-10,69,566.0,101.92844,-32.928436279296875
S001,P0016,2023-11-11,65,517.0,97.3985,-32.39849853515625
S001,P0016,2023-11-12,133,472.0,124.711174,8.288825988769531
S001,P0016,2023-11-13,114,351.0,124.37845,-10.378448486328125
S001,P0016,2023-11-14,93,226.0,93.22243,-0.2224273681640625
S001,P0016,2023-11-15,92,116.0,98.72534,-6.725341796875
S001,P0016,2023-11-16,52,333.0,92.00588,-40.005882263183594
S001,P0016,2023-11-17,173,299.0,122.64352,50.356483459472656
S001,P0016,2023-11-18,101,130.0,96.00863,4.991371154785156
S001,P0016,2023-11-19,179,40.0,120.692955,58.307044982910156
S001,P0016,2023-11-20,88,620.0,97.55989,-9.559890747070312
S001,P0016,2023-11-21,249,558.0,113.59431,135.40569305419922
S001,P0016,2023-11-22,83,391.0,110.79406,-27.79405975341797
S001,P0016,2023-11-23,121,300.0,143.54987,-22.54986572265625
S001,P0016,2023-11-24,104,931.0,104.262085,-0.2620849609375
S001,P0016,2023-11-25,125,816.0,109.83533,15.1646728515625
S001,P0016,2023-11-26,97,670.0,108.69073,-11.690727233886719
S001,P0016,2023-11-27,108,595.0,105.84599,2.1540069580078125
S001,P0016,2023-11-28,139,475.0,86.823395,52.176605224609375
S001,P0016,2023-11-29,117,386.0,105.25753,11.742469787597656
S001,P0016,2023-11-30,87,306.0,109.25671,-22.25670623779297
S001,P0016,2023-12-01,145,228.0,127.69525,17.30474853515625
S001,P0016,2023-12-02,85,457.0,104.94383,-19.943832397460938
S001,P0016,2023-12-03,205,358.0,129.2523,75.74769592285156
S001,P0016,2023-12-04,103,119.0,152.36372,-49.36372375488281
S001,P0016,2023-12-05,225,18.0,151.5742,73.42579650878906
S001,P0016,2023-12-06,100,670.0,117.771,-17.77100372314453
S001,P0016,2023-12-07,235,552.0,136.47774,98.52226257324219
S001,P0016,2023-12-08,88,934.0,183.08395,-95.08395385742188
S001,P0016,2023-12-09,132,867.0,123.131004,8.868995666503906
S001,P0016,2023-12-10,68,757.0,117.97552,-49.97551727294922
S001,P0016,2023-12-11,89,701.0,113.254715,-24.254714965820312
S001,P0016,2023-12-12,132,609.0,123.09418,8.90582275390625
S001,P0016,2023-12-13,145,501.0,105.59063,39.40937042236328
S001,P0016,2023-12-14,171,379.0,86.005104,84.9948959350586
S001,P0016,2023-12-15,49,218.0,113.95491,-64.95491027832031
S001,P0016,2023-12-16,86,176.0,112.00983,-26.00982666015625
S001,P0016,2023-12-17,135,629.0,114.45073,20.549270629882812
S001,P0016,2023-12-18,129,526.0,157.01183,-28.011825561523438
S001,P0016,2023-12-19,110,403.0,120.54729,-10.547286987304688
S001,P0016,2023-12-20,68,281.0,104.345695,-36.34569549560547
S001,P0016,2023-12-21,83,236.0,111.058334,-28.058334350585938
S001,P0016,2023-12-22,157,175.0,134.3333,22.666702270507812
S001,P0016,2023-12-23,173,63.0,146.96191,26.0380859375
S001,P0016,2023-12-24,126,201.0,116.11555,9.884452819824219
S001,P0016,2023-12-25,63,567.0,125.8045,-62.80449676513672
S001,P0016,2023-12-26,114,504.0,141.47067,-27.470672607421875
S001,P0016,2023-12-27,51,378.0,85.97975,-34.97975158691406
S001,P0016,2023-12-28,99,345.0,74.703995,24.296005249023438
S001,P0016,2023-12-29,86,269.0,81.411224,4.588775634765625
S001,P0016,2023-12-30,56,181.0,77.14885,-21.148849487304688
S001,P0016,2023-12-31,68,380.0,76.56934,-8.569343566894531
S001,P0016,2024-01-01,79,334.0,62.0401,16.95989990234375
S001,P0016,2024-01-02,65,253.0,61.124943,3.8750572204589844
S001,P0016,2024-01-03,85,179.0,52.972607,32.02739334106445
S001,P0016,2024-01-04,58,98.0,54.731792,3.268207550048828
S001,P0016,2024-01-05,57,57.0,51.993965,5.006034851074219
S001,P0016,2024-01-06,88,255.0,52.90439,35.095611572265625
S001,P0016,2024-01-07,112,168.0,75.51703,36.48297119140625
S001,P0016,2024-01-08,76,82.0,82.64079,-6.6407928466796875
S001,P0016,2024-01-09,96,275.0,115.925766,-19.925765991210938
S001,P0016,2024-01-10,112,181.0,118.7464,-6.74639892578125
S001,P0016,2024-01-11,88,66.0,90.75522,-2.755218505859375
S001,P0016,2024-01-12,66,275.0,86.73438,-20.73438262939453
S001,P0016,2024-01-13,166,235.0,119.49444,46.50556182861328
S001,P0016,2024-01-14,172,92.0,122.196144,49.803855895996094
S001,P0016,2024-01-15,236,0.0,119.541695,116.45830535888672
S001,P0016,2024-01-16,110,485.0,142.0847,-32.08470153808594
S001,P0016,2024-01-17,110,358.0,110.93969,-0.9396896362304688
S001,P0016,2024-01-18,171,835.0,121.350365,49.649635314941406
S001,P0016,2024-01-19,115,724.0,118.97719,-3.9771881103515625
S001,P0016,2024-01-20,191,647.0,102.05201,88.94799041748047
S001,P0016,2024-01-21,130,473.0,107.78609,22.213912963867188
S001,P0016,2024-01-22,159,376.0,105.56394,53.436058044433594
S001,P0016,2024-01-23,115,220.0,147.48128,-32.48127746582031
S001,P0016,2024-01-24,146,98.0,113.16572,32.83428192138672
S001,P0016,2024-01-25,156,392.0,108.08744,47.912559509277344
S001,P0016,2024-01-26,113,206.0,121.41149,-8.411491394042969
S001,P0016,2024-01-27,62,522.0,108.58936,-46.58936309814453
S001,P0016,2024-01-28,140,466.0,111.26754,28.732460021972656
S001,P0016,2024-01-29,99,303.0,104.08623,-5.0862274169921875
S001,P0016,2024-01-30,90,225.0,104.45131,-14.451309204101562
S001,P0017,2023-09-07,95,125.0,86.40298,8.597023010253906
S001,P0017,2023-09-08,57,159.0,84.98359,-27.98358917236328
S001,P0017,2023-09-09,91,95.0,112.10519,-21.105186462402344
S001,P0017,2023-09-10,109,101.0,110.690216,-1.690216064453125
S001,P0017,2023-09-11,49,115.0,111.20705,-62.20704650878906
S001,P0017,2023-09-12,96,71.0,87.31278,8.687217712402344
S001,P0017,2023-09-13,144,83.0,91.03687,52.96312713623047
S001,P0017,2023-09-14,125,138.0,88.99061,36.00939178466797
S001,P0017,2023-09-15,59,121.0,82.617355,-23.617355346679688
S001,P0017,2023-09-16,146,67.0,120.30165,25.698348999023438
S001,P0017,2023-09-17,129,153.0,112.14236,16.857643127441406
S001,P0017,2023-09-18,97,177.0,84.79627,12.203727722167969
S001,P0017,2023-09-19,137,108.0,111.11637,25.883628845214844
S001,P0017,2023-09-20,121,116.0,82.90017,38.099830627441406
S001,P0017,2023-09-21,51,128.0,110.61627,-59.61627197265625
S001,P0017,2023-09-22,151,78.0,116.02709,34.97290802001953
S001,P0017,2023-09-23,77,128.0,81.412796,-4.4127960205078125
S001,P0017,2023-09-24,112,65.0,94.98447,17.015533447265625
S001,P0017,2023-09-25,116,121.0,105.68274,10.3172607421875
S001,P0017,2023-09-26,144,155.0,118.61747,25.382530212402344
S001,P0017,2023-09-27,108,144.0,92.21847,15.781532287597656
S001,P0017,2023-09-28,90,171.0,85.47369,4.526313781738281
S001,P0017,2023-09-29,161,93.0,97.27482,63.725181579589844
S001,P0017,2023-09-30,56,189.0,86.521774,-30.521774291992188
S001,P0017,2023-10-01,57,149.0,81.92591,-24.92591094970703
S001,P0017,2023-10-02,115,101.0,91.89032,23.10968017578125
S001,P0017,2023-10-03,85,130.0,87.19583,-2.195831298828125
S001,P0017,2023-10-04,77,31.0,88.0648,-11.064796447753906
S001,P0017,2023-10-05,77,78.0,88.53391,-11.533912658691406
S001,P0017,2023-10-06,72,109.0,85.01884,-13.018836975097656
S001,P0017,2023-10-07,24,62.0,75.988594,-51.98859405517578
S001,P0017,2023-10-08,41,38.0,78.575294,-37.575294494628906
S001,P0017,2023-10-09,13,50.0,66.07395,-53.073951721191406
S001,P0017,2023-10-10,38,39.0,50.875507,-12.875507354736328
S001,P0017,2023-10-11,17,66.0,38.54455,-21.544551849365234
S001,P0017,2023-10-12,59,45.0,37.02649,21.9735107421875
S001,P0017,2023-10-13,51,57.0,36.57491,14.425090789794922
S001,P0017,2023-10-14,14,76.0,40.393005,-26.39300537109375
S001,P0017,2023-10-15,34,65.0,38.067024,-4.067024230957031
S001,P0017,2023-10-16,8,87.0,30.180851,-22.180850982666016
S001,P0017,2023-10-17,45,78.0,34.51629,10.483711242675781
S001,P0017,2023-10-18,42,98.0,34.438942,7.561058044433594
S001,P0017,2023-10-19,4,72.0,33.076244,-29.076244354248047
S001,P0017,2023-10-20,18,67.0,33.357216,-15.357215881347656
S001,P0017,2023-10-21,49,47.0,28.431662,20.56833839416504
S001,P0017,2023-10-22,60,50.0,32.436142,27.563858032226562
S001,P0017,2023-10-23,35,59.0,29.643295,5.3567047119140625
S001,P0017,2023-10-24,69,70.0,38.84513,30.154869079589844
S001,P0017,2023-10-25,89,77.0,83.88918,5.110816955566406
S001,P0017,2023-10-26,116,95.0,104.218,11.781997680664062
S001,P0017,2023-10-27,124,98.0,86.61933,37.38066864013672
S001,P0017,2023-10-28,111,129.0,100.00046,10.999542236328125
S001,P0017,2023-10-29,62,132.0,81.190445,-19.190444946289062
S001,P0017,2023-10-30,86,68.0,86.50644,-0.506439208984375
S001,P0017,2023-10-31,100,84.0,85.80257,14.197433471679688
S001,P0017,2023-11-01,42,89.0,82.39788,-40.39788055419922
S001,P0017,2023-11-02,110,63.0,103.650085,6.34991455078125
S001,P0017,2023-11-03,71,119.0,84.294136,-13.294136047363281
S001,P0017,2023-11-04,102,67.0,104.45515,-2.4551467895507812
S001,P0017,2023-11-05,83,95.0,91.38155,-8.381553649902344
S001,P0017,2023-11-06,85,119.0,84.57186,0.42813873291015625
S001,P0017,2023-11-07,97,143.0,106.38085,-9.380851745605469
S001,P0017,2023-11-08,141,55.0,105.60496,35.395042419433594
S001,P0017,2023-11-09,53,156.0,102.442764,-49.44276428222656
S001,P0017,2023-11-10,46,96.0,83.56816,-37.56816101074219
S001,P0017,2023-11-11,103,64.0,82.777885,20.22211456298828
S001,P0017,2023-11-12,93,90.0,89.15771,3.8422927856445312
S001,P0017,2023-11-13,104,113.0,88.674286,15.325714111328125
S001,P0017,2023-11-14,126,100.0,111.94522,14.054779052734375
S001,P0017,2023-11-15,160,101.0,110.72002,49.27998352050781
S001,P0017,2023-11-16,40,172.0,90.574486,-50.574485778808594
S001,P0017,2023-11-17,87,143.0,91.76495,-4.76495361328125
S001,P0017,2023-11-18,77,66.0,89.347755,-12.347755432128906
S001,P0017,2023-11-19,85,75.0,85.215225,-0.2152252197265625
S001,P0017,2023-11-20,60,85.0,85.183876,-25.183876037597656
S001,P0017,2023-11-21,122,94.0,86.62184,35.37815856933594
S001,P0017,2023-11-22,84,129.0,111.68824,-27.68824005126953
S001,P0017,2023-11-23,71,74.0,114.675964,-43.67596435546875
S001,P0017,2023-11-24,144,80.0,87.622765,56.377235412597656
S001,P0017,2023-11-25,90,167.0,83.38682,6.613182067871094
S001,P0017,2023-11-26,120,74.0,114.28933,5.710670471191406
S001,P0017,2023-11-27,37,134.0,86.63163,-49.631629943847656
S001,P0017,2023-11-28,124,100.0,83.7515,40.248497009277344
S001,P0017,2023-11-29,99,172.0,88.28394,10.716056823730469
S001,P0017,2023-11-30,144,107.0,90.05309,53.94690704345703
S001,P0017,2023-12-01,101,177.0,76.87603,24.12397003173828
S001,P0017,2023-12-02,48,97.0,94.651955,-46.651954650878906
S001,P0017,2023-12-03,126,51.0,95.853966,30.146034240722656
S001,P0017,2023-12-04,20,102.0,92.93525,-72.93524932861328
S001,P0017,2023-12-05,86,88.0,99.775444,-13.775444030761719
S001,P0017,2023-12-06,161,114.0,118.600296,42.39970397949219
S001,P0017,2023-12-07,73,174.0,84.3614,-11.361396789550781
S001,P0017,2023-12-08,123,98.0,123.99314,-0.9931411743164062
S001,P0017,2023-12-09,77,128.0,85.115845,-8.1158447265625
S001,P0017,2023-12-10,133,53.0,100.7382,32.261802673339844
S001,P0017,2023-12-11,136,151.0,118.92529,17.07470703125
S001,P0017,2023-12-12,194,216.0,130.13019,63.86981201171875
S001,P0017,2023-12-13,96,314.0,94.55491,1.4450912475585938
S001,P0017,2023-12-14,107,226.0,101.90783,5.092170715332031
S001,P0017,2023-12-15,111,117.0,107.797874,3.2021255493164062
S001,P0017,2023-12-16,130,139.0,114.39053,15.609466552734375
S001,P0017,2023-12-17,114,152.0,100.35776,13.642242431640625
S001,P0017,2023-12-18,65,30.0,92.45034,-27.450340270996094
S001,P0017,2023-12-19,122,64.0,95.17403,26.825973510742188
S001,P0017,2023-12-20,137,141.0,119.2091,17.79090118408203
S001,P0017,2023-12-21,84,195.0,90.15078,-6.150779724121094
S001,P0017,2023-12-22,140,98.0,118.07783,21.92217254638672
S001,P0017,2023-12-23,82,161.0,86.54308,-4.543083190917969
S001,P0017,2023-12-24,154,66.0,126.803635,27.196365356445312
S001,P0017,2023-12-25,86,164.0,97.489365,-11.489364624023438
S001,P0017,2023-12-26,114,65.0,102.53869,11.461311340332031
S001,P0017,2023-12-27,18,119.0,93.61578,-75.61578369140625
S001,P0017,2023-12-28,63,101.0,60.841515,2.1584854125976562
S001,P0017,2023-12-29,34,52.0,69.628006,-35.62800598144531
S001,P0017,2023-12-30,24,75.0,60.924,-36.92399978637695
S001,P0017,2023-12-31,34,57.0,45.75522,-11.755218505859375
S001,P0017,2024-01-01,13,69.0,26.67268,-13.672679901123047
S001,P0017,2024-01-02,31,55.0,21.189558,9.810441970825195
S001,P0017,2024-01-03,34,82.0,20.043388,13.956611633300781
S001,P0017,2024-01-04,5,50.0,23.455753,-18.455753326416016
S001,P0017,2024-01-05,9,47.0,25.60034,-16.600339889526367
S001,P0017,2024-01-06,11,39.0,34.835346,-23.835346221923828
S001,P0017,2024-01-07,18,82.0,30.286852,-12.28685188293457
S001,P0017,2024-01-08,28,60.0,31.752941,-3.752941131591797
S001,P0017,2024-01-09,99,77.0,80.52017,18.479827880859375
S001,P0017,2024-01-10,66,133.0,101.10913,-35.109130859375
S001,P0017,2024-01-11,56,56.0,91.528824,-35.52882385253906
S001,P0017,2024-01-12,113,82.0,93.45223,19.547767639160156
S001,P0017,2024-01-13,167,122.0,112.22559,54.77440643310547
S001,P0017,2024-01-14,33,172.0,92.0853,-59.085296630859375
S001,P0017,2024-01-15,100,135.0,93.42562,6.574378967285156
S001,P0017,2024-01-16,81,121.0,89.900505,-8.900505065917969
S001,P0017,2024-01-17,123,61.0,100.75492,22.245079040527344
S001,P0017,2024-01-18,147,120.0,98.27469,48.725311279296875
S001,P0017,2024-01-19,80,166.0,89.955246,-9.955245971679688
S001,P0017,2024-01-20,209,100.0,121.688385,87.31161499023438
S001,P0017,2024-01-21,103,246.0,120.5134,-17.513397216796875
S001,P0017,2024-01-22,226,182.0,125.709335,100.29066467285156
S001,P0017,2024-01-23,100,193.0,100.13449,-0.134490966796875
S001,P0017,2024-01-24,100,122.0,109.12931,-9.129310607910156
S001,P0017,2024-01-25,100,155.0,97.04755,2.95245361328125
S001,P0017,2024-01-26,77,49.0,90.92567,-13.925666809082031
S001,P0017,2024-01-27,131,82.0,120.94048,10.059516906738281
S001,P0017,2024-01-28,144,105.0,115.09653,28.903472900390625
S001,P0017,2024-01-29,108,143.0,82.893936,25.106063842773438
S001,P0017,2024-01-30,80,186.0,83.15276,-3.1527633666992188
S001,P0018,2023-09-07,8,167.0,98.55659,-90.55658721923828
S001,P0018,2023-09-08,111,159.0,124.54539,-13.545387268066406
S001,P0018,2023-09-09,81,166.0,95.08821,-14.088211059570312
S001,P0018,2023-09-10,67,200.0,88.518265,-21.518264770507812
S001,P0018,2023-09-11,133,146.0,104.8804,28.119598388671875
S001,P0018,2023-09-12,64,130.0,91.03552,-27.0355224609375
S001,P0018,2023-09-13,111,127.0,108.57434,2.4256591796875
S001,P0018,2023-09-14,116,107.0,150.71745,-34.71745300292969
S001,P0018,2023-09-15,68,129.0,94.90321,-26.903213500976562
S001,P0018,2023-09-16,117,133.0,110.83298,6.167022705078125
S001,P0018,2023-09-17,169,108.0,128.6621,40.33790588378906
S001,P0018,2023-09-18,74,182.0,86.74416,-12.744163513183594
S001,P0018,2023-09-19,89,120.0,107.723465,-18.723464965820312
S001,P0018,2023-09-20,129,105.0,104.77939,24.220611572265625
S001,P0018,2023-09-21,46,129.0,99.4982,-53.498199462890625
S001,P0018,2023-09-22,120,146.0,118.86401,1.135986328125
S001,P0018,2023-09-23,133,167.0,132.2001,0.799896240234375
S001,P0018,2023-09-24,136,186.0,126.09393,9.90606689453125
S001,P0018,2023-09-25,90,159.0,101.44628,-11.446281433105469
S001,P0018,2023-09-26,140,158.0,113.3203,26.679702758789062
S001,P0018,2023-09-27,103,173.0,100.49573,2.5042724609375
S001,P0018,2023-09-28,235,162.0,127.94664,107.05335998535156
S001,P0018,2023-09-29,175,199.0,113.56116,61.4388427734375
S001,P0018,2023-09-30,55,208.0,97.05294,-42.052940368652344
S001,P0018,2023-10-01,137,175.0,114.29498,22.70501708984375
S001,P0018,2023-10-02,188,212.0,140.26515,47.73484802246094
S001,P0018,2023-10-03,158,205.0,127.741035,30.25896453857422
S001,P0018,2023-10-04,128,186.0,111.239235,16.760765075683594
S001,P0018,2023-10-05,78,165.0,147.65201,-69.65200805664062
S001,P0018,2023-10-06,177,165.0,121.65098,55.349021911621094
S001,P0018,2023-10-07,81,209.0,100.076164,-19.07616424560547
S001,P0018,2023-10-08,64,159.0,103.47487,-39.47486877441406
S001,P0018,2023-10-09,101,146.0,88.2967,12.703300476074219
S001,P0018,2023-10-10,28,149.0,71.1497,-43.149696350097656
S001,P0018,2023-10-11,80,126.0,78.11395,1.88604736328125
S001,P0018,2023-10-12,99,99.0,106.4699,-7.469902038574219
S001,P0018,2023-10-13,163,97.0,115.531906,47.46809387207031
S001,P0018,2023-10-14,106,167.0,91.79146,14.208541870117188
S001,P0018,2023-10-15,83,139.0,95.63941,-12.639411926269531
S001,P0018,2023-10-16,98,159.0,87.60292,10.397079467773438
S001,P0018,2023-10-17,141,209.0,90.14211,50.857887268066406
S001,P0018,2023-10-18,125,224.0,96.31642,28.683578491210938
S001,P0018,2023-10-19,148,112.0,120.91492,27.0850830078125
S001,P0018,2023-10-20,129,141.0,126.169334,2.8306655883789062
S001,P0018,2023-10-21,33,154.0,73.52324,-40.52323913574219
S001,P0018,2023-10-22,68,126.0,72.059044,-4.059043884277344
S001,P0018,2023-10-23,40,125.0,74.07861,-34.07861328125
S001,P0018,2023-10-24,93,129.0,81.921265,11.0787353515625
S001,P0018,2023-10-25,117,144.0,90.24418,26.755821228027344
S001,P0018,2023-10-26,80,170.0,86.09399,-6.093986511230469
S001,P0018,2023-10-27,62,153.0,87.6742,-25.67420196533203
S001,P0018,2023-10-28,155,160.0,121.585304,33.414695739746094
S001,P0018,2023-10-29,103,198.0,89.51041,13.489593505859375
S001,P0018,2023-10-30,117,133.0,95.38819,21.61180877685547
S001,P0018,2023-10-31,100,109.0,89.36567,10.634330749511719
S001,P0018,2023-11-01,90,111.0,89.42631,0.5736923217773438
S001,P0018,2023-11-02,167,105.0,120.50497,46.495033264160156
S001,P0018,2023-11-03,111,148.0,116.151886,-5.151885986328125
S001,P0018,2023-11-04,37,147.0,106.58013,-69.58013153076172
S001,P0018,2023-11-05,72,116.0,121.41223,-49.4122314453125
S001,P0018,2023-11-06,75,137.0,86.078445,-11.078445434570312
S001,P0018,2023-11-07,129,164.0,92.865685,36.134315490722656
S001,P0018,2023-11-08,210,158.0,130.35379,79.64620971679688
S001,P0018,2023-11-09,206,241.0,126.11666,79.88333892822266
S001,P0018,2023-11-10,85,306.0,92.980705,-7.980705261230469
S001,P0018,2023-11-11,79,218.0,93.07523,-14.075233459472656
S001,P0018,2023-11-12,150,124.0,129.42738,20.572616577148438
S001,P0018,2023-11-13,66,182.0,88.11704,-22.117042541503906
S001,P0018,2023-11-14,95,106.0,97.79469,-2.7946929931640625
S001,P0018,2023-11-15,182,114.0,143.00047,38.99952697753906
S001,P0018,2023-11-16,88,174.0,92.94213,-4.942131042480469
S001,P0018,2023-11-17,48,171.0,82.18634,-34.18634033203125
S001,P0018,2023-11-18,112,116.0,91.02905,20.970947265625
S001,P0018,2023-11-19,114,134.0,118.14894,-4.1489410400390625
S001,P0018,2023-11-20,117,114.0,97.44758,19.55242156982422
S001,P0018,2023-11-21,140,156.0,99.66598,40.334022521972656
S001,P0018,2023-11-22,195,166.0,136.09398,58.90602111816406
S001,P0018,2023-11-23,101,208.0,93.5016,7.4983978271484375
S001,P0018,2023-11-24,135,120.0,109.511986,25.488014221191406
S001,P0018,2023-11-25,157,117.0,135.3192,21.680801391601562
S001,P0018,2023-11-26,102,183.0,96.4309,5.569099426269531
S001,P0018,2023-11-27,34,223.0,107.89968,-73.8996810913086
S001,P0018,2023-11-28,118,194.0,104.941246,13.058753967285156
S001,P0018,2023-11-29,112,233.0,98.917336,13.082664489746094
S001,P0018,2023-11-30,89,131.0,97.95482,-8.954818725585938
S001,P0018,2023-12-01,180,121.0,104.08826,75.9117431640625
S001,P0018,2023-12-02,115,146.0,130.73914,-15.7391357421875
S001,P0018,2023-12-03,157,132.0,124.001884,32.99811553955078
S001,P0018,2023-12-04,108,152.0,120.744835,-12.744834899902344
S001,P0018,2023-12-05,145,129.0,158.49861,-13.498611450195312
S001,P0018,2023-12-06,100,129.0,116.10286,-16.102859497070312
S001,P0018,2023-12-07,143,180.0,115.75357,27.246429443359375
S001,P0018,2023-12-08,86,169.0,99.02442,-13.024421691894531
S001,P0018,2023-12-09,152,179.0,123.05861,28.941390991210938
S001,P0018,2023-12-10,177,154.0,142.77249,34.227508544921875
S001,P0018,2023-12-11,55,150.0,98.79709,-43.797088623046875
S001,P0018,2023-12-12,161,100.0,125.748535,35.25146484375
S001,P0018,2023-12-13,142,159.0,136.50528,5.494720458984375
S001,P0018,2023-12-14,140,169.0,119.013885,20.986114501953125
S001,P0018,2023-12-15,128,144.0,142.95653,-14.956527709960938
S001,P0018,2023-12-16,34,173.0,101.859276,-67.8592758178711
S001,P0018,2023-12-17,94,138.0,130.69916,-36.69915771484375
S001,P0018,2023-12-18,76,177.0,94.50863,-18.508628845214844
S001,P0018,2023-12-19,134,115.0,136.7953,-2.7953033447265625
S001,P0018,2023-12-20,92,118.0,92.952805,-0.9528045654296875
S001,P0018,2023-12-21,112,148.0,130.27283,-18.2728271484375
S001,P0018,2023-12-22,157,145.0,113.395905,43.604095458984375
S001,P0018,2023-12-23,181,201.0,138.64268,42.35731506347656
S001,P0018,2023-12-24,132,202.0,109.170586,22.82941436767578
S001,P0018,2023-12-25,52,179.0,95.536385,-43.53638458251953
S001,P0018,2023-12-26,120,148.0,120.61264,-0.612640380859375
S001,P0018,2023-12-27,62,161.0,78.83327,-16.833267211914062
S001,P0018,2023-12-28,121,89.0,122.37791,-1.3779067993164062
S001,P0018,2023-12-29,73,114.0,74.353294,-1.3532943725585938
S001,P0018,2023-12-30,56,115.0,72.50631,-16.506309509277344
S001,P0018,2023-12-31,55,106.0,69.98215,-14.982147216796875
S001,P0018,2024-01-01,101,108.0,82.65237,18.347633361816406
S001,P0018,2024-01-02,97,125.0,73.39306,23.60694122314453
S001,P0018,2024-01-03,78,112.0,58.11234,19.88766098022461
S001,P0018,2024-01-04,41,107.0,89.18082,-48.180816650390625
S001,P0018,2024-01-05,105,114.0,78.10621,26.89379119873047
S001,P0018,2024-01-06,70,164.0,54.974113,15.025886535644531
S001,P0018,2024-01-07,56,173.0,55.624557,0.3754425048828125
S001,P0018,2024-01-08,76,116.0,53.54145,22.45854949951172
S001,P0018,2024-01-09,103,113.0,83.8063,19.193702697753906
S001,P0018,2024-01-10,70,170.0,79.100334,-9.100334167480469
S001,P0018,2024-01-11,125,114.0,101.00774,23.992263793945312
S001,P0018,2024-01-12,100,150.0,105.38412,-5.384117126464844
S001,P0018,2024-01-13,87,164.0,81.789825,5.210174560546875
S001,P0018,2024-01-14,69,195.0,77.06917,-8.069168090820312
S001,P0018,2024-01-15,80,153.0,81.740395,-1.7403945922851562
S001,P0018,2024-01-16,103,182.0,83.73902,19.26097869873047
S001,P0018,2024-01-17,148,210.0,83.66402,64.33598327636719
S001,P0018,2024-01-18,151,183.0,95.8421,55.15789794921875
S001,P0018,2024-01-19,120,237.0,112.2844,7.715599060058594
S001,P0018,2024-01-20,167,106.0,101.5861,65.41390228271484
S001,P0018,2024-01-21,132,157.0,102.54939,29.450607299804688
S001,P0018,2024-01-22,132,183.0,119.69011,12.309890747070312
S001,P0018,2024-01-23,123,173.0,103.49481,19.50518798828125
S001,P0018,2024-01-24,145,177.0,114.12929,30.870712280273438
S001,P0018,2024-01-25,189,143.0,107.02443,81.97557067871094
S001,P0018,2024-01-26,116,208.0,131.09616,-15.096160888671875
S001,P0018,2024-01-27,156,230.0,133.83171,22.168289184570312
S001,P0018,2024-01-28,245,248.0,139.32747,105.67253112792969
S001,P0018,2024-01-29,103,209.0,107.65365,-4.653648376464844
S001,P0018,2024-01-30,70,130.0,111.72737,-41.72737121582031
S001,P0019,2023-09-07,112,98.0,89.98071,22.019287109375
S001,P0019,2023-09-08,72,111.0,70.592804,1.407196044921875
S001,P0019,2023-09-09,38,125.0,65.404945,-27.404945373535156
S001,P0019,2023-09-10,56,92.0,68.42663,-12.426628112792969
S001,P0019,2023-09-11,93,88.0,71.05462,21.94538116455078
S001,P0019,2023-09-12,101,129.0,71.66107,29.33892822265625
S001,P0019,2023-09-13,59,140.0,65.709045,-6.70904541015625
S001,P0019,2023-09-14,142,104.0,86.76539,55.23461151123047
S001,P0019,2023-09-15,39,171.0,67.04686,-28.046859741210938
S001,P0019,2023-09-16,109,139.0,71.437164,37.562835693359375
S001,P0019,2023-09-17,70,144.0,67.765144,2.2348556518554688
S001,P0019,2023-09-18,65,71.0,68.19054,-3.1905364990234375
S001,P0019,2023-09-19,79,68.0,83.53163,-4.5316314697265625
S001,P0019,2023-09-20,55,64.0,80.51611,-25.51611328125
S001,P0019,2023-09-21,62,72.0,66.39039,-4.390388488769531
S001,P0019,2023-09-22,138,83.0,90.58026,47.41973876953125
S001,P0019,2023-09-23,89,126.0,88.05262,0.9473800659179688
S001,P0019,2023-09-24,50,148.0,69.47809,-19.47808837890625
S001,P0019,2023-09-25,65,116.0,65.75557,-0.7555694580078125
S001,P0019,2023-09-26,73,110.0,70.17876,2.8212432861328125
S001,P0019,2023-09-27,29,132.0,67.129845,-38.129844665527344
S001,P0019,2023-09-28,108,114.0,89.047874,18.952125549316406
S001,P0019,2023-09-29,73,120.0,66.58253,6.417472839355469
S001,P0019,2023-09-30,67,119.0,65.51206,1.4879379272460938
S001,P0019,2023-10-01,85,98.0,63.92032,21.079681396484375
S001,P0019,2023-10-02,100,115.0,71.385025,28.614974975585938
S001,P0019,2023-10-03,108,125.0,74.862785,33.13721466064453
S001,P0019,2023-10-04,98,144.0,75.22084,22.779159545898438
S001,P0019,2023-10-05,78,135.0,74.043625,3.9563751220703125
S001,P0019,2023-10-06,98,47.0,73.22476,24.775238037109375
S001,P0019,2023-10-07,38,80.0,95.76036,-57.76036071777344
S001,P0019,2023-10-08,40,107.0,74.650536,-34.650535583496094
S001,P0019,2023-10-09,51,80.0,74.34747,-23.34747314453125
S001,P0019,2023-10-10,28,91.0,53.24705,-25.247051239013672
S001,P0019,2023-10-11,36,71.0,42.43764,-6.437641143798828
S001,P0019,2023-10-12,40,82.0,50.525215,-10.525215148925781
S001,P0019,2023-10-13,23,102.0,38.140102,-15.14010238647461
S001,P0019,2023-10-14,46,87.0,35.837975,10.162025451660156
S001,P0019,2023-10-15,46,108.0,35.230118,10.769882202148438
S001,P0019,2023-10-16,18,73.0,32.89892,-14.898918151855469
S001,P0019,2023-10-17,28,51.0,38.22098,-10.22098159790039
S001,P0019,2023-10-18,46,82.0,35.446823,10.553176879882812
S001,P0019,2023-10-19,60,81.0,39.939194,20.060806274414062
S001,P0019,2023-10-20,35,89.0,37.739132,-2.7391319274902344
S001,P0019,2023-10-21,48,98.0,43.47607,4.523929595947266
S001,P0019,2023-10-22,16,104.0,32.9317,-16.93170166015625
S001,P0019,2023-10-23,46,89.0,34.149963,11.85003662109375
S001,P0019,2023-10-24,24,99.0,28.473543,-4.473543167114258
S001,P0019,2023-10-25,90,80.0,70.13971,19.86029052734375
S001,P0019,2023-10-26,88,82.0,89.29854,-1.2985382080078125
S001,P0019,2023-10-27,79,100.0,65.882065,13.117935180664062
S001,P0019,2023-10-28,130,97.0,98.44969,31.550308227539062
S001,P0019,2023-10-29,83,144.0,68.830574,14.169425964355469
S001,P0019,2023-10-30,65,60.0,65.006165,-0.00616455078125
S001,P0019,2023-10-31,42,63.0,65.72185,-23.721847534179688
S001,P0019,2023-11-01,124,70.0,92.2539,31.74610137939453
S001,P0019,2023-11-02,131,103.0,99.69563,31.304367065429688
S001,P0019,2023-11-03,51,133.0,74.455185,-23.455184936523438
S001,P0019,2023-11-04,69,87.0,87.96709,-18.967086791992188
S001,P0019,2023-11-05,104,119.0,72.036705,31.963294982910156
S001,P0019,2023-11-06,75,161.0,67.47657,7.523429870605469
S001,P0019,2023-11-07,86,99.0,69.76349,16.23651123046875
S001,P0019,2023-11-08,85,107.0,68.79737,16.20262908935547
S001,P0019,2023-11-09,24,123.0,60.870865,-36.87086486816406
S001,P0019,2023-11-10,83,107.0,86.34226,-3.3422622680664062
S001,P0019,2023-11-11,41,94.0,65.56207,-24.56207275390625
S001,P0019,2023-11-12,71,110.0,65.86664,5.13336181640625
S001,P0019,2023-11-13,98,91.0,72.33046,25.669540405273438
S001,P0019,2023-11-14,79,115.0,68.5232,10.476799011230469
S001,P0019,2023-11-15,74,129.0,79.65979,-5.6597900390625
S001,P0019,2023-11-16,30,50.0,61.331963,-31.33196258544922
S001,P0019,2023-11-17,55,82.0,61.864826,-6.864826202392578
S001,P0019,2023-11-18,85,86.0,83.30387,1.6961288452148438
S001,P0019,2023-11-19,68,96.0,66.70292,1.2970809936523438
S001,P0019,2023-11-20,88,122.0,62.620667,25.37933349609375
S001,P0019,2023-11-21,83,157.0,79.65246,3.3475418090820312
S001,P0019,2023-11-22,133,105.0,89.20578,43.794219970703125
S001,P0019,2023-11-23,74,153.0,71.66909,2.3309097290039062
S001,P0019,2023-11-24,60,108.0,67.778496,-7.778495788574219
S001,P0019,2023-11-25,22,129.0,67.42512,-45.42511749267578
S001,P0019,2023-11-26,126,109.0,98.64457,27.355430603027344
S001,P0019,2023-11-27,167,149.0,104.10939,62.89060974121094
S001,P0019,2023-11-28,66,187.0,81.84236,-15.842361450195312
S001,P0019,2023-11-29,139,147.0,87.389244,51.610755920410156
S001,P0019,2023-11-30,71,174.0,86.11871,-15.11871337890625
S001,P0019,2023-12-01,91,124.0,76.30323,14.696769714355469
S001,P0019,2023-12-02,106,119.0,119.5597,-13.559700012207031
S001,P0019,2023-12-03,161,95.0,129.17342,31.826583862304688
S001,P0019,2023-12-04,60,180.0,93.87248,-33.87248229980469
S001,P0019,2023-12-05,71,111.0,85.248,-14.248001098632812
S001,P0019,2023-12-06,93,112.0,116.14668,-23.146682739257812
S001,P0019,2023-12-07,107,113.0,80.886215,26.113784790039062
S001,P0019,2023-12-08,71,113.0,84.132095,-13.132095336914062
S001,P0019,2023-12-09,59,135.0,81.89767,-22.897666931152344
S001,P0019,2023-12-10,108,64.0,88.03564,19.96436309814453
S001,P0019,2023-12-11,45,100.0,70.86173,-25.861732482910156
S001,P0019,2023-12-12,100,61.0,91.211006,8.788993835449219
S001,P0019,2023-12-13,172,118.0,112.16859,59.83141326904297
S001,P0019,2023-12-14,63,138.0,78.601295,-15.601295471191406
S001,P0019,2023-12-15,84,92.0,75.567665,8.432334899902344
S001,P0019,2023-12-16,41,92.0,83.42349,-42.423492431640625
S001,P0019,2023-12-17,64,97.0,101.091995,-37.09199523925781
S001,P0019,2023-12-18,95,81.0,96.733734,-1.733734130859375
S001,P0019,2023-12-19,108,113.0,77.35639,30.64360809326172
S001,P0019,2023-12-20,62,107.0,77.34439,-15.344390869140625
S001,P0019,2023-12-21,108,121.0,88.32798,19.672019958496094
S001,P0019,2023-12-22,17,143.0,70.97273,-53.97273254394531
S001,P0019,2023-12-23,98,123.0,96.03335,1.9666519165039062
S001,P0019,2023-12-24,76,96.0,80.10975,-4.109748840332031
S001,P0019,2023-12-25,74,103.0,72.77568,1.2243194580078125
S001,P0019,2023-12-26,58,98.0,68.30435,-10.304351806640625
S001,P0019,2023-12-27,47,87.0,79.85163,-32.85163116455078
S001,P0019,2023-12-28,28,87.0,39.11203,-11.112030029296875
S001,P0019,2023-12-29,28,65.0,34.02167,-6.021671295166016
S001,P0019,2023-12-30,49,98.0,35.335075,13.664924621582031
S001,P0019,2023-12-31,47,104.0,30.525755,16.474245071411133
S001,P0019,2024-01-01,6,55.0,22.80722,-16.807220458984375
S001,P0019,2024-01-02,30,99.0,22.101574,7.898426055908203
S001,P0019,2024-01-03,29,63.0,23.529247,5.470752716064453
S001,P0019,2024-01-04,38,92.0,29.571537,8.428462982177734
S001,P0019,2024-01-05,41,105.0,31.796719,9.20328140258789
S001,P0019,2024-01-06,28,80.0,25.18338,2.816619873046875
S001,P0019,2024-01-07,36,105.0,28.000349,7.999650955200195
S001,P0019,2024-01-08,33,75.0,25.107067,7.892932891845703
S001,P0019,2024-01-09,51,103.0,70.16295,-19.162948608398438
S001,P0019,2024-01-10,34,120.0,65.53381,-31.5338134765625
S001,P0019,2024-01-11,56,98.0,68.89786,-12.897857666015625
S001,P0019,2024-01-12,123,94.0,73.10468,49.89531707763672
S001,P0019,2024-01-13,120,120.0,90.06707,29.93292999267578
S001,P0019,2024-01-14,60,149.0,74.37668,-14.376678466796875
S001,P0019,2024-01-15,35,96.0,63.98459,-28.984588623046875
S001,P0019,2024-01-16,54,59.0,68.1303,-14.130302429199219
S001,P0019,2024-01-17,100,60.0,77.81529,22.184707641601562
S001,P0019,2024-01-18,96,102.0,87.92456,8.075439453125
S001,P0019,2024-01-19,58,84.0,66.866806,-8.866806030273438
S001,P0019,2024-01-20,72,83.0,71.01549,0.9845123291015625
S001,P0019,2024-01-21,64,88.0,66.132164,-2.1321640014648438
S001,P0019,2024-01-22,71,90.0,75.96248,-4.9624786376953125
S001,P0019,2024-01-23,53,71.0,65.90218,-12.902183532714844
S001,P0019,2024-01-24,153,93.0,88.48422,64.51577758789062
S001,P0019,2024-01-25,115,150.0,92.74684,22.253158569335938
S001,P0019,2024-01-26,153,146.0,97.37373,55.62626647949219
S001,P0019,2024-01-27,77,130.0,83.83457,-6.834571838378906
S001,P0019,2024-01-28,80,114.0,76.74084,3.2591629028320312
S001,P0019,2024-01-29,105,97.0,80.61558,24.384422302246094
S001,P0019,2024-01-30,61,110.0,79.03036,-18.030357360839844
S001,P0020,2023-09-07,65,181.0,82.10161,-17.101608276367188
S001,P0020,2023-09-08,39,133.0,64.658676,-25.658676147460938
S001,P0020,2023-09-09,74,380.0,82.7865,-8.7864990234375
S001,P0020,2023-09-10,79,306.0,80.625206,-1.6252059936523438
S001,P0020,2023-09-11,97,215.0,72.67691,24.323089599609375
S001,P0020,2023-09-12,57,125.0,66.909,-9.90899658203125
S001,P0020,2023-09-13,120,90.0,95.91202,24.087982177734375
S001,P0020,2023-09-14,155,366.0,85.53815,69.46185302734375
S001,P0020,2023-09-15,106,183.0,96.49691,9.503089904785156
S001,P0020,2023-09-16,68,109.0,77.25765,-9.257652282714844
S001,P0020,2023-09-17,73,562.0,73.953926,-0.9539260864257812
S001,P0020,2023-09-18,99,478.0,73.80457,25.19542694091797
S001,P0020,2023-09-19,57,372.0,69.07383,-12.073829650878906
S001,P0020,2023-09-20,138,309.0,108.753685,29.246315002441406
S001,P0020,2023-09-21,68,143.0,72.754166,-4.7541656494140625
S001,P0020,2023-09-22,86,82.0,89.58055,-3.5805511474609375
S001,P0020,2023-09-23,74,27.0,73.15538,0.8446197509765625
S001,P0020,2023-09-24,91,466.0,89.29643,1.7035675048828125
S001,P0020,2023-09-25,59,395.0,82.30243,-23.30242919921875
S001,P0020,2023-09-26,97,357.0,69.11971,27.880287170410156
S001,P0020,2023-09-27,52,276.0,67.80631,-15.806312561035156
S001,P0020,2023-09-28,84,232.0,66.127014,17.87298583984375
S001,P0020,2023-09-29,61,153.0,69.431786,-8.431785583496094
S001,P0020,2023-09-30,75,454.0,64.49484,10.505157470703125
S001,P0020,2023-10-01,79,389.0,65.12607,13.873931884765625
S001,P0020,2023-10-02,56,316.0,63.812763,-7.812763214111328
S001,P0020,2023-10-03,87,266.0,70.49815,16.501846313476562
S001,P0020,2023-10-04,52,195.0,66.20297,-14.202972412109375
S001,P0020,2023-10-05,83,159.0,86.617676,-3.61767578125
S001,P0020,2023-10-06,140,71.0,105.089775,34.91022491455078
S001,P0020,2023-10-07,50,362.0,67.93294,-17.932937622070312
S001,P0020,2023-10-08,25,316.0,63.447784,-38.447784423828125
S001,P0020,2023-10-09,40,292.0,50.82588,-10.825878143310547
S001,P0020,2023-10-10,33,898.0,45.792416,-12.792415618896484
S001,P0020,2023-10-11,21,877.0,37.421574,-16.421573638916016
S001,P0020,2023-10-12,36,859.0,38.833546,-2.833545684814453
S001,P0020,2023-10-13,44,835.0,38.64867,5.351329803466797
S001,P0020,2023-10-14,32,802.0,31.966505,0.03349494934082031
S001,P0020,2023-10-15,32,765.0,32.73243,-0.7324295043945312
S001,P0020,2023-10-16,25,734.0,40.301327,-15.301326751708984
S001,P0020,2023-10-17,34,711.0,34.475388,-0.4753875732421875
S001,P0020,2023-10-18,28,672.0,46.457706,-18.457706451416016
S001,P0020,2023-10-19,22,641.0,31.118599,-9.118598937988281
S001,P0020,2023-10-20,23,617.0,31.361536,-8.361536026000977
S001,P0020,2023-10-21,37,592.0,40.46195,-3.4619483947753906
S001,P0020,2023-10-22,35,557.0,34.567963,0.432037353515625
S001,P0020,2023-10-23,69,530.0,41.598713,27.401287078857422
S001,P0020,2023-10-24,24,455.0,29.591711,-5.591711044311523
S001,P0020,2023-10-25,80,429.0,78.206856,1.7931442260742188
S001,P0020,2023-10-26,139,338.0,98.94892,40.05107879638672
S001,P0020,2023-10-27,73,224.0,85.048225,-12.048225402832031
S001,P0020,2023-10-28,60,176.0,65.899086,-5.899085998535156
S001,P0020,2023-10-29,51,133.0,64.33022,-13.330223083496094
S001,P0020,2023-10-30,65,598.0,54.587254,10.41274642944336
S001,P0020,2023-10-31,79,524.0,67.30056,11.699440002441406
S001,P0020,2023-11-01,79,459.0,57.409256,21.590744018554688
S001,P0020,2023-11-02,48,406.0,80.636444,-32.636444091796875
S001,P0020,2023-11-03,110,374.0,91.541954,18.458045959472656
S001,P0020,2023-11-04,59,283.0,59.099697,-0.09969711303710938
S001,P0020,2023-11-05,65,224.0,61.305283,3.6947174072265625
S001,P0020,2023-11-06,71,173.0,65.84986,5.150138854980469
S001,P0020,2023-11-07,76,482.0,62.138973,13.861026763916016
S001,P0020,2023-11-08,42,414.0,58.58,-16.580001831054688
S001,P0020,2023-11-09,18,377.0,59.265366,-41.26536560058594
S001,P0020,2023-11-10,100,365.0,79.405556,20.594444274902344
S001,P0020,2023-11-11,58,278.0,65.88644,-7.886436462402344
S001,P0020,2023-11-12,58,242.0,60.74044,-2.7404403686523438
S001,P0020,2023-11-13,57,193.0,62.83063,-5.830631256103516
S001,P0020,2023-11-14,103,473.0,75.00755,27.992446899414062
S001,P0020,2023-11-15,121,402.0,96.04766,24.95233917236328
S001,P0020,2023-11-16,75,302.0,67.86701,7.132987976074219
S001,P0020,2023-11-17,45,240.0,79.35512,-34.35511779785156
S001,P0020,2023-11-18,52,672.0,62.5439,-10.543899536132812
S001,P0020,2023-11-19,102,625.0,66.33298,35.667022705078125
S001,P0020,2023-11-20,35,542.0,62.505253,-27.505252838134766
S001,P0020,2023-11-21,65,506.0,80.21863,-15.2186279296875
S001,P0020,2023-11-22,85,462.0,70.14168,14.858322143554688
S001,P0020,2023-11-23,25,390.0,63.01147,-38.011470794677734
S001,P0020,2023-11-24,54,366.0,63.037987,-9.037986755371094
S001,P0020,2023-11-25,68,319.0,81.851616,-13.851615905761719
S001,P0020,2023-11-26,119,238.0,90.04053,28.95947265625
S001,P0020,2023-11-27,67,134.0,88.80808,-21.808082580566406
S001,P0020,2023-11-28,67,53.0,82.97157,-15.971572875976562
S001,P0020,2023-11-29,89,263.0,69.797554,19.20244598388672
S001,P0020,2023-11-30,56,673.0,64.7642,-8.764198303222656
S001,P0020,2023-12-01,98,634.0,63.103886,34.896114349365234
S001,P0020,2023-12-02,140,519.0,99.63575,40.36425018310547
S001,P0020,2023-12-03,70,393.0,74.58001,-4.580009460449219
S001,P0020,2023-12-04,72,317.0,86.57856,-14.578559875488281
S001,P0020,2023-12-05,110,245.0,90.42787,19.572128295898438
S001,P0020,2023-12-06,68,726.0,95.85566,-27.85565948486328
S001,P0020,2023-12-07,83,654.0,74.542725,8.457275390625
S001,P0020,2023-12-08,68,592.0,89.05576,-21.055763244628906
S001,P0020,2023-12-09,61,529.0,82.29565,-21.29564666748047
S001,P0020,2023-12-10,52,487.0,64.35046,-12.350456237792969
S001,P0020,2023-12-11,105,440.0,82.30128,22.69872283935547
S001,P0020,2023-12-12,65,325.0,66.6,-1.5999984741210938
S001,P0020,2023-12-13,124,277.0,81.43694,42.56305694580078
S001,P0020,2023-12-14,72,146.0,72.47824,-0.478240966796875
S001,P0020,2023-12-15,64,539.0,65.25895,-1.2589492797851562
S001,P0020,2023-12-16,123,483.0,84.021706,38.978294372558594
S001,P0020,2023-12-17,75,362.0,69.216515,5.783485412597656
S001,P0020,2023-12-18,67,275.0,86.98919,-19.98918914794922
S001,P0020,2023-12-19,96,219.0,72.91069,23.089309692382812
S001,P0020,2023-12-20,79,629.0,69.60905,9.390953063964844
S001,P0020,2023-12-21,65,548.0,65.633224,-0.6332244873046875
S001,P0020,2023-12-22,110,505.0,94.29226,15.707740783691406
S001,P0020,2023-12-23,94,394.0,93.59808,0.40191650390625
S001,P0020,2023-12-24,61,329.0,69.6395,-8.639503479003906
S001,P0020,2023-12-25,89,279.0,69.53359,19.466407775878906
S001,P0020,2023-12-26,74,173.0,74.26684,-0.26683807373046875
S001,P0020,2023-12-27,45,506.0,58.42817,-13.428169250488281
S001,P0020,2023-12-28,26,460.0,47.15612,-21.15612030029297
S001,P0020,2023-12-29,37,441.0,32.36055,4.6394500732421875
S001,P0020,2023-12-30,15,408.0,32.718353,-17.718353271484375
S001,P0020,2023-12-31,27,390.0,29.516531,-2.516530990600586
S001,P0020,2024-01-01,25,372.0,23.468704,1.5312957763671875
S001,P0020,2024-01-02,38,354.0,24.901772,13.098228454589844
S001,P0020,2024-01-03,28,330.0,19.762445,8.237554550170898
S001,P0020,2024-01-04,18,308.0,26.0068,-8.006799697875977
S001,P0020,2024-01-05,65,287.0,35.552628,29.447372436523438
S001,P0020,2024-01-06,25,226.0,29.342125,-4.342124938964844
S001,P0020,2024-01-07,15,199.0,19.272324,-4.2723236083984375
S001,P0020,2024-01-08,37,186.0,24.527943,12.472057342529297
S001,P0020,2024-01-09,59,412.0,66.550804,-7.550804138183594
S001,P0020,2024-01-10,65,343.0,65.00181,-0.00180816650390625
S001,P0020,2024-01-11,109,271.0,77.95185,31.04814910888672
S001,P0020,2024-01-12,73,194.0,73.7182,-0.71820068359375
S001,P0020,2024-01-13,47,112.0,74.16846,-27.16845703125
S001,P0020,2024-01-14,77,77.0,85.77534,-8.775337219238281
S001,P0020,2024-01-15,64,484.0,69.46165,-5.461647033691406
S001,P0020,2024-01-16,69,444.0,64.86394,4.1360626220703125
S001,P0020,2024-01-17,71,364.0,66.01745,4.982551574707031
S001,P0020,2024-01-18,119,283.0,87.73666,31.263343811035156
S001,P0020,2024-01-19,65,147.0,76.507454,-11.507453918457031
S001,P0020,2024-01-20,66,79.0,73.716255,-7.716255187988281
S001,P0020,2024-01-21,104,10.0,93.632095,10.367904663085938
S001,P0020,2024-01-22,54,452.0,76.49192,-22.491920471191406
S001,P0020,2024-01-23,83,388.0,65.49631,17.503692626953125
S001,P0020,2024-01-24,82,303.0,85.917725,-3.917724609375
S001,P0020,2024-01-25,48,724.0,60.59794,-12.597938537597656
S001,P0020,2024-01-26,69,672.0,63.273533,5.726467132568359
S001,P0020,2024-01-27,79,624.0,68.137436,10.862564086914062
S001,P0020,2024-01-28,103,534.0,71.20299,31.797012329101562
S001,P0020,2024-01-29,72,416.0,65.77023,6.229766845703125
S001,P0020,2024-01-30,73,333.0,67.10086,5.899139404296875
S002,P0001,2023-09-07,129,397.0,104.880936,24.119064331054688
S002,P0001,2023-09-08,56,816.0,120.36466,-64.36466217041016
S002,P0001,2023-09-09,132,761.0,113.29768,18.702316284179688
S002,P0001,2023-09-10,136,618.0,112.829735,23.170265197753906
S002,P0001,2023-09-11,226,471.0,174.6225,51.37750244140625
S002,P0001,2023-09-12,136,234.0,117.113556,18.886444091796875
S002,P0001,2023-09-13,137,133.0,171.76906,-34.76905822753906
S002,P0001,2023-09-14,132,661.0,155.30284,-23.302841186523438
S002,P0001,2023-09-15,153,524.0,153.83746,-0.83746337890625
S002,P0001,2023-09-16,145,362.0,118.59865,26.401351928710938
S002,P0001,2023-09-17,64,199.0,118.150635,-54.150634765625
S002,P0001,2023-09-18,177,573.0,167.17204,9.827957153320312
S002,P0001,2023-09-19,215,457.0,161.92348,53.07652282714844
S002,P0001,2023-09-20,86,290.0,123.11394,-37.11393737792969
S002,P0001,2023-09-21,160,785.0,124.421555,35.57844543457031
S002,P0001,2023-09-22,136,660.0,123.01165,12.988349914550781
S002,P0001,2023-09-23,163,499.0,133.95073,29.049270629882812
S002,P0001,2023-09-24,226,349.0,179.7988,46.201202392578125
S002,P0001,2023-09-25,113,181.0,115.77744,-2.7774429321289062
S002,P0001,2023-09-26,94,568.0,120.8427,-26.842697143554688
S002,P0001,2023-09-27,86,472.0,119.126526,-33.12652587890625
S002,P0001,2023-09-28,170,403.0,152.04839,17.951614379882812
S002,P0001,2023-09-29,110,224.0,116.85272,-6.85272216796875
S002,P0001,2023-09-30,102,124.0,108.87452,-6.874519348144531
S002,P0001,2023-10-01,126,437.0,131.62466,-5.624664306640625
S002,P0001,2023-10-02,131,319.0,150.16542,-19.165420532226562
S002,P0001,2023-10-03,76,187.0,108.23381,-32.23381042480469
S002,P0001,2023-10-04,122,440.0,104.48607,17.513931274414062
S002,P0001,2023-10-05,97,295.0,120.16453,-23.164527893066406
S002,P0001,2023-10-06,179,213.0,122.75596,56.244041442871094
S002,P0001,2023-10-07,55,392.0,96.67809,-41.67809295654297
S002,P0001,2023-10-08,114,353.0,104.87166,9.128341674804688
S002,P0001,2023-10-09,53,720.0,124.35174,-71.35173797607422
S002,P0001,2023-10-10,42,657.0,97.0561,-55.05609893798828
S002,P0001,2023-10-11,46,631.0,94.04471,-48.044708251953125
S002,P0001,2023-10-12,111,591.0,112.20507,-1.2050704956054688
S002,P0001,2023-10-13,65,478.0,79.64918,-14.649177551269531
S002,P0001,2023-10-14,105,409.0,75.88537,29.11463165283203
S002,P0001,2023-10-15,53,333.0,82.275406,-29.275405883789062
S002,P0001,2023-10-16,101,289.0,76.854805,24.14519500732422
S002,P0001,2023-10-17,132,213.0,108.52693,23.473068237304688
S002,P0001,2023-10-18,53,57.0,82.9231,-29.92310333251953
S002,P0001,2023-10-19,118,370.0,100.96546,17.03453826904297
S002,P0001,2023-10-20,72,237.0,104.623375,-32.623374938964844
S002,P0001,2023-10-21,102,172.0,90.73992,11.260078430175781
S002,P0001,2023-10-22,57,460.0,82.605156,-25.60515594482422
S002,P0001,2023-10-23,138,414.0,105.04842,32.951576232910156
S002,P0001,2023-10-24,73,311.0,83.413055,-10.413055419921875
S002,P0001,2023-10-25,86,260.0,111.20826,-25.20825958251953
S002,P0001,2023-10-26,178,656.0,125.92464,52.07536315917969
S002,P0001,2023-10-27,131,467.0,99.21139,31.788612365722656
S002,P0001,2023-10-28,136,365.0,93.65909,42.340911865234375
S002,P0001,2023-10-29,90,212.0,96.950615,-6.950614929199219
S002,P0001,2023-10-30,181,506.0,96.349976,84.6500244140625
S002,P0001,2023-10-31,164,309.0,104.28312,59.716880798339844
S002,P0001,2023-11-01,189,173.0,143.13217,45.867828369140625
S002,P0001,2023-11-02,220,468.0,128.46013,91.53987121582031
S002,P0001,2023-11-03,155,224.0,129.32487,25.675125122070312
S002,P0001,2023-11-04,127,557.0,111.092155,15.907844543457031
S002,P0001,2023-11-05,136,431.0,117.49859,18.50141143798828
S002,P0001,2023-11-06,73,276.0,115.351585,-42.351585388183594
S002,P0001,2023-11-07,146,202.0,148.67368,-2.673675537109375
S002,P0001,2023-11-08,115,462.0,156.77908,-41.779083251953125
S002,P0001,2023-11-09,134,351.0,113.479126,20.5208740234375
S002,P0001,2023-11-10,174,243.0,118.151306,55.84869384765625
S002,P0001,2023-11-11,85,106.0,115.5118,-30.511802673339844
S002,P0001,2023-11-12,213,397.0,164.66559,48.33441162109375
S002,P0001,2023-11-13,168,874.0,168.40224,-0.4022369384765625
S002,P0001,2023-11-14,109,744.0,126.769905,-17.76990509033203
S002,P0001,2023-11-15,64,660.0,121.16268,-57.162681579589844
S002,P0001,2023-11-16,147,614.0,161.09021,-14.0902099609375
S002,P0001,2023-11-17,112,506.0,103.08597,8.914031982421875
S002,P0001,2023-11-18,69,439.0,144.0897,-75.08970642089844
S002,P0001,2023-11-19,123,386.0,108.15538,14.844619750976562
S002,P0001,2023-11-20,178,239.0,158.2391,19.760894775390625
S002,P0001,2023-11-21,104,54.0,108.374306,-4.374305725097656
S002,P0001,2023-11-22,123,348.0,105.73357,17.266433715820312
S002,P0001,2023-11-23,141,654.0,122.99824,18.00176239013672
S002,P0001,2023-11-24,61,517.0,117.35976,-56.35975646972656
S002,P0001,2023-11-25,78,457.0,112.26055,-34.26055145263672
S002,P0001,2023-11-26,30,407.0,120.70657,-90.70657348632812
S002,P0001,2023-11-27,74,387.0,105.43811,-31.4381103515625
S002,P0001,2023-11-28,42,336.0,101.85843,-59.858428955078125
S002,P0001,2023-11-29,112,310.0,91.670815,20.329185485839844
S002,P0001,2023-11-30,116,207.0,100.677765,15.322235107421875
S002,P0001,2023-12-01,121,135.0,92.75541,28.244590759277344
S002,P0001,2023-12-02,151,447.0,127.66688,23.33312225341797
S002,P0001,2023-12-03,116,301.0,113.89759,2.1024093627929688
S002,P0001,2023-12-04,145,230.0,146.88402,-1.8840179443359375
S002,P0001,2023-12-05,113,628.0,116.47548,-3.4754791259765625
S002,P0001,2023-12-06,143,528.0,117.001915,25.998085021972656
S002,P0001,2023-12-07,161,425.0,115.05445,45.94554901123047
S002,P0001,2023-12-08,116,280.0,141.28632,-25.28631591796875
S002,P0001,2023-12-09,113,180.0,110.046585,2.9534149169921875
S002,P0001,2023-12-10,198,655.0,148.679,49.32099914550781
S002,P0001,2023-12-11,69,497.0,112.57093,-43.57093048095703
S002,P0001,2023-12-12,101,433.0,142.8039,-41.80389404296875
S002,P0001,2023-12-13,158,907.0,108.30429,49.695709228515625
S002,P0001,2023-12-14,164,745.0,114.66976,49.330238342285156
S002,P0001,2023-12-15,182,636.0,165.10875,16.891250610351562
S002,P0001,2023-12-16,83,444.0,113.04772,-30.04772186279297
S002,P0001,2023-12-17,53,347.0,108.29211,-55.29210662841797
S002,P0001,2023-12-18,138,304.0,107.74698,30.253021240234375
S002,P0001,2023-12-19,67,176.0,110.64588,-43.64588165283203
S002,P0001,2023-12-20,140,125.0,105.514496,34.485504150390625
S002,P0001,2023-12-21,145,352.0,97.64537,47.35462951660156
S002,P0001,2023-12-22,127,227.0,100.12314,26.876861572265625
S002,P0001,2023-12-23,77,637.0,110.998695,-33.998695373535156
S002,P0001,2023-12-24,108,559.0,144.01337,-36.01336669921875
S002,P0001,2023-12-25,203,441.0,160.06516,42.934844970703125
S002,P0001,2023-12-26,119,274.0,152.5765,-33.576507568359375
S002,P0001,2023-12-27,72,132.0,125.31009,-53.310089111328125
S002,P0001,2023-12-28,116,739.0,103.28994,12.710060119628906
S002,P0001,2023-12-29,63,606.0,102.7072,-39.70719909667969
S002,P0001,2023-12-30,58,567.0,101.345406,-43.34540557861328
S002,P0001,2023-12-31,137,523.0,105.09894,31.90106201171875
S002,P0001,2024-01-01,51,363.0,95.08132,-44.081321716308594
S002,P0001,2024-01-02,75,323.0,69.93283,5.067169189453125
S002,P0001,2024-01-03,113,263.0,105.90356,7.096443176269531
S002,P0001,2024-01-04,67,184.0,99.10471,-32.104713439941406
S002,P0001,2024-01-05,38,139.0,65.74621,-27.74620819091797
S002,P0001,2024-01-06,104,406.0,79.06953,24.93047332763672
S002,P0001,2024-01-07,61,291.0,58.47046,2.529541015625
S002,P0001,2024-01-08,94,234.0,93.48434,0.5156631469726562
S002,P0001,2024-01-09,93,127.0,84.0384,8.961601257324219
S002,P0001,2024-01-10,78,17.0,88.33224,-10.332237243652344
S002,P0001,2024-01-11,143,293.0,112.62322,30.37677764892578
S002,P0001,2024-01-12,63,192.0,94.325905,-31.325904846191406
S002,P0001,2024-01-13,211,362.0,108.552986,102.44701385498047
S002,P0001,2024-01-14,78,592.0,123.474754,-45.474754333496094
S002,P0001,2024-01-15,120,502.0,97.81865,22.181350708007812
S002,P0001,2024-01-16,129,419.0,102.98512,26.014877319335938
S002,P0001,2024-01-17,154,267.0,100.673676,53.326324462890625
S002,P0001,2024-01-18,139,146.0,105.84245,33.15754699707031
S002,P0001,2024-01-19,232,461.0,144.50197,87.49803161621094
S002,P0001,2024-01-20,155,192.0,131.30017,23.6998291015625
S002,P0001,2024-01-21,99,58.0,157.8166,-58.81660461425781
S002,P0001,2024-01-22,51,826.0,134.94003,-83.94003295898438
S002,P0001,2024-01-23,87,786.0,114.80995,-27.809951782226562
S002,P0001,2024-01-24,89,681.0,138.3234,-49.323394775390625
S002,P0001,2024-01-25,49,607.0,108.91417,-59.91416931152344
S002,P0001,2024-01-26,102,554.0,106.28781,-4.287811279296875
S002,P0001,2024-01-27,150,447.0,80.72911,69.27088928222656
S002,P0001,2024-01-28,151,354.0,95.864395,55.13560485839844
S002,P0001,2024-01-29,57,177.0,100.939316,-43.93931579589844
S002,P0001,2024-01-30,87,569.0,100.23891,-13.238906860351562
S002,P0002,2023-09-07,67,308.0,95.61636,-28.616363525390625
S002,P0002,2023-09-08,111,251.0,92.1343,18.865699768066406
S002,P0002,2023-09-09,81,137.0,89.624275,-8.624275207519531
S002,P0002,2023-09-10,164,272.0,118.37495,45.62505340576172
S002,P0002,2023-09-11,87,156.0,92.41715,-5.417152404785156
S002,P0002,2023-09-12,85,402.0,91.78694,-6.7869415283203125
S002,P0002,2023-09-13,54,301.0,91.95563,-37.95562744140625
S002,P0002,2023-09-14,63,258.0,93.511665,-30.51166534423828
S002,P0002,2023-09-15,144,203.0,121.37484,22.625160217285156
S002,P0002,2023-09-16,98,70.0,94.36315,3.6368484497070312
S002,P0002,2023-09-17,153,234.0,118.15858,34.84142303466797
S002,P0002,2023-09-18,92,59.0,90.701935,1.298065185546875
S002,P0002,2023-09-19,89,280.0,85.82575,3.1742477416992188
S002,P0002,2023-09-20,80,220.0,114.32377,-34.323768615722656
S002,P0002,2023-09-21,136,168.0,91.54551,44.454490661621094
S002,P0002,2023-09-22,47,221.0,88.5016,-41.50160217285156
S002,P0002,2023-09-23,95,426.0,93.97839,1.0216064453125
S002,P0002,2023-09-24,129,348.0,121.56022,7.439781188964844
S002,P0002,2023-09-25,150,267.0,98.242485,51.75751495361328
S002,P0002,2023-09-26,114,352.0,91.18336,22.81664276123047
S002,P0002,2023-09-27,150,260.0,127.62284,22.377159118652344
S002,P0002,2023-09-28,100,107.0,94.15195,5.848052978515625
S002,P0002,2023-09-29,153,306.0,97.548294,55.45170593261719
S002,P0002,2023-09-30,77,148.0,99.717026,-22.717025756835938
S002,P0002,2023-10-01,57,352.0,98.05588,-41.055877685546875
S002,P0002,2023-10-02,110,315.0,96.04968,13.9503173828125
S002,P0002,2023-10-03,79,188.0,122.31141,-43.31140899658203
S002,P0002,2023-10-04,129,128.0,119.395065,9.604934692382812
S002,P0002,2023-10-05,191,151.0,127.42187,63.57813262939453
S002,P0002,2023-10-06,80,230.0,93.93489,-13.934890747070312
S002,P0002,2023-10-07,11,467.0,83.38458,-72.38458251953125
S002,P0002,2023-10-08,21,455.0,84.71608,-63.71607971191406
S002,P0002,2023-10-09,25,433.0,74.31235,-49.312347412109375
S002,P0002,2023-10-10,31,409.0,68.41119,-37.41118621826172
S002,P0002,2023-10-11,12,385.0,54.733788,-42.733787536621094
S002,P0002,2023-10-12,28,371.0,42.146633,-14.14663314819336
S002,P0002,2023-10-13,12,341.0,35.203175,-23.203174591064453
S002,P0002,2023-10-14,46,328.0,40.720196,5.279804229736328
S002,P0002,2023-10-15,47,295.0,36.757652,10.242347717285156
S002,P0002,2023-10-16,62,245.0,33.494144,28.505855560302734
S002,P0002,2023-10-17,34,183.0,41.2265,-7.22650146484375
S002,P0002,2023-10-18,43,146.0,32.845146,10.154853820800781
S002,P0002,2023-10-19,11,111.0,29.696009,-18.696008682250977
S002,P0002,2023-10-20,27,173.0,29.013391,-2.0133914947509766
S002,P0002,2023-10-21,12,151.0,27.689188,-15.689188003540039
S002,P0002,2023-10-22,42,140.0,37.659058,4.3409423828125
S002,P0002,2023-10-23,76,112.0,43.383156,32.616844177246094
S002,P0002,2023-10-24,36,136.0,32.47054,3.529460906982422
S002,P0002,2023-10-25,108,235.0,108.8573,-0.8572998046875
S002,P0002,2023-10-26,128,165.0,122.81828,5.1817169189453125
S002,P0002,2023-10-27,88,216.0,89.168495,-1.1684951782226562
S002,P0002,2023-10-28,148,360.0,92.54824,55.451759338378906
S002,P0002,2023-10-29,129,189.0,87.62601,41.373992919921875
S002,P0002,2023-10-30,89,331.0,90.93675,-1.9367523193359375
S002,P0002,2023-10-31,106,243.0,86.259766,19.740234375
S002,P0002,2023-11-01,89,173.0,87.22193,1.7780685424804688
S002,P0002,2023-11-02,111,268.0,94.24129,16.758712768554688
S002,P0002,2023-11-03,133,159.0,119.28701,13.712989807128906
S002,P0002,2023-11-04,110,278.0,97.77709,12.222908020019531
S002,P0002,2023-11-05,80,178.0,84.957825,-4.95782470703125
S002,P0002,2023-11-06,58,281.0,83.15823,-25.158233642578125
S002,P0002,2023-11-07,151,242.0,119.53577,31.4642333984375
S002,P0002,2023-11-08,106,139.0,107.71291,-1.7129135131835938
S002,P0002,2023-11-09,114,342.0,91.54328,22.45671844482422
S002,P0002,2023-11-10,159,210.0,117.239204,41.76079559326172
S002,P0002,2023-11-11,81,72.0,126.72985,-45.72985076904297
S002,P0002,2023-11-12,133,316.0,120.740654,12.259346008300781
S002,P0002,2023-11-13,85,228.0,86.49467,-1.4946670532226562
S002,P0002,2023-11-14,106,447.0,86.13614,19.863861083984375
S002,P0002,2023-11-15,133,323.0,124.07499,8.925010681152344
S002,P0002,2023-11-16,52,237.0,89.03141,-37.031410217285156
S002,P0002,2023-11-17,54,455.0,96.79171,-42.791709899902344
S002,P0002,2023-11-18,143,419.0,136.09674,6.90325927734375
S002,P0002,2023-11-19,26,248.0,90.56924,-64.5692367553711
S002,P0002,2023-11-20,86,219.0,122.20078,-36.200782775878906
S002,P0002,2023-11-21,98,134.0,92.00237,5.997627258300781
S002,P0002,2023-11-22,91,213.0,90.32283,0.6771697998046875
S002,P0002,2023-11-23,88,118.0,89.55161,-1.5516128540039062
S002,P0002,2023-11-24,67,191.0,87.86322,-20.86322021484375
S002,P0002,2023-11-25,128,146.0,122.3619,5.638099670410156
S002,P0002,2023-11-26,77,109.0,96.65397,-19.653968811035156
S002,P0002,2023-11-27,110,273.0,92.60313,17.396873474121094
S002,P0002,2023-11-28,30,185.0,87.410034,-57.4100341796875
S002,P0002,2023-11-29,133,354.0,95.08971,37.91029357910156
S002,P0002,2023-11-30,72,201.0,94.2423,-22.24230194091797
S002,P0002,2023-12-01,107,409.0,110.02383,-3.0238265991210938
S002,P0002,2023-12-02,143,297.0,96.58574,46.41426086425781
S002,P0002,2023-12-03,90,161.0,99.30904,-9.309036254882812
S002,P0002,2023-12-04,194,312.0,127.62548,66.37451934814453
S002,P0002,2023-12-05,102,136.0,103.830086,-1.8300857543945312
S002,P0002,2023-12-06,85,363.0,101.94581,-16.94580841064453
S002,P0002,2023-12-07,69,271.0,101.19962,-32.199623107910156
S002,P0002,2023-12-08,80,202.0,104.41008,-24.410079956054688
S002,P0002,2023-12-09,106,148.0,99.89259,6.1074066162109375
S002,P0002,2023-12-10,96,250.0,91.23606,4.763938903808594
S002,P0002,2023-12-11,115,151.0,87.86769,27.132308959960938
S002,P0002,2023-12-12,65,224.0,123.01605,-58.01605224609375
S002,P0002,2023-12-13,99,361.0,101.25408,-2.2540817260742188
S002,P0002,2023-12-14,168,268.0,106.81718,61.182823181152344
S002,P0002,2023-12-15,147,126.0,104.14689,42.853111267089844
S002,P0002,2023-12-16,108,356.0,97.47709,10.522911071777344
S002,P0002,2023-12-17,122,242.0,98.282036,23.71796417236328
S002,P0002,2023-12-18,139,146.0,100.94649,38.05351257324219
S002,P0002,2023-12-19,115,226.0,93.845184,21.154815673828125
S002,P0002,2023-12-20,130,433.0,134.01924,-4.0192413330078125
S002,P0002,2023-12-21,108,349.0,133.49742,-25.497421264648438
S002,P0002,2023-12-22,200,250.0,135.32852,64.67147827148438
S002,P0002,2023-12-23,155,103.0,137.31937,17.680633544921875
S002,P0002,2023-12-24,142,437.0,147.70753,-5.7075347900390625
S002,P0002,2023-12-25,78,293.0,119.53839,-41.53839111328125
S002,P0002,2023-12-26,75,209.0,110.856804,-35.85680389404297
S002,P0002,2023-12-27,58,148.0,119.78565,-61.78565216064453
S002,P0002,2023-12-28,29,232.0,103.95125,-74.95124816894531
S002,P0002,2023-12-29,33,202.0,68.41055,-35.410552978515625
S002,P0002,2023-12-30,41,172.0,52.7052,-11.7052001953125
S002,P0002,2023-12-31,39,135.0,55.18801,-16.188011169433594
S002,P0002,2024-01-01,48,193.0,41.696796,6.303203582763672
S002,P0002,2024-01-02,52,152.0,24.014025,27.98597526550293
S002,P0002,2024-01-03,7,99.0,30.141981,-23.14198112487793
S002,P0002,2024-01-04,29,200.0,18.940548,10.059452056884766
S002,P0002,2024-01-05,30,172.0,23.79942,6.200580596923828
S002,P0002,2024-01-06,38,137.0,25.566504,12.433496475219727
S002,P0002,2024-01-07,25,106.0,28.740047,-3.7400474548339844
S002,P0002,2024-01-08,20,162.0,15.875599,4.124401092529297
S002,P0002,2024-01-09,69,140.0,83.82676,-14.826759338378906
S002,P0002,2024-01-10,134,77.0,94.25755,39.74244689941406
S002,P0002,2024-01-11,110,117.0,97.43659,12.563407897949219
S002,P0002,2024-01-12,117,329.0,100.48564,16.514358520507812
S002,P0002,2024-01-13,115,236.0,95.08981,19.910186767578125
S002,P0002,2024-01-14,145,166.0,101.120445,43.879554748535156
S002,P0002,2024-01-15,98,244.0,136.23326,-38.23326110839844
S002,P0002,2024-01-16,127,178.0,118.95821,8.041786193847656
S002,P0002,2024-01-17,52,255.0,106.875145,-54.875144958496094
S002,P0002,2024-01-18,73,194.0,94.12189,-21.12188720703125
S002,P0002,2024-01-19,26,142.0,93.37598,-67.3759765625
S002,P0002,2024-01-20,60,282.0,121.24422,-61.24421691894531
S002,P0002,2024-01-21,47,228.0,94.34392,-47.34391784667969
S002,P0002,2024-01-22,56,189.0,86.7868,-30.78679656982422
S002,P0002,2024-01-23,57,146.0,89.38688,-32.386878967285156
S002,P0002,2024-01-24,80,231.0,107.38686,-27.386863708496094
S002,P0002,2024-01-25,54,178.0,106.20464,-52.20464324951172
S002,P0002,2024-01-26,111,287.0,109.36876,1.6312408447265625
S002,P0002,2024-01-27,196,217.0,114.09872,81.90128326416016
S002,P0002,2024-01-28,104,290.0,111.22864,-7.2286376953125
S002,P0002,2024-01-29,69,583.0,102.61601,-33.61601257324219
S002,P0002,2024-01-30,78,515.0,101.209145,-23.209144592285156
S002,P0003,2023-09-07,194,482.0,157.18861,36.81138610839844
S002,P0003,2023-09-08,203,291.0,153.79416,49.205841064453125
S002,P0003,2023-09-09,141,98.0,154.40048,-13.400482177734375
S002,P0003,2023-09-10,198,504.0,154.69708,43.30291748046875
S002,P0003,2023-09-11,136,324.0,149.49603,-13.49603271484375
S002,P0003,2023-09-12,131,214.0,123.55226,7.4477386474609375
S002,P0003,2023-09-13,199,667.0,181.40364,17.596359252929688
S002,P0003,2023-09-14,141,471.0,105.55596,35.44403839111328
S002,P0003,2023-09-15,113,334.0,106.09333,6.906669616699219
S002,P0003,2023-09-16,106,259.0,108.58484,-2.5848388671875
S002,P0003,2023-09-17,112,135.0,124.04405,-12.044052124023438
S002,P0003,2023-09-18,120,347.0,146.20378,-26.203781127929688
S002,P0003,2023-09-19,108,237.0,110.83869,-2.8386917114257812
S002,P0003,2023-09-20,110,168.0,109.05606,0.943939208984375
S002,P0003,2023-09-21,90,425.0,110.98685,-20.986846923828125
S002,P0003,2023-09-22,72,350.0,107.593185,-35.59318542480469
S002,P0003,2023-09-23,133,297.0,142.06967,-9.069671630859375
S002,P0003,2023-09-24,107,193.0,110.839195,-3.8391952514648438
S002,P0003,2023-09-25,165,113.0,117.78655,47.21344757080078
S002,P0003,2023-09-26,102,344.0,112.32117,-10.3211669921875
S002,P0003,2023-09-27,119,273.0,109.84408,9.155921936035156
S002,P0003,2023-09-28,70,777.0,122.71307,-52.71307373046875
S002,P0003,2023-09-29,135,722.0,116.21022,18.789779663085938
S002,P0003,2023-09-30,78,600.0,115.91636,-37.916358947753906
S002,P0003,2023-10-01,78,536.0,112.62481,-34.62480926513672
S002,P0003,2023-10-02,189,469.0,154.5591,34.44090270996094
S002,P0003,2023-10-03,93,328.0,123.643196,-30.64319610595703
S002,P0003,2023-10-04,107,239.0,108.99757,-1.9975662231445312
S002,P0003,2023-10-05,175,591.0,153.94695,21.053054809570312
S002,P0003,2023-10-06,142,397.0,148.27118,-6.27117919921875
S002,P0003,2023-10-07,40,244.0,100.74739,-60.74739074707031
S002,P0003,2023-10-08,157,220.0,115.58312,41.41687774658203
S002,P0003,2023-10-09,187,588.0,143.44867,43.55133056640625
S002,P0003,2023-10-10,123,462.0,103.10716,19.892837524414062
S002,P0003,2023-10-11,68,344.0,131.1212,-63.12120056152344
S002,P0003,2023-10-12,83,785.0,94.66017,-11.660171508789062
S002,P0003,2023-10-13,77,717.0,106.355095,-29.35509490966797
S002,P0003,2023-10-14,18,670.0,88.19131,-70.1913070678711
S002,P0003,2023-10-15,110,655.0,100.20529,9.794708251953125
S002,P0003,2023-10-16,62,573.0,98.73937,-36.73937225341797
S002,P0003,2023-10-17,71,524.0,98.9001,-27.900100708007812
S002,P0003,2023-10-18,60,474.0,91.35536,-31.355361938476562
S002,P0003,2023-10-19,89,411.0,95.97573,-6.975730895996094
S002,P0003,2023-10-20,49,342.0,70.74485,-21.744850158691406
S002,P0003,2023-10-21,109,283.0,72.1101,36.88990020751953
S002,P0003,2023-10-22,98,178.0,85.23671,12.763290405273438
S002,P0003,2023-10-23,114,104.0,107.97628,6.023719787597656
S002,P0003,2023-10-24,114,337.0,83.5268,30.47319793701172
S002,P0003,2023-10-25,113,203.0,117.111305,-4.111305236816406
S002,P0003,2023-10-26,45,129.0,91.14459,-46.14459228515625
S002,P0003,2023-10-27,83,480.0,95.19628,-12.196281433105469
S002,P0003,2023-10-28,68,425.0,90.46839,-22.46839141845703
S002,P0003,2023-10-29,128,344.0,87.08548,40.914520263671875
S002,P0003,2023-10-30,69,254.0,93.076225,-24.07622528076172
S002,P0003,2023-10-31,76,193.0,90.46197,-14.461967468261719
S002,P0003,2023-11-01,99,579.0,85.799614,13.200386047363281
S002,P0003,2023-11-02,74,468.0,89.18071,-15.180709838867188
S002,P0003,2023-11-03,48,394.0,80.636826,-32.63682556152344
S002,P0003,2023-11-04,119,343.0,63.524593,55.475406646728516
S002,P0003,2023-11-05,4,218.0,74.17853,-70.17852783203125
S002,P0003,2023-11-06,90,215.0,94.255264,-4.2552642822265625
S002,P0003,2023-11-07,117,507.0,61.637363,55.36263656616211
S002,P0003,2023-11-08,191,421.0,84.29708,106.70291900634766
S002,P0003,2023-11-09,61,259.0,82.28678,-21.286781311035156
S002,P0003,2023-11-10,89,205.0,83.062416,5.937583923339844
S002,P0003,2023-11-11,115,673.0,94.631386,20.368614196777344
S002,P0003,2023-11-12,140,546.0,101.493965,38.50603485107422
S002,P0003,2023-11-13,91,421.0,78.74426,12.2557373046875
S002,P0003,2023-11-14,119,325.0,109.090706,9.909294128417969
S002,P0003,2023-11-15,159,187.0,110.68676,48.31324005126953
S002,P0003,2023-11-16,117,23.0,90.381165,26.61883544921875
S002,P0003,2023-11-17,137,338.0,92.85653,44.143470764160156
S002,P0003,2023-11-18,103,692.0,123.05221,-20.052207946777344
S002,P0003,2023-11-19,184,621.0,125.164185,58.8358154296875
S002,P0003,2023-11-20,84,468.0,96.58332,-12.583320617675781
S002,P0003,2023-11-21,123,370.0,93.26926,29.730743408203125
S002,P0003,2023-11-22,76,227.0,94.670815,-18.670814514160156
S002,P0003,2023-11-23,110,150.0,124.044876,-14.044876098632812
S002,P0003,2023-11-24,93,345.0,98.47885,-5.478851318359375
S002,P0003,2023-11-25,119,247.0,94.659386,24.340614318847656
S002,P0003,2023-11-26,91,145.0,103.18063,-12.180633544921875
S002,P0003,2023-11-27,170,70.0,125.850395,44.14960479736328
S002,P0003,2023-11-28,82,424.0,95.23551,-13.235511779785156
S002,P0003,2023-11-29,124,327.0,93.88239,30.11760711669922
S002,P0003,2023-11-30,91,691.0,99.48522,-8.485221862792969
S002,P0003,2023-12-01,121,608.0,136.46738,-15.467376708984375
S002,P0003,2023-12-02,179,471.0,146.74765,32.252349853515625
S002,P0003,2023-12-03,72,294.0,109.96777,-37.9677734375
S002,P0003,2023-12-04,135,234.0,112.74557,22.254432678222656
S002,P0003,2023-12-05,82,671.0,130.72873,-48.728729248046875
S002,P0003,2023-12-06,193,610.0,161.88481,31.115188598632812
S002,P0003,2023-12-07,99,397.0,114.03031,-15.030311584472656
S002,P0003,2023-12-08,117,289.0,114.10729,2.8927078247070312
S002,P0003,2023-12-09,146,890.0,148.0349,-2.0348968505859375
S002,P0003,2023-12-10,154,800.0,149.41394,4.5860595703125
S002,P0003,2023-12-11,95,682.0,121.19328,-26.193283081054688
S002,P0003,2023-12-12,104,618.0,153.33696,-49.33695983886719
S002,P0003,2023-12-13,62,537.0,114.026245,-52.0262451171875
S002,P0003,2023-12-14,102,471.0,107.51103,-5.5110321044921875
S002,P0003,2023-12-15,91,407.0,110.83694,-19.836936950683594
S002,P0003,2023-12-16,145,319.0,145.72087,-0.7208709716796875
S002,P0003,2023-12-17,66,185.0,110.51251,-44.51251220703125
S002,P0003,2023-12-18,154,136.0,152.26784,1.7321624755859375
S002,P0003,2023-12-19,116,492.0,150.15558,-34.15557861328125
S002,P0003,2023-12-20,118,379.0,99.99481,18.00518798828125
S002,P0003,2023-12-21,147,270.0,111.95068,35.04931640625
S002,P0003,2023-12-22,91,134.0,119.06449,-28.064491271972656
S002,P0003,2023-12-23,144,406.0,115.43353,28.56646728515625
S002,P0003,2023-12-24,69,240.0,111.69199,-42.691993713378906
S002,P0003,2023-12-25,95,189.0,113.49856,-18.498558044433594
S002,P0003,2023-12-26,50,537.0,108.418945,-58.4189453125
S002,P0003,2023-12-27,74,502.0,117.947975,-43.947975158691406
S002,P0003,2023-12-28,69,437.0,94.09404,-25.094039916992188
S002,P0003,2023-12-29,89,394.0,85.25322,3.7467803955078125
S002,P0003,2023-12-30,14,309.0,72.387474,-58.387474060058594
S002,P0003,2023-12-31,34,297.0,63.187374,-29.187374114990234
S002,P0003,2024-01-01,91,261.0,47.272034,43.72796630859375
S002,P0003,2024-01-02,127,157.0,56.173008,70.82699203491211
S002,P0003,2024-01-03,119,30.0,67.06186,51.938140869140625
S002,P0003,2024-01-04,93,313.0,64.8577,28.142303466796875
S002,P0003,2024-01-05,89,202.0,82.519684,6.480316162109375
S002,P0003,2024-01-06,94,559.0,98.474655,-4.4746551513671875
S002,P0003,2024-01-07,72,496.0,53.99371,18.006290435791016
S002,P0003,2024-01-08,66,451.0,95.29581,-29.295806884765625
S002,P0003,2024-01-09,50,403.0,88.03849,-38.038490295410156
S002,P0003,2024-01-10,148,358.0,83.726654,64.27334594726562
S002,P0003,2024-01-11,193,236.0,103.39425,89.60575103759766
S002,P0003,2024-01-12,47,68.0,99.69473,-52.694732666015625
S002,P0003,2024-01-13,72,402.0,100.04778,-28.04778289794922
S002,P0003,2024-01-14,76,904.0,90.56564,-14.565643310546875
S002,P0003,2024-01-15,62,838.0,91.50482,-29.50482177734375
S002,P0003,2024-01-16,95,786.0,108.94388,-13.943878173828125
S002,P0003,2024-01-17,77,716.0,93.117355,-16.117355346679688
S002,P0003,2024-01-18,101,641.0,69.26217,31.737831115722656
S002,P0003,2024-01-19,100,524.0,94.161995,5.838005065917969
S002,P0003,2024-01-20,38,442.0,81.74477,-43.74476623535156
S002,P0003,2024-01-21,82,407.0,67.00461,14.995391845703125
S002,P0003,2024-01-22,168,328.0,79.03992,88.9600830078125
S002,P0003,2024-01-23,110,212.0,77.16147,32.838531494140625
S002,P0003,2024-01-24,60,144.0,109.85118,-49.85118103027344
S002,P0003,2024-01-25,78,523.0,90.300026,-12.300025939941406
S002,P0003,2024-01-26,159,431.0,74.26687,84.7331314086914
S002,P0003,2024-01-27,143,322.0,88.019005,54.980995178222656
S002,P0003,2024-01-28,170,168.0,123.99377,46.00623321533203
S002,P0003,2024-01-29,102,481.0,101.42637,0.5736312866210938
S002,P0003,2024-01-30,79,388.0,96.93631,-17.936309814453125
S002,P0004,2023-09-07,184,698.0,135.78944,48.21055603027344
S002,P0004,2023-09-08,75,582.0,105.962456,-30.96245574951172
S002,P0004,2023-09-09,135,515.0,94.55203,40.447967529296875
S002,P0004,2023-09-10,100,412.0,110.856995,-10.85699462890625
S002,P0004,2023-09-11,104,336.0,109.30648,-5.306480407714844
S002,P0004,2023-09-12,67,228.0,110.95153,-43.95153045654297
S002,P0004,2023-09-13,152,167.0,136.53639,15.463607788085938
S002,P0004,2023-09-14,64,295.0,95.22364,-31.22364044189453
S002,P0004,2023-09-15,110,253.0,132.05133,-22.05133056640625
S002,P0004,2023-09-16,128,521.0,142.06725,-14.067245483398438
S002,P0004,2023-09-17,98,381.0,108.86847,-10.86846923828125
S002,P0004,2023-09-18,119,266.0,134.09132,-15.091323852539062
S002,P0004,2023-09-19,40,175.0,143.30109,-103.30108642578125
S002,P0004,2023-09-20,172,145.0,96.9214,75.07859802246094
S002,P0004,2023-09-21,153,403.0,91.581375,61.41862487792969
S002,P0004,2023-09-22,104,280.0,133.32893,-29.328933715820312
S002,P0004,2023-09-23,165,627.0,128.58237,36.417633056640625
S002,P0004,2023-09-24,143,446.0,103.6061,39.393898010253906
S002,P0004,2023-09-25,182,321.0,88.256905,93.74309539794922
S002,P0004,2023-09-26,62,177.0,107.449165,-45.44916534423828
S002,P0004,2023-09-27,76,536.0,100.829994,-24.829994201660156
S002,P0004,2023-09-28,150,446.0,122.77316,27.226837158203125
S002,P0004,2023-09-29,153,294.0,88.31722,64.68277740478516
S002,P0004,2023-09-30,101,143.0,109.67653,-8.676528930664062
S002,P0004,2023-10-01,45,456.0,105.86314,-60.863136291503906
S002,P0004,2023-10-02,124,405.0,137.75256,-13.7525634765625
S002,P0004,2023-10-03,88,280.0,109.88479,-21.884788513183594
S002,P0004,2023-10-04,216,189.0,127.30874,88.6912612915039
S002,P0004,2023-10-05,138,366.0,96.65332,41.3466796875
S002,P0004,2023-10-06,44,223.0,117.60899,-73.60899353027344
S002,P0004,2023-10-07,54,705.0,116.78163,-62.78163146972656
S002,P0004,2023-10-08,103,657.0,78.43147,24.568527221679688
S002,P0004,2023-10-09,87,575.0,82.27299,4.727012634277344
S002,P0004,2023-10-10,62,514.0,86.731895,-24.731895446777344
S002,P0004,2023-10-11,35,459.0,113.96607,-78.96607208251953
S002,P0004,2023-10-12,80,436.0,77.39617,2.6038284301757812
S002,P0004,2023-10-13,82,380.0,95.474365,-13.474365234375
S002,P0004,2023-10-14,54,324.0,79.86277,-25.862770080566406
S002,P0004,2023-10-15,63,282.0,74.37531,-11.375312805175781
S002,P0004,2023-10-16,78,218.0,73.10102,4.898979187011719
S002,P0004,2023-10-17,59,153.0,98.33439,-39.334388732910156
S002,P0004,2023-10-18,13,88.0,86.10939,-73.10939025878906
S002,P0004,2023-10-19,121,269.0,74.632225,46.367774963378906
S002,P0004,2023-10-20,93,142.0,88.724815,4.275184631347656
S002,P0004,2023-10-21,76,72.0,74.41223,1.5877685546875
S002,P0004,2023-10-22,127,319.0,66.85728,60.142723083496094
S002,P0004,2023-10-23,58,222.0,78.31593,-20.315933227539062
S002,P0004,2023-10-24,114,186.0,72.82194,41.178062438964844
S002,P0004,2023-10-25,44,429.0,91.558655,-47.55865478515625
S002,P0004,2023-10-26,123,381.0,100.917725,22.082275390625
S002,P0004,2023-10-27,139,238.0,97.769844,41.23015594482422
S002,P0004,2023-10-28,174,133.0,124.89644,49.10356140136719
S002,P0004,2023-10-29,124,357.0,101.01414,22.985862731933594
S002,P0004,2023-10-30,123,229.0,95.9259,27.0740966796875
S002,P0004,2023-10-31,26,599.0,98.0179,-72.01789855957031
S002,P0004,2023-11-01,149,571.0,123.23709,25.762908935546875
S002,P0004,2023-11-02,147,453.0,96.47704,50.52295684814453
S002,P0004,2023-11-03,73,357.0,104.62281,-31.62281036376953
S002,P0004,2023-11-04,179,279.0,119.24006,59.75994110107422
S002,P0004,2023-11-05,87,560.0,125.40942,-38.40941619873047
S002,P0004,2023-11-06,118,464.0,97.3587,20.64129638671875
S002,P0004,2023-11-07,102,362.0,110.03076,-8.03076171875
S002,P0004,2023-11-08,136,280.0,132.80952,3.1904754638671875
S002,P0004,2023-11-09,59,171.0,96.65532,-37.65531921386719
S002,P0004,2023-11-10,117,492.0,99.38694,17.613059997558594
S002,P0004,2023-11-11,165,360.0,134.60422,30.395782470703125
S002,P0004,2023-11-12,98,194.0,109.31489,-11.314888000488281
S002,P0004,2023-11-13,106,95.0,105.05155,0.9484481811523438
S002,P0004,2023-11-14,166,515.0,86.193245,79.80675506591797
S002,P0004,2023-11-15,110,375.0,103.17261,6.827392578125
S002,P0004,2023-11-16,129,300.0,95.95061,33.04939270019531
S002,P0004,2023-11-17,149,654.0,89.26231,59.737693786621094
S002,P0004,2023-11-18,123,516.0,143.37764,-20.377639770507812
S002,P0004,2023-11-19,87,387.0,145.71677,-58.716766357421875
S002,P0004,2023-11-20,97,314.0,111.24545,-14.245452880859375
S002,P0004,2023-11-21,126,205.0,107.73845,18.261550903320312
S002,P0004,2023-11-22,133,105.0,95.87372,37.12628173828125
S002,P0004,2023-11-23,139,233.0,140.05876,-1.0587615966796875
S002,P0004,2023-11-24,164,478.0,119.4573,44.542701721191406
S002,P0004,2023-11-25,114,359.0,106.36044,7.639556884765625
S002,P0004,2023-11-26,73,256.0,109.56953,-36.56952667236328
S002,P0004,2023-11-27,112,660.0,103.31755,8.682449340820312
S002,P0004,2023-11-28,134,571.0,144.7924,-10.792404174804688
S002,P0004,2023-11-29,74,439.0,109.54887,-35.548866271972656
S002,P0004,2023-11-30,39,374.0,103.72275,-64.72274780273438
S002,P0004,2023-12-01,168,345.0,117.43137,50.568626403808594
S002,P0004,2023-12-02,54,212.0,102.79986,-48.79985809326172
S002,P0004,2023-12-03,114,155.0,101.900856,12.099143981933594
S002,P0004,2023-12-04,102,622.0,107.47792,-5.4779205322265625
S002,P0004,2023-12-05,208,504.0,122.93072,85.06928253173828
S002,P0004,2023-12-06,125,320.0,139.63521,-14.635208129882812
S002,P0004,2023-12-07,137,201.0,115.63547,21.364532470703125
S002,P0004,2023-12-08,74,754.0,122.90352,-48.90351867675781
S002,P0004,2023-12-09,168,704.0,94.34708,73.65292358398438
S002,P0004,2023-12-10,154,505.0,86.833824,67.16617584228516
S002,P0004,2023-12-11,136,400.0,141.22464,-5.224639892578125
S002,P0004,2023-12-12,131,265.0,139.45296,-8.452957153320312
S002,P0004,2023-12-13,114,613.0,109.98177,4.018226623535156
S002,P0004,2023-12-14,110,492.0,115.69097,-5.690971374511719
S002,P0004,2023-12-15,116,423.0,116.2213,-0.2212982177734375
S002,P0004,2023-12-16,141,302.0,151.31279,-10.312789916992188
S002,P0004,2023-12-17,146,145.0,97.81758,48.18241882324219
S002,P0004,2023-12-18,92,400.0,111.25664,-19.256637573242188
S002,P0004,2023-12-19,54,307.0,111.66549,-57.665489196777344
S002,P0004,2023-12-20,93,612.0,111.10109,-18.101089477539062
S002,P0004,2023-12-21,150,539.0,104.82666,45.17333984375
S002,P0004,2023-12-22,178,422.0,133.61566,44.38433837890625
S002,P0004,2023-12-23,135,209.0,95.039185,39.9608154296875
S002,P0004,2023-12-24,205,59.0,125.75046,79.24954223632812
S002,P0004,2023-12-25,112,555.0,142.2072,-30.207199096679688
S002,P0004,2023-12-26,99,474.0,108.824684,-9.824684143066406
S002,P0004,2023-12-27,79,1033.0,82.6467,-3.646697998046875
S002,P0004,2023-12-28,58,967.0,126.95456,-68.95455932617188
S002,P0004,2023-12-29,73,899.0,77.171844,-4.171844482421875
S002,P0004,2023-12-30,90,819.0,85.76483,4.23516845703125
S002,P0004,2023-12-31,69,763.0,75.36175,-6.361747741699219
S002,P0004,2024-01-01,75,708.0,66.501015,8.498985290527344
S002,P0004,2024-01-02,94,659.0,69.744255,24.25574493408203
S002,P0004,2024-01-03,86,561.0,61.923656,24.076343536376953
S002,P0004,2024-01-04,52,507.0,69.19547,-17.195472717285156
S002,P0004,2024-01-05,72,464.0,65.653114,6.346885681152344
S002,P0004,2024-01-06,32,382.0,63.248928,-31.24892807006836
S002,P0004,2024-01-07,105,350.0,54.64177,50.35823059082031
S002,P0004,2024-01-08,45,254.0,84.80266,-39.80265808105469
S002,P0004,2024-01-09,142,216.0,89.301765,52.69823455810547
S002,P0004,2024-01-10,150,424.0,86.85933,63.14067077636719
S002,P0004,2024-01-11,111,298.0,124.71103,-13.711029052734375
S002,P0004,2024-01-12,98,227.0,122.80046,-24.800460815429688
S002,P0004,2024-01-13,72,659.0,95.59121,-23.591209411621094
S002,P0004,2024-01-14,111,597.0,121.114685,-10.11468505859375
S002,P0004,2024-01-15,139,466.0,97.10104,41.898956298828125
S002,P0004,2024-01-16,208,367.0,112.11874,95.88126373291016
S002,P0004,2024-01-17,87,230.0,108.10741,-21.107406616210938
S002,P0004,2024-01-18,188,618.0,124.0059,63.994102478027344
S002,P0004,2024-01-19,152,458.0,97.19363,54.806373596191406
S002,P0004,2024-01-20,235,291.0,127.72491,107.27509307861328
S002,P0004,2024-01-21,181,760.0,131.46558,49.534423828125
S002,P0004,2024-01-22,108,556.0,116.86754,-8.867538452148438
S002,P0004,2024-01-23,123,427.0,130.45891,-7.4589080810546875
S002,P0004,2024-01-24,128,332.0,116.611244,11.388755798339844
S002,P0004,2024-01-25,109,236.0,117.673225,-8.673225402832031
S002,P0004,2024-01-26,122,531.0,153.34195,-31.341949462890625
S002,P0004,2024-01-27,111,454.0,110.13808,0.8619232177734375
S002,P0004,2024-01-28,124,328.0,144.73943,-20.739425659179688
S002,P0004,2024-01-29,139,250.0,96.07614,42.923858642578125
S002,P0004,2024-01-30,73,129.0,113.672195,-40.67219543457031
S002,P0005,2023-09-07,71,892.0,95.83697,-24.83696746826172
S002,P0005,2023-09-08,129,816.0,93.74699,35.253013610839844
S002,P0005,2023-09-09,50,711.0,92.07222,-42.07221984863281
S002,P0005,2023-09-10,97,663.0,81.64864,15.351356506347656
S002,P0005,2023-09-11,63,552.0,80.99419,-17.994186401367188
S002,P0005,2023-09-12,134,489.0,67.98292,66.01708221435547
S002,P0005,2023-09-13,100,345.0,76.99001,23.009986877441406
S002,P0005,2023-09-14,110,257.0,113.460396,-3.4603958129882812
S002,P0005,2023-09-15,156,168.0,112.152664,43.84733581542969
S002,P0005,2023-09-16,123,619.0,128.80473,-5.8047332763671875
S002,P0005,2023-09-17,106,526.0,95.08501,10.914993286132812
S002,P0005,2023-09-18,87,402.0,90.43116,-3.4311599731445312
S002,P0005,2023-09-19,73,318.0,82.718895,-9.718894958496094
S002,P0005,2023-09-20,94,261.0,86.165794,7.834205627441406
S002,P0005,2023-09-21,109,201.0,113.6104,-4.6103973388671875
S002,P0005,2023-09-22,226,480.0,124.48263,101.51737213134766
S002,P0005,2023-09-23,138,286.0,134.32242,3.677581787109375
S002,P0005,2023-09-24,126,134.0,136.37558,-10.375579833984375
S002,P0005,2023-09-25,180,54.0,140.99025,39.00975036621094
S002,P0005,2023-09-26,132,778.0,117.172615,14.827384948730469
S002,P0005,2023-09-27,106,665.0,153.77068,-47.77067565917969
S002,P0005,2023-09-28,95,581.0,112.13722,-17.137222290039062
S002,P0005,2023-09-29,96,514.0,103.65042,-7.650421142578125
S002,P0005,2023-09-30,35,426.0,99.37904,-64.37904357910156
S002,P0005,2023-10-01,91,387.0,95.80079,-4.800788879394531
S002,P0005,2023-10-02,111,296.0,95.84248,15.157516479492188
S002,P0005,2023-10-03,106,227.0,133.80473,-27.804733276367188
S002,P0005,2023-10-04,63,110.0,91.43349,-28.433486938476562
S002,P0005,2023-10-05,81,376.0,90.987976,-9.98797607421875
S002,P0005,2023-10-06,100,284.0,95.87574,4.124259948730469
S002,P0005,2023-10-07,39,217.0,90.13608,-51.136077880859375
S002,P0005,2023-10-08,41,172.0,81.41783,-40.41783142089844
S002,P0005,2023-10-09,51,519.0,89.61314,-38.613136291503906
S002,P0005,2023-10-10,78,468.0,91.93654,-13.936538696289062
S002,P0005,2023-10-11,30,388.0,69.02389,-39.023887634277344
S002,P0005,2023-10-12,72,354.0,71.01745,0.9825515747070312
S002,P0005,2023-10-13,66,283.0,78.72053,-12.720527648925781
S002,P0005,2023-10-14,68,205.0,66.13934,1.86065673828125
S002,P0005,2023-10-15,45,132.0,57.630466,-12.63046646118164
S002,P0005,2023-10-16,79,364.0,59.60642,19.39358139038086
S002,P0005,2023-10-17,44,278.0,55.934284,-11.934284210205078
S002,P0005,2023-10-18,28,226.0,52.169765,-24.16976547241211
S002,P0005,2023-10-19,47,201.0,49.927685,-2.927684783935547
S002,P0005,2023-10-20,26,522.0,53.827717,-27.827716827392578
S002,P0005,2023-10-21,38,497.0,43.117706,-5.117706298828125
S002,P0005,2023-10-22,42,459.0,49.784847,-7.784847259521484
S002,P0005,2023-10-23,88,428.0,51.157738,36.842262268066406
S002,P0005,2023-10-24,93,358.0,49.167152,43.832847595214844
S002,P0005,2023-10-25,70,299.0,62.157482,7.842517852783203
S002,P0005,2023-10-26,140,225.0,64.53706,75.46293640136719
S002,P0005,2023-10-27,90,385.0,59.63949,30.360511779785156
S002,P0005,2023-10-28,123,318.0,65.97817,57.021827697753906
S002,P0005,2023-10-29,114,176.0,72.35029,41.64971160888672
S002,P0005,2023-10-30,46,713.0,82.621124,-36.621124267578125
S002,P0005,2023-10-31,101,668.0,70.06637,30.933631896972656
S002,P0005,2023-11-01,143,598.0,94.61517,48.38482666015625
S002,P0005,2023-11-02,83,427.0,79.254234,3.7457656860351562
S002,P0005,2023-11-03,77,360.0,100.473625,-23.47362518310547
S002,P0005,2023-11-04,149,287.0,94.00552,54.994476318359375
S002,P0005,2023-11-05,179,860.0,109.2002,69.79979705810547
S002,P0005,2023-11-06,99,668.0,91.19083,7.809173583984375
S002,P0005,2023-11-07,97,593.0,79.259026,17.74097442626953
S002,P0005,2023-11-08,94,505.0,74.74956,19.250442504882812
S002,P0005,2023-11-09,93,419.0,79.058495,13.941505432128906
S002,P0005,2023-11-10,18,341.0,84.37573,-66.375732421875
S002,P0005,2023-11-11,113,327.0,82.91797,30.08203125
S002,P0005,2023-11-12,158,249.0,78.1276,79.87239837646484
S002,P0005,2023-11-13,107,552.0,106.38128,0.6187210083007812
S002,P0005,2023-11-14,180,477.0,111.3267,68.67330169677734
S002,P0005,2023-11-15,46,303.0,95.919,-49.91899871826172
S002,P0005,2023-11-16,116,852.0,102.75307,13.246932983398438
S002,P0005,2023-11-17,114,768.0,105.14228,8.857719421386719
S002,P0005,2023-11-18,83,646.0,99.91309,-16.91309356689453
S002,P0005,2023-11-19,143,594.0,124.40861,18.591392517089844
S002,P0005,2023-11-20,124,457.0,119.7347,4.265296936035156
S002,P0005,2023-11-21,66,368.0,84.57379,-18.57379150390625
S002,P0005,2023-11-22,112,314.0,92.611404,19.388595581054688
S002,P0005,2023-11-23,138,835.0,133.72824,4.271759033203125
S002,P0005,2023-11-24,85,735.0,95.10088,-10.100883483886719
S002,P0005,2023-11-25,54,653.0,122.97216,-68.97216033935547
S002,P0005,2023-11-26,85,616.0,97.32942,-12.329421997070312
S002,P0005,2023-11-27,142,526.0,94.51082,47.48918151855469
S002,P0005,2023-11-28,51,434.0,89.50416,-38.50415802001953
S002,P0005,2023-11-29,85,397.0,92.84614,-7.846138000488281
S002,P0005,2023-11-30,143,334.0,100.22772,42.77227783203125
S002,P0005,2023-12-01,119,813.0,118.977516,0.02248382568359375
S002,P0005,2023-12-02,97,732.0,107.73991,-10.739906311035156
S002,P0005,2023-12-03,61,620.0,100.55022,-39.55021667480469
S002,P0005,2023-12-04,114,552.0,104.801094,9.198905944824219
S002,P0005,2023-12-05,163,425.0,134.28145,28.718551635742188
S002,P0005,2023-12-06,145,291.0,111.96102,33.038978576660156
S002,P0005,2023-12-07,63,151.0,104.110954,-41.11095428466797
S002,P0005,2023-12-08,86,112.0,104.6495,-18.649497985839844
S002,P0005,2023-12-09,75,724.0,109.806145,-34.80614471435547
S002,P0005,2023-12-10,97,651.0,104.504814,-7.504814147949219
S002,P0005,2023-12-11,63,554.0,104.391014,-41.391014099121094
S002,P0005,2023-12-12,86,502.0,122.46471,-36.46470642089844
S002,P0005,2023-12-13,103,445.0,89.61815,13.381851196289062
S002,P0005,2023-12-14,184,342.0,133.2073,50.792694091796875
S002,P0005,2023-12-15,147,192.0,140.1535,6.84649658203125
S002,P0005,2023-12-16,82,85.0,129.56349,-47.56349182128906
S002,P0005,2023-12-17,84,381.0,129.90955,-45.9095458984375
S002,P0005,2023-12-18,137,1075.0,99.23422,37.765777587890625
S002,P0005,2023-12-19,101,939.0,125.10186,-24.10186004638672
S002,P0005,2023-12-20,122,859.0,99.77356,22.2264404296875
S002,P0005,2023-12-21,110,745.0,98.59992,11.400077819824219
S002,P0005,2023-12-22,157,675.0,136.63539,20.364608764648438
S002,P0005,2023-12-23,99,496.0,94.459366,4.5406341552734375
S002,P0005,2023-12-24,139,400.0,100.347664,38.65233612060547
S002,P0005,2023-12-25,91,289.0,104.54229,-13.542289733886719
S002,P0005,2023-12-26,63,773.0,98.04191,-35.041908264160156
S002,P0005,2023-12-27,54,725.0,96.61517,-42.61517333984375
S002,P0005,2023-12-28,72,683.0,123.62532,-51.62532043457031
S002,P0005,2023-12-29,71,604.0,92.63281,-21.6328125
S002,P0005,2023-12-30,47,546.0,84.99149,-37.991493225097656
S002,P0005,2023-12-31,44,516.0,73.92247,-29.922470092773438
S002,P0005,2024-01-01,55,472.0,44.340824,10.659175872802734
S002,P0005,2024-01-02,54,437.0,66.70223,-12.702232360839844
S002,P0005,2024-01-03,97,393.0,61.70609,35.29391098022461
S002,P0005,2024-01-04,39,284.0,41.068913,-2.0689125061035156
S002,P0005,2024-01-05,75,258.0,54.43757,20.56243133544922
S002,P0005,2024-01-06,42,191.0,44.36047,-2.3604698181152344
S002,P0005,2024-01-07,57,497.0,44.878857,12.121143341064453
S002,P0005,2024-01-08,93,442.0,43.985794,49.01420593261719
S002,P0005,2024-01-09,115,373.0,70.04182,44.95818328857422
S002,P0005,2024-01-10,74,271.0,73.287766,0.7122344970703125
S002,P0005,2024-01-11,81,213.0,66.99591,14.00408935546875
S002,P0005,2024-01-12,103,586.0,69.38168,33.618316650390625
S002,P0005,2024-01-13,30,487.0,76.80766,-46.80766296386719
S002,P0005,2024-01-14,99,462.0,65.49514,33.504859924316406
S002,P0005,2024-01-15,63,346.0,70.40749,-7.407493591308594
S002,P0005,2024-01-16,115,286.0,74.339,40.66100311279297
S002,P0005,2024-01-17,113,167.0,71.13096,41.869041442871094
S002,P0005,2024-01-18,37,374.0,81.90061,-44.900611877441406
S002,P0005,2024-01-19,115,348.0,80.21462,34.785377502441406
S002,P0005,2024-01-20,199,224.0,87.16598,111.83402252197266
S002,P0005,2024-01-21,88,601.0,110.682594,-22.682594299316406
S002,P0005,2024-01-22,79,517.0,83.87081,-4.870811462402344
S002,P0005,2024-01-23,95,460.0,79.498604,15.501396179199219
S002,P0005,2024-01-24,77,1218.0,108.62946,-31.62946319580078
S002,P0005,2024-01-25,133,1130.0,88.05866,44.94133758544922
S002,P0005,2024-01-26,175,992.0,107.2764,67.72360229492188
S002,P0005,2024-01-27,132,862.0,114.51034,17.489662170410156
S002,P0005,2024-01-28,101,728.0,85.13863,15.861366271972656
S002,P0005,2024-01-29,68,625.0,87.03925,-19.03925323486328
S002,P0005,2024-01-30,138,552.0,85.60449,52.3955078125
S002,P0006,2023-09-07,111,86.0,120.88475,-9.884750366210938
S002,P0006,2023-09-08,76,97.0,100.757484,-24.757484436035156
S002,P0006,2023-09-09,133,90.0,120.84756,12.152442932128906
S002,P0006,2023-09-10,124,112.0,98.32957,25.670433044433594
S002,P0006,2023-09-11,61,116.0,85.478424,-24.478424072265625
S002,P0006,2023-09-12,107,77.0,94.67414,12.325859069824219
S002,P0006,2023-09-13,111,118.0,95.832245,15.167755126953125
S002,P0006,2023-09-14,115,101.0,94.29799,20.702011108398438
S002,P0006,2023-09-15,85,110.0,88.02991,-3.0299072265625
S002,P0006,2023-09-16,85,132.0,92.91351,-7.91351318359375
S002,P0006,2023-09-17,66,148.0,87.000854,-21.0008544921875
S002,P0006,2023-09-18,60,72.0,84.61489,-24.614891052246094
S002,P0006,2023-09-19,120,75.0,90.55213,29.44786834716797
S002,P0006,2023-09-20,95,122.0,89.47414,5.5258636474609375
S002,P0006,2023-09-21,108,134.0,90.043625,17.956375122070312
S002,P0006,2023-09-22,107,174.0,88.4231,18.57689666748047
S002,P0006,2023-09-23,125,99.0,115.104065,9.89593505859375
S002,P0006,2023-09-24,53,143.0,87.78424,-34.78424072265625
S002,P0006,2023-09-25,109,98.0,112.56184,-3.5618362426757812
S002,P0006,2023-09-26,182,105.0,116.66875,65.33125305175781
S002,P0006,2023-09-27,85,174.0,108.06556,-23.06555938720703
S002,P0006,2023-09-28,122,81.0,116.2595,5.740501403808594
S002,P0006,2023-09-29,86,129.0,92.848694,-6.84869384765625
S002,P0006,2023-09-30,50,136.0,88.44259,-38.442588806152344
S002,P0006,2023-10-01,20,88.0,99.271454,-79.27145385742188
S002,P0006,2023-10-02,65,68.0,92.742325,-27.742324829101562
S002,P0006,2023-10-03,98,75.0,83.98168,14.018318176269531
S002,P0006,2023-10-04,129,105.0,109.876114,19.123886108398438
S002,P0006,2023-10-05,15,138.0,92.28306,-77.2830581665039
S002,P0006,2023-10-06,58,127.0,76.533554,-18.533554077148438
S002,P0006,2023-10-07,70,64.0,63.128323,6.871677398681641
S002,P0006,2023-10-08,84,70.0,66.59858,17.40142059326172
S002,P0006,2023-10-09,125,72.0,72.871544,52.128456115722656
S002,P0006,2023-10-10,114,146.0,94.59823,19.401771545410156
S002,P0006,2023-10-11,119,113.0,96.75303,22.246971130371094
S002,P0006,2023-10-12,152,146.0,80.250824,71.74917602539062
S002,P0006,2023-10-13,63,166.0,76.73631,-13.736312866210938
S002,P0006,2023-10-14,118,115.0,100.96283,17.03717041015625
S002,P0006,2023-10-15,117,137.0,88.29627,28.70372772216797
S002,P0006,2023-10-16,147,174.0,116.39706,30.602943420410156
S002,P0006,2023-10-17,114,177.0,94.05663,19.94336700439453
S002,P0006,2023-10-18,96,98.0,108.23636,-12.236358642578125
S002,P0006,2023-10-19,70,101.0,93.90053,-23.900527954101562
S002,P0006,2023-10-20,62,111.0,76.067924,-14.067924499511719
S002,P0006,2023-10-21,111,44.0,91.50639,19.493606567382812
S002,P0006,2023-10-22,77,104.0,104.40373,-27.403732299804688
S002,P0006,2023-10-23,72,82.0,101.504776,-29.504776000976562
S002,P0006,2023-10-24,114,97.0,82.8871,31.112899780273438
S002,P0006,2023-10-25,142,147.0,108.539,33.46099853515625
S002,P0006,2023-10-26,93,134.0,93.068634,-0.068634033203125
S002,P0006,2023-10-27,127,133.0,93.10578,33.89421844482422
S002,P0006,2023-10-28,142,153.0,94.956154,47.043846130371094
S002,P0006,2023-10-29,45,133.0,90.444534,-45.44453430175781
S002,P0006,2023-10-30,78,86.0,93.08709,-15.087089538574219
S002,P0006,2023-10-31,108,126.0,90.08004,17.919960021972656
S002,P0006,2023-11-01,145,116.0,96.19057,48.80943298339844
S002,P0006,2023-11-02,163,131.0,95.27792,67.72207641601562
S002,P0006,2023-11-03,99,200.0,98.25628,0.7437210083007812
S002,P0006,2023-11-04,60,131.0,93.416176,-33.416175842285156
S002,P0006,2023-11-05,141,93.0,103.64258,37.357421875
S002,P0006,2023-11-06,87,116.0,96.28817,-9.288169860839844
S002,P0006,2023-11-07,137,132.0,102.674095,34.325904846191406
S002,P0006,2023-11-08,80,170.0,97.67537,-17.675369262695312
S002,P0006,2023-11-09,98,114.0,111.987366,-13.98736572265625
S002,P0006,2023-11-10,105,134.0,113.49866,-8.4986572265625
S002,P0006,2023-11-11,127,134.0,99.331085,27.668914794921875
S002,P0006,2023-11-12,194,173.0,127.84606,66.15393829345703
S002,P0006,2023-11-13,176,223.0,125.3316,50.66840362548828
S002,P0006,2023-11-14,56,228.0,86.87968,-30.879676818847656
S002,P0006,2023-11-15,70,167.0,121.32809,-51.328086853027344
S002,P0006,2023-11-16,91,88.0,100.770744,-9.770744323730469
S002,P0006,2023-11-17,85,107.0,113.8802,-28.880203247070312
S002,P0006,2023-11-18,88,80.0,115.755104,-27.755104064941406
S002,P0006,2023-11-19,100,82.0,98.35273,1.6472702026367188
S002,P0006,2023-11-20,164,120.0,93.87857,70.12142944335938
S002,P0006,2023-11-21,84,171.0,93.67936,-9.679359436035156
S002,P0006,2023-11-22,143,76.0,125.63637,17.363632202148438
S002,P0006,2023-11-23,65,119.0,87.28919,-22.28919219970703
S002,P0006,2023-11-24,74,46.0,89.169464,-15.169464111328125
S002,P0006,2023-11-25,133,81.0,95.160255,37.839744567871094
S002,P0006,2023-11-26,42,134.0,85.76057,-43.76056671142578
S002,P0006,2023-11-27,140,84.0,118.0373,21.96269989013672
S002,P0006,2023-11-28,77,161.0,112.577126,-35.577125549316406
S002,P0006,2023-11-29,69,79.0,87.94939,-18.949386596679688
S002,P0006,2023-11-30,73,73.0,88.47483,-15.474830627441406
S002,P0006,2023-12-01,124,96.0,94.36648,29.633522033691406
S002,P0006,2023-12-02,161,133.0,99.46403,61.535972595214844
S002,P0006,2023-12-03,137,187.0,131.67351,5.3264923095703125
S002,P0006,2023-12-04,80,25.0,107.51115,-27.511146545410156
S002,P0006,2023-12-05,158,85.0,110.4216,47.578399658203125
S002,P0006,2023-12-06,86,157.0,128.31268,-42.31268310546875
S002,P0006,2023-12-07,161,65.0,136.49687,24.503128051757812
S002,P0006,2023-12-08,176,129.0,141.8146,34.185394287109375
S002,P0006,2023-12-09,146,221.0,127.945885,18.054115295410156
S002,P0006,2023-12-10,115,55.0,112.92193,2.0780715942382812
S002,P0006,2023-12-11,125,100.0,112.85211,12.14788818359375
S002,P0006,2023-12-12,100,146.0,122.118355,-22.11835479736328
S002,P0006,2023-12-13,140,128.0,113.88648,26.11351776123047
S002,P0006,2023-12-14,203,138.0,109.80697,93.19303131103516
S002,P0006,2023-12-15,255,199.0,154.2496,100.75039672851562
S002,P0006,2023-12-16,36,280.0,91.57577,-55.575767517089844
S002,P0006,2023-12-17,148,250.0,156.32976,-8.329757690429688
S002,P0006,2023-12-18,214,144.0,160.44707,53.55293273925781
S002,P0006,2023-12-19,121,232.0,110.93962,10.060379028320312
S002,P0006,2023-12-20,107,139.0,119.03047,-12.030471801757812
S002,P0006,2023-12-21,106,176.0,142.60902,-36.60902404785156
S002,P0006,2023-12-22,40,58.0,94.582794,-54.582794189453125
S002,P0006,2023-12-23,94,69.0,121.6041,-27.604103088378906
S002,P0006,2023-12-24,90,97.0,109.01572,-19.015716552734375
S002,P0006,2023-12-25,142,143.0,113.56749,28.432510375976562
S002,P0006,2023-12-26,97,156.0,118.01652,-21.016517639160156
S002,P0006,2023-12-27,139,65.0,110.89611,28.10388946533203
S002,P0006,2023-12-28,81,126.0,98.01272,-17.012718200683594
S002,P0006,2023-12-29,76,150.0,105.62435,-29.624351501464844
S002,P0006,2023-12-30,157,88.0,101.993835,55.00616455078125
S002,P0006,2023-12-31,121,172.0,108.23577,12.764228820800781
S002,P0006,2024-01-01,83,73.0,93.68645,-10.686447143554688
S002,P0006,2024-01-02,201,80.0,132.87576,68.12423706054688
S002,P0006,2024-01-03,128,198.0,118.318695,9.681304931640625
S002,P0006,2024-01-04,205,100.0,152.32994,52.67005920410156
S002,P0006,2024-01-05,136,173.0,110.133804,25.866195678710938
S002,P0006,2024-01-06,102,160.0,94.42195,7.5780487060546875
S002,P0006,2024-01-07,103,68.0,109.4908,-6.4907989501953125
S002,P0006,2024-01-08,195,116.0,132.88547,62.114532470703125
S002,P0006,2024-01-09,138,201.0,115.74207,22.25792694091797
S002,P0006,2024-01-10,113,52.0,127.72301,-14.723007202148438
S002,P0006,2024-01-11,90,99.0,112.22346,-22.22345733642578
S002,P0006,2024-01-12,117,90.0,127.7967,-10.796699523925781
S002,P0006,2024-01-13,85,117.0,110.937294,-25.937294006347656
S002,P0006,2024-01-14,113,123.0,115.89458,-2.8945770263671875
S002,P0006,2024-01-15,103,181.0,114.783005,-11.783004760742188
S002,P0006,2024-01-16,91,75.0,107.42789,-16.427886962890625
S002,P0006,2024-01-17,21,108.0,95.49853,-74.49852752685547
S002,P0006,2024-01-18,72,95.0,88.22076,-16.22075653076172
S002,P0006,2024-01-19,87,100.0,87.192215,-0.1922149658203125
S002,P0006,2024-01-20,96,96.0,91.99504,4.0049591064453125
S002,P0006,2024-01-21,84,140.0,105.93386,-21.933860778808594
S002,P0006,2024-01-22,88,61.0,90.499176,-2.499176025390625
S002,P0006,2024-01-23,80,102.0,106.71034,-26.710342407226562
S002,P0006,2024-01-24,165,91.0,125.352295,39.647705078125
S002,P0006,2024-01-25,226,134.0,124.95249,101.0475082397461
S002,P0006,2024-01-26,121,252.0,114.70801,6.2919921875
S002,P0006,2024-01-27,167,112.0,108.292114,58.7078857421875
S002,P0006,2024-01-28,167,181.0,139.21492,27.785079956054688
S002,P0006,2024-01-29,100,167.0,117.068855,-17.06885528564453
S002,P0006,2024-01-30,118,98.0,123.43753,-5.437530517578125
S002,P0007,2023-09-07,99,248.0,116.385864,-17.3858642578125
S002,P0007,2023-09-08,116,165.0,115.33396,0.6660385131835938
S002,P0007,2023-09-09,104,474.0,120.54026,-16.540260314941406
S002,P0007,2023-09-10,83,372.0,95.225075,-12.225074768066406
S002,P0007,2023-09-11,106,302.0,90.89845,15.101547241210938
S002,P0007,2023-09-12,116,229.0,90.596565,25.40343475341797
S002,P0007,2023-09-13,66,93.0,89.22458,-23.224578857421875
S002,P0007,2023-09-14,154,379.0,117.87144,36.128562927246094
S002,P0007,2023-09-15,104,245.0,114.57068,-10.5706787109375
S002,P0007,2023-09-16,49,128.0,89.207085,-40.20708465576172
S002,P0007,2023-09-17,92,501.0,93.27902,-1.279022216796875
S002,P0007,2023-09-18,94,410.0,122.4463,-28.44629669189453
S002,P0007,2023-09-19,200,336.0,118.31789,81.68211364746094
S002,P0007,2023-09-20,46,214.0,88.83502,-42.83502197265625
S002,P0007,2023-09-21,79,182.0,89.65385,-10.653846740722656
S002,P0007,2023-09-22,86,715.0,102.34316,-16.343162536621094
S002,P0007,2023-09-23,68,649.0,125.67902,-57.67902374267578
S002,P0007,2023-09-24,74,591.0,95.59968,-21.59967803955078
S002,P0007,2023-09-25,118,513.0,91.605286,26.39471435546875
S002,P0007,2023-09-26,128,383.0,87.89168,40.10832214355469
S002,P0007,2023-09-27,53,270.0,91.50228,-38.502281188964844
S002,P0007,2023-09-28,78,217.0,117.76331,-39.76331329345703
S002,P0007,2023-09-29,57,599.0,95.590355,-38.590354919433594
S002,P0007,2023-09-30,103,533.0,95.376656,7.623344421386719
S002,P0007,2023-10-01,55,415.0,117.47525,-62.475250244140625
S002,P0007,2023-10-02,108,367.0,115.27858,-7.2785797119140625
S002,P0007,2023-10-03,86,244.0,94.65295,-8.652946472167969
S002,P0007,2023-10-04,79,168.0,89.62117,-10.621170043945312
S002,P0007,2023-10-05,138,436.0,90.60196,47.398040771484375
S002,P0007,2023-10-06,64,349.0,113.95672,-49.95671844482422
S002,P0007,2023-10-07,46,274.0,103.32641,-57.32640838623047
S002,P0007,2023-10-08,30,571.0,69.602,-39.60199737548828
S002,P0007,2023-10-09,13,552.0,62.830227,-49.83022689819336
S002,P0007,2023-10-10,38,539.0,65.18314,-27.183143615722656
S002,P0007,2023-10-11,37,514.0,53.027504,-16.027503967285156
S002,P0007,2023-10-12,17,490.0,28.73715,-11.737150192260742
S002,P0007,2023-10-13,15,475.0,29.871325,-14.87132453918457
S002,P0007,2023-10-14,26,461.0,40.978115,-14.97811508178711
S002,P0007,2023-10-15,47,431.0,33.32312,13.6768798828125
S002,P0007,2023-10-16,13,378.0,29.98033,-16.980329513549805
S002,P0007,2023-10-17,41,370.0,34.17259,6.827411651611328
S002,P0007,2023-10-18,77,336.0,52.69605,24.303951263427734
S002,P0007,2023-10-19,7,277.0,29.892345,-22.892345428466797
S002,P0007,2023-10-20,12,273.0,28.677069,-16.67706871032715
S002,P0007,2023-10-21,43,266.0,37.81524,5.184761047363281
S002,P0007,2023-10-22,39,222.0,27.296696,11.703304290771484
S002,P0007,2023-10-23,31,177.0,28.13304,2.8669605255126953
S002,P0007,2023-10-24,30,156.0,27.056837,2.9431629180908203
S002,P0007,2023-10-25,101,125.0,96.944786,4.055213928222656
S002,P0007,2023-10-26,125,8.0,88.84581,36.15419006347656
S002,P0007,2023-10-27,52,86.0,78.35574,-26.355743408203125
S002,P0007,2023-10-28,130,357.0,83.40581,46.59419250488281
S002,P0007,2023-10-29,59,672.0,90.39234,-31.39234161376953
S002,P0007,2023-10-30,121,627.0,92.292336,28.707664489746094
S002,P0007,2023-10-31,76,494.0,90.506905,-14.506904602050781
S002,P0007,2023-11-01,44,429.0,85.495026,-41.495025634765625
S002,P0007,2023-11-02,109,378.0,87.03388,21.96611785888672
S002,P0007,2023-11-03,87,255.0,84.85821,2.1417922973632812
S002,P0007,2023-11-04,162,153.0,91.17414,70.82585906982422
S002,P0007,2023-11-05,105,312.0,113.15423,-8.154228210449219
S002,P0007,2023-11-06,57,237.0,87.36538,-30.365379333496094
S002,P0007,2023-11-07,225,740.0,127.657005,97.3429946899414
S002,P0007,2023-11-08,76,582.0,103.32562,-27.32562255859375
S002,P0007,2023-11-09,158,524.0,89.824776,68.17522430419922
S002,P0007,2023-11-10,89,1151.0,110.760796,-21.76079559326172
S002,P0007,2023-11-11,75,1050.0,99.0052,-24.005203247070312
S002,P0007,2023-11-12,132,985.0,108.74667,23.253326416015625
S002,P0007,2023-11-13,155,853.0,138.57164,16.428359985351562
S002,P0007,2023-11-14,113,679.0,95.319176,17.680824279785156
S002,P0007,2023-11-15,93,587.0,90.48628,2.5137176513671875
S002,P0007,2023-11-16,83,513.0,115.04325,-32.043251037597656
S002,P0007,2023-11-17,89,426.0,116.70772,-27.707717895507812
S002,P0007,2023-11-18,167,360.0,127.830185,39.16981506347656
S002,P0007,2023-11-19,90,241.0,95.1956,-5.1956024169921875
S002,P0007,2023-11-20,118,158.0,90.25868,27.741317749023438
S002,P0007,2023-11-21,107,496.0,119.24221,-12.242210388183594
S002,P0007,2023-11-22,74,425.0,122.87733,-48.87732696533203
S002,P0007,2023-11-23,136,363.0,127.894424,8.105575561523438
S002,P0007,2023-11-24,118,208.0,94.11331,23.886688232421875
S002,P0007,2023-11-25,124,77.0,97.217,26.782997131347656
S002,P0007,2023-11-26,125,426.0,130.25089,-5.250885009765625
S002,P0007,2023-11-27,128,302.0,99.53077,28.46923065185547
S002,P0007,2023-11-28,74,152.0,92.074265,-18.074264526367188
S002,P0007,2023-11-29,88,496.0,98.19002,-10.190017700195312
S002,P0007,2023-11-30,71,424.0,104.19376,-33.193763732910156
S002,P0007,2023-12-01,50,346.0,94.33326,-44.33325958251953
S002,P0007,2023-12-02,149,293.0,131.85461,17.1453857421875
S002,P0007,2023-12-03,58,136.0,94.105286,-36.10528564453125
S002,P0007,2023-12-04,151,81.0,111.79387,39.20613098144531
S002,P0007,2023-12-05,44,472.0,106.17402,-62.17401885986328
S002,P0007,2023-12-06,135,438.0,131.4081,3.5919036865234375
S002,P0007,2023-12-07,112,308.0,130.83458,-18.834579467773438
S002,P0007,2023-12-08,105,193.0,99.76738,5.2326202392578125
S002,P0007,2023-12-09,53,452.0,98.9911,-45.99109649658203
S002,P0007,2023-12-10,132,410.0,122.04749,9.952507019042969
S002,P0007,2023-12-11,131,328.0,123.13005,7.8699493408203125
S002,P0007,2023-12-12,59,233.0,100.19868,-41.19867706298828
S002,P0007,2023-12-13,113,562.0,97.52688,15.473121643066406
S002,P0007,2023-12-14,38,436.0,95.910965,-57.91096496582031
S002,P0007,2023-12-15,105,413.0,125.18492,-20.184921264648438
S002,P0007,2023-12-16,105,347.0,124.918015,-19.918014526367188
S002,P0007,2023-12-17,100,241.0,92.1947,7.8052978515625
S002,P0007,2023-12-18,173,158.0,101.44376,71.55623626708984
S002,P0007,2023-12-19,75,371.0,121.42524,-46.42523956298828
S002,P0007,2023-12-20,57,314.0,97.558945,-40.55894470214844
S002,P0007,2023-12-21,63,864.0,103.097145,-40.097145080566406
S002,P0007,2023-12-22,42,817.0,95.865616,-53.86561584472656
S002,P0007,2023-12-23,133,775.0,131.7177,1.2823028564453125
S002,P0007,2023-12-24,126,621.0,132.00243,-6.0024261474609375
S002,P0007,2023-12-25,92,494.0,88.56634,3.4336624145507812
S002,P0007,2023-12-26,76,422.0,100.87283,-24.872833251953125
S002,P0007,2023-12-27,20,343.0,80.53461,-60.53460693359375
S002,P0007,2023-12-28,19,331.0,57.315903,-38.31590270996094
S002,P0007,2023-12-29,16,315.0,47.896946,-31.89694595336914
S002,P0007,2023-12-30,9,304.0,38.208023,-29.208023071289062
S002,P0007,2023-12-31,30,299.0,31.106121,-1.1061210632324219
S002,P0007,2024-01-01,36,269.0,30.354305,5.645694732666016
S002,P0007,2024-01-02,32,239.0,14.641471,17.358529090881348
S002,P0007,2024-01-03,61,204.0,27.132801,33.8671989440918
S002,P0007,2024-01-04,62,150.0,30.820383,31.179616928100586
S002,P0007,2024-01-05,9,81.0,20.555779,-11.555778503417969
S002,P0007,2024-01-06,67,237.0,20.50974,46.49025917053223
S002,P0007,2024-01-07,49,191.0,24.033014,24.96698570251465
S002,P0007,2024-01-08,30,152.0,14.917428,15.082571983337402
S002,P0007,2024-01-09,67,326.0,93.292015,-26.292015075683594
S002,P0007,2024-01-10,137,266.0,111.6343,25.365699768066406
S002,P0007,2024-01-11,50,131.0,87.42334,-37.42333984375
S002,P0007,2024-01-12,43,94.0,98.90153,-55.901527404785156
S002,P0007,2024-01-13,56,526.0,106.49206,-50.49205780029297
S002,P0007,2024-01-14,120,485.0,87.38555,32.61444854736328
S002,P0007,2024-01-15,115,412.0,94.9608,20.039199829101562
S002,P0007,2024-01-16,134,313.0,117.02312,16.976882934570312
S002,P0007,2024-01-17,99,161.0,111.93162,-12.931617736816406
S002,P0007,2024-01-18,49,454.0,95.92581,-46.925811767578125
S002,P0007,2024-01-19,61,415.0,94.86076,-33.86076354980469
S002,P0007,2024-01-20,101,355.0,118.7048,-17.704803466796875
S002,P0007,2024-01-21,47,262.0,93.21022,-46.21022033691406
S002,P0007,2024-01-22,68,231.0,93.270584,-25.270584106445312
S002,P0007,2024-01-23,104,425.0,96.15296,7.847038269042969
S002,P0007,2024-01-24,99,307.0,87.85515,11.144851684570312
S002,P0007,2024-01-25,155,196.0,108.92295,46.077049255371094
S002,P0007,2024-01-26,75,24.0,92.94002,-17.940017700195312
S002,P0007,2024-01-27,174,271.0,116.95659,57.04341125488281
S002,P0007,2024-01-28,60,550.0,97.79959,-37.799591064453125
S002,P0007,2024-01-29,129,491.0,97.647964,31.352035522460938
S002,P0007,2024-01-30,109,414.0,90.91782,18.082176208496094
S002,P0008,2023-09-07,152,99.0,138.36478,13.635223388671875
S002,P0008,2023-09-08,236,131.0,150.11963,85.88037109375
S002,P0008,2023-09-09,114,266.0,116.23515,-2.2351531982421875
S002,P0008,2023-09-10,79,188.0,136.72588,-57.72587585449219
S002,P0008,2023-09-11,119,101.0,112.77424,6.225761413574219
S002,P0008,2023-09-12,155,108.0,145.43193,9.568069458007812
S002,P0008,2023-09-13,112,184.0,114.9535,-2.9534988403320312
S002,P0008,2023-09-14,118,97.0,119.93025,-1.9302520751953125
S002,P0008,2023-09-15,99,128.0,111.554276,-12.554275512695312
S002,P0008,2023-09-16,91,124.0,110.10624,-19.106239318847656
S002,P0008,2023-09-17,156,123.0,114.730934,41.269065856933594
S002,P0008,2023-09-18,124,174.0,114.7389,9.261100769042969
S002,P0008,2023-09-19,187,173.0,151.41278,35.58721923828125
S002,P0008,2023-09-20,77,150.0,108.7223,-31.72229766845703
S002,P0008,2023-09-21,173,61.0,160.39644,12.603561401367188
S002,P0008,2023-09-22,122,141.0,139.75758,-17.757583618164062
S002,P0008,2023-09-23,108,140.0,111.456665,-3.4566650390625
S002,P0008,2023-09-24,124,164.0,113.30139,10.6986083984375
S002,P0008,2023-09-25,220,169.0,141.64943,78.35057067871094
S002,P0008,2023-09-26,133,187.0,126.16209,6.837913513183594
S002,P0008,2023-09-27,147,89.0,152.14746,-5.1474609375
S002,P0008,2023-09-28,99,151.0,119.84474,-20.844741821289062
S002,P0008,2023-09-29,162,42.0,122.89454,39.10546112060547
S002,P0008,2023-09-30,107,182.0,125.38018,-18.38018035888672
S002,P0008,2023-10-01,165,101.0,145.57973,19.420272827148438
S002,P0008,2023-10-02,161,157.0,163.6538,-2.6537933349609375
S002,P0008,2023-10-03,74,169.0,112.44455,-38.444549560546875
S002,P0008,2023-10-04,106,102.0,145.15778,-39.15777587890625
S002,P0008,2023-10-05,97,108.0,118.42644,-21.426437377929688
S002,P0008,2023-10-06,154,110.0,119.143326,34.85667419433594
S002,P0008,2023-10-07,65,156.0,80.225525,-15.22552490234375
S002,P0008,2023-10-08,172,92.0,114.08815,57.91184997558594
S002,P0008,2023-10-09,119,164.0,96.401,22.5989990234375
S002,P0008,2023-10-10,59,166.0,80.612686,-21.612686157226562
S002,P0008,2023-10-11,75,125.0,86.70585,-11.705848693847656
S002,P0008,2023-10-12,122,122.0,111.66338,10.336616516113281
S002,P0008,2023-10-13,75,170.0,85.37095,-10.370948791503906
S002,P0008,2023-10-14,97,105.0,89.15618,7.843818664550781
S002,P0008,2023-10-15,99,130.0,88.73864,10.261360168457031
S002,P0008,2023-10-16,63,151.0,82.01474,-19.014739990234375
S002,P0008,2023-10-17,108,90.0,85.51958,22.480422973632812
S002,P0008,2023-10-18,117,118.0,101.475006,15.524993896484375
S002,P0008,2023-10-19,93,140.0,101.79657,-8.79656982421875
S002,P0008,2023-10-20,59,143.0,78.30664,-19.306640625
S002,P0008,2023-10-21,125,101.0,109.05393,15.946067810058594
S002,P0008,2023-10-22,94,110.0,87.6425,6.3574981689453125
S002,P0008,2023-10-23,148,112.0,111.288895,36.71110534667969
S002,P0008,2023-10-24,66,170.0,77.20917,-11.20916748046875
S002,P0008,2023-10-25,117,121.0,88.51536,28.484642028808594
S002,P0008,2023-10-26,31,107.0,85.267365,-54.267364501953125
S002,P0008,2023-10-27,122,77.0,118.83508,3.1649169921875
S002,P0008,2023-10-28,118,107.0,90.524055,27.47594451904297
S002,P0008,2023-10-29,85,129.0,89.90493,-4.904930114746094
S002,P0008,2023-10-30,133,103.0,93.91552,39.08448028564453
S002,P0008,2023-10-31,101,142.0,90.04322,10.956779479980469
S002,P0008,2023-11-01,93,167.0,89.25838,3.7416229248046875
S002,P0008,2023-11-02,81,83.0,93.14871,-12.148712158203125
S002,P0008,2023-11-03,154,96.0,126.48121,27.51879119873047
S002,P0008,2023-11-04,69,149.0,92.937614,-23.93761444091797
S002,P0008,2023-11-05,156,99.0,125.52409,30.475906372070312
S002,P0008,2023-11-06,129,148.0,98.63627,30.363731384277344
S002,P0008,2023-11-07,103,174.0,94.0494,8.950599670410156
S002,P0008,2023-11-08,79,51.0,98.03848,-19.038482666015625
S002,P0008,2023-11-09,144,79.0,121.41572,22.58428192138672
S002,P0008,2023-11-10,131,170.0,119.75218,11.247817993164062
S002,P0008,2023-11-11,75,191.0,91.349014,-16.349014282226562
S002,P0008,2023-11-12,157,108.0,117.705894,39.294105529785156
S002,P0008,2023-11-13,149,136.0,121.634796,27.365203857421875
S002,P0008,2023-11-14,33,208.0,88.66063,-55.66062927246094
S002,P0008,2023-11-15,98,183.0,91.768585,6.231414794921875
S002,P0008,2023-11-16,146,83.0,100.50958,45.49041748046875
S002,P0008,2023-11-17,118,171.0,119.69432,-1.6943206787109375
S002,P0008,2023-11-18,154,81.0,129.31348,24.6865234375
S002,P0008,2023-11-19,86,151.0,93.72011,-7.7201080322265625
S002,P0008,2023-11-20,26,77.0,109.40494,-83.40493774414062
S002,P0008,2023-11-21,50,59.0,88.856735,-38.85673522949219
S002,P0008,2023-11-22,65,65.0,89.95082,-24.950820922851562
S002,P0008,2023-11-23,118,78.0,90.64735,27.35265350341797
S002,P0008,2023-11-24,85,103.0,114.80312,-29.803123474121094
S002,P0008,2023-11-25,142,88.0,93.32441,48.67559051513672
S002,P0008,2023-11-26,150,145.0,91.55062,58.449378967285156
S002,P0008,2023-11-27,198,220.0,93.70548,104.29451751708984
S002,P0008,2023-11-28,112,235.0,94.6655,17.334503173828125
S002,P0008,2023-11-29,113,147.0,98.53568,14.464317321777344
S002,P0008,2023-11-30,163,140.0,104.01769,58.98230743408203
S002,P0008,2023-12-01,85,173.0,100.10951,-15.109512329101562
S002,P0008,2023-12-02,127,95.0,120.801704,6.198295593261719
S002,P0008,2023-12-03,119,102.0,111.9207,7.0792999267578125
S002,P0008,2023-12-04,97,124.0,155.10925,-58.1092529296875
S002,P0008,2023-12-05,235,126.0,143.56673,91.43327331542969
S002,P0008,2023-12-06,181,247.0,138.78062,42.21937561035156
S002,P0008,2023-12-07,153,88.0,121.603424,31.396575927734375
S002,P0008,2023-12-08,95,173.0,114.57353,-19.573532104492188
S002,P0008,2023-12-09,76,76.0,118.56751,-42.56751251220703
S002,P0008,2023-12-10,106,64.0,122.97697,-16.976966857910156
S002,P0008,2023-12-11,71,110.0,101.46979,-30.46978759765625
S002,P0008,2023-12-12,64,111.0,129.80266,-65.80265808105469
S002,P0008,2023-12-13,159,136.0,111.77672,47.22328186035156
S002,P0008,2023-12-14,215,189.0,144.97273,70.02726745605469
S002,P0008,2023-12-15,211,241.0,151.34528,59.65472412109375
S002,P0008,2023-12-16,104,340.0,123.45783,-19.45783233642578
S002,P0008,2023-12-17,105,276.0,144.5858,-39.58580017089844
S002,P0008,2023-12-18,119,178.0,118.98871,0.01129150390625
S002,P0008,2023-12-19,73,36.0,104.85531,-31.855308532714844
S002,P0008,2023-12-20,68,87.0,137.42165,-69.42164611816406
S002,P0008,2023-12-21,126,89.0,126.16875,-0.1687469482421875
S002,P0008,2023-12-22,178,137.0,143.40808,34.5919189453125
S002,P0008,2023-12-23,127,171.0,137.59657,-10.596572875976562
S002,P0008,2023-12-24,146,176.0,116.92916,29.070838928222656
S002,P0008,2023-12-25,122,144.0,109.1393,12.860702514648438
S002,P0008,2023-12-26,223,149.0,159.83739,63.16261291503906
S002,P0008,2023-12-27,97,234.0,91.492935,5.5070648193359375
S002,P0008,2023-12-28,105,135.0,81.67721,23.322792053222656
S002,P0008,2023-12-29,115,109.0,93.34064,21.65936279296875
S002,P0008,2023-12-30,76,132.0,84.671524,-8.671524047851562
S002,P0008,2023-12-31,47,67.0,84.77712,-37.777122497558594
S002,P0008,2024-01-01,52,63.0,55.212326,-3.2123260498046875
S002,P0008,2024-01-02,58,62.0,46.224895,11.775104522705078
S002,P0008,2024-01-03,81,66.0,85.40668,-4.40667724609375
S002,P0008,2024-01-04,64,95.0,81.43336,-17.43335723876953
S002,P0008,2024-01-05,114,97.0,80.67986,33.32013702392578
S002,P0008,2024-01-06,68,120.0,60.40373,7.596271514892578
S002,P0008,2024-01-07,104,58.0,78.55508,25.444923400878906
S002,P0008,2024-01-08,73,116.0,60.294777,12.705223083496094
S002,P0008,2024-01-09,145,127.0,120.06187,24.938133239746094
S002,P0008,2024-01-10,73,134.0,97.18886,-24.188858032226562
S002,P0008,2024-01-11,189,79.0,123.87577,65.12422943115234
S002,P0008,2024-01-12,106,219.0,100.50187,5.498130798339844
S002,P0008,2024-01-13,85,122.0,90.49543,-5.495429992675781
S002,P0008,2024-01-14,142,122.0,94.67245,47.327552795410156
S002,P0008,2024-01-15,72,116.0,95.419106,-23.419105529785156
S002,P0008,2024-01-16,110,147.0,118.45486,-8.454856872558594
S002,P0008,2024-01-17,92,156.0,121.293076,-29.293075561523438
S002,P0008,2024-01-18,127,48.0,101.90222,25.0977783203125
S002,P0008,2024-01-19,105,112.0,95.41499,9.585006713867188
S002,P0008,2024-01-20,118,89.0,98.65517,19.344833374023438
S002,P0008,2024-01-21,132,124.0,92.108826,39.89117431640625
S002,P0008,2024-01-22,66,114.0,86.4373,-20.437301635742188
S002,P0008,2024-01-23,157,107.0,125.92491,31.075088500976562
S002,P0008,2024-01-24,130,128.0,127.63117,2.3688278198242188
S002,P0008,2024-01-25,120,126.0,103.04835,16.95165252685547
S002,P0008,2024-01-26,104,108.0,93.66679,10.333213806152344
S002,P0008,2024-01-27,173,92.0,129.05615,43.94384765625
S002,P0008,2024-01-28,124,158.0,105.005684,18.99431610107422
S002,P0008,2024-01-29,111,186.0,97.95449,13.045509338378906
S002,P0008,2024-01-30,96,85.0,106.181175,-10.181175231933594
S002,P0009,2023-09-07,148,308.0,119.09566,28.904342651367188
S002,P0009,2023-09-08,83,174.0,99.61738,-16.61737823486328
S002,P0009,2023-09-09,191,321.0,141.58836,49.41163635253906
S002,P0009,2023-09-10,112,127.0,129.11972,-17.119720458984375
S002,P0009,2023-09-11,172,389.0,141.46971,30.530288696289062
S002,P0009,2023-09-12,154,236.0,131.92334,22.07666015625
S002,P0009,2023-09-13,209,511.0,151.04698,57.95301818847656
S002,P0009,2023-09-14,101,344.0,100.51751,0.48249053955078125
S002,P0009,2023-09-15,133,226.0,133.13522,-0.135223388671875
S002,P0009,2023-09-16,122,126.0,117.37702,4.622978210449219
S002,P0009,2023-09-17,166,261.0,148.9253,17.07470703125
S002,P0009,2023-09-18,110,63.0,129.7355,-19.735504150390625
S002,P0009,2023-09-19,108,279.0,111.41935,-3.4193496704101562
S002,P0009,2023-09-20,87,182.0,101.65573,-14.655731201171875
S002,P0009,2023-09-21,70,286.0,94.55699,-24.556991577148438
S002,P0009,2023-09-22,77,203.0,90.06456,-13.064559936523438
S002,P0009,2023-09-23,96,138.0,122.183044,-26.18304443359375
S002,P0009,2023-09-24,151,160.0,113.192345,37.807655334472656
S002,P0009,2023-09-25,109,182.0,109.39227,-0.39227294921875
S002,P0009,2023-09-26,117,366.0,106.95507,10.044929504394531
S002,P0009,2023-09-27,59,227.0,91.9722,-32.972198486328125
S002,P0009,2023-09-28,84,165.0,100.66687,-16.6668701171875
S002,P0009,2023-09-29,136,102.0,106.308975,29.691024780273438
S002,P0009,2023-09-30,120,190.0,105.55224,14.447761535644531
S002,P0009,2023-10-01,54,342.0,93.96055,-39.960548400878906
S002,P0009,2023-10-02,172,280.0,130.80827,41.19172668457031
S002,P0009,2023-10-03,192,105.0,148.24799,43.75201416015625
S002,P0009,2023-10-04,45,403.0,94.21309,-49.21308898925781
S002,P0009,2023-10-05,112,351.0,101.83117,10.168830871582031
S002,P0009,2023-10-06,67,252.0,93.759415,-26.759414672851562
S002,P0009,2023-10-07,87,183.0,80.575325,6.424674987792969
S002,P0009,2023-10-08,66,110.0,96.20859,-30.208587646484375
S002,P0009,2023-10-09,75,246.0,82.894325,-7.894325256347656
S002,P0009,2023-10-10,64,199.0,75.51485,-11.514846801757812
S002,P0009,2023-10-11,73,140.0,79.21541,-6.2154083251953125
S002,P0009,2023-10-12,64,162.0,72.08398,-8.083976745605469
S002,P0009,2023-10-13,51,98.0,70.33339,-19.333389282226562
S002,P0009,2023-10-14,78,201.0,90.240234,-12.240234375
S002,P0009,2023-10-15,77,121.0,70.92962,6.070381164550781
S002,P0009,2023-10-16,94,188.0,67.197426,26.802574157714844
S002,P0009,2023-10-17,107,112.0,79.154526,27.845474243164062
S002,P0009,2023-10-18,107,237.0,94.27985,12.72015380859375
S002,P0009,2023-10-19,64,131.0,70.0432,-6.0431976318359375
S002,P0009,2023-10-20,45,282.0,70.00068,-25.00067901611328
S002,P0009,2023-10-21,105,230.0,85.310005,19.68999481201172
S002,P0009,2023-10-22,96,130.0,78.30684,17.693161010742188
S002,P0009,2023-10-23,142,284.0,93.158646,48.84135437011719
S002,P0009,2023-10-24,72,168.0,76.986534,-4.986534118652344
S002,P0009,2023-10-25,76,431.0,79.943634,-3.943634033203125
S002,P0009,2023-10-26,181,379.0,93.996414,87.00358581542969
S002,P0009,2023-10-27,169,252.0,120.637764,48.36223602294922
S002,P0009,2023-10-28,178,412.0,124.878876,53.121124267578125
S002,P0009,2023-10-29,108,254.0,95.3234,12.676597595214844
S002,P0009,2023-10-30,99,488.0,98.59719,0.40280914306640625
S002,P0009,2023-10-31,76,425.0,87.79933,-11.799331665039062
S002,P0009,2023-11-01,74,339.0,87.35309,-13.35308837890625
S002,P0009,2023-11-02,177,294.0,124.19691,52.80309295654297
S002,P0009,2023-11-03,162,144.0,135.15854,26.841461181640625
S002,P0009,2023-11-04,144,297.0,119.83558,24.16442108154297
S002,P0009,2023-11-05,107,204.0,92.31381,14.686187744140625
S002,P0009,2023-11-06,74,419.0,89.34386,-15.343856811523438
S002,P0009,2023-11-07,113,348.0,96.42196,16.578041076660156
S002,P0009,2023-11-08,139,256.0,114.11565,24.884353637695312
S002,P0009,2023-11-09,125,132.0,106.51708,18.48291778564453
S002,P0009,2023-11-10,91,256.0,93.86006,-2.8600616455078125
S002,P0009,2023-11-11,131,196.0,101.91842,29.081581115722656
S002,P0009,2023-11-12,66,233.0,92.12817,-26.12816619873047
S002,P0009,2023-11-13,136,161.0,118.46835,17.531646728515625
S002,P0009,2023-11-14,147,72.0,130.9059,16.094100952148438
S002,P0009,2023-11-15,64,310.0,88.20454,-24.20453643798828
S002,P0009,2023-11-16,75,247.0,92.290215,-17.29021453857422
S002,P0009,2023-11-17,138,167.0,104.78451,33.215492248535156
S002,P0009,2023-11-18,169,26.0,128.1938,40.80619812011719
S002,P0009,2023-11-19,178,329.0,102.63499,75.3650131225586
S002,P0009,2023-11-20,139,518.0,111.735054,27.26494598388672
S002,P0009,2023-11-21,142,418.0,130.98488,11.015121459960938
S002,P0009,2023-11-22,90,255.0,100.9554,-10.955398559570312
S002,P0009,2023-11-23,107,172.0,99.06244,7.93756103515625
S002,P0009,2023-11-24,129,271.0,110.63296,18.367042541503906
S002,P0009,2023-11-25,206,167.0,148.17836,57.82164001464844
S002,P0009,2023-11-26,61,235.0,81.54314,-20.543136596679688
S002,P0009,2023-11-27,35,586.0,84.63642,-49.63642120361328
S002,P0009,2023-11-28,199,551.0,143.35594,55.64405822753906
S002,P0009,2023-11-29,84,334.0,104.22377,-20.223770141601562
S002,P0009,2023-11-30,61,242.0,89.47671,-28.476707458496094
S002,P0009,2023-12-01,118,185.0,118.114555,-0.11455535888671875
S002,P0009,2023-12-02,143,51.0,133.30125,9.698745727539062
S002,P0009,2023-12-03,67,227.0,122.046776,-55.046775817871094
S002,P0009,2023-12-04,181,466.0,163.86267,17.1373291015625
S002,P0009,2023-12-05,89,279.0,96.58155,-7.581550598144531
S002,P0009,2023-12-06,91,193.0,126.027794,-35.027793884277344
S002,P0009,2023-12-07,186,135.0,118.635216,67.36478424072266
S002,P0009,2023-12-08,166,164.0,120.55655,45.443450927734375
S002,P0009,2023-12-09,159,411.0,113.44976,45.55023956298828
S002,P0009,2023-12-10,92,312.0,104.043,-12.042999267578125
S002,P0009,2023-12-11,152,209.0,111.33711,40.66288757324219
S002,P0009,2023-12-12,244,31.0,146.67415,97.32585144042969
S002,P0009,2023-12-13,182,348.0,154.13895,27.861053466796875
S002,P0009,2023-12-14,193,612.0,120.95249,72.0475082397461
S002,P0009,2023-12-15,130,453.0,121.38668,8.613319396972656
S002,P0009,2023-12-16,88,352.0,113.27146,-25.271461486816406
S002,P0009,2023-12-17,127,268.0,132.93138,-5.9313812255859375
S002,P0009,2023-12-18,194,159.0,153.36996,40.630035400390625
S002,P0009,2023-12-19,83,290.0,85.14712,-2.1471176147460938
S002,P0009,2023-12-20,124,578.0,117.01647,6.983528137207031
S002,P0009,2023-12-21,174,492.0,145.15848,28.841522216796875
S002,P0009,2023-12-22,81,383.0,104.48688,-23.48687744140625
S002,P0009,2023-12-23,160,317.0,115.32169,44.678306579589844
S002,P0009,2023-12-24,85,215.0,98.39169,-13.391693115234375
S002,P0009,2023-12-25,110,411.0,117.69338,-7.693382263183594
S002,P0009,2023-12-26,249,317.0,147.84602,101.15397644042969
S002,P0009,2023-12-27,105,142.0,82.70669,22.293312072753906
S002,P0009,2023-12-28,66,505.0,73.4064,-7.406402587890625
S002,P0009,2023-12-29,128,459.0,106.99195,21.00804901123047
S002,P0009,2023-12-30,74,307.0,75.28476,-1.284759521484375
S002,P0009,2023-12-31,35,224.0,81.566826,-46.56682586669922
S002,P0009,2024-01-01,89,196.0,80.5558,8.444198608398438
S002,P0009,2024-01-02,116,92.0,89.64238,26.357620239257812
S002,P0009,2024-01-03,80,200.0,72.60521,7.3947906494140625
S002,P0009,2024-01-04,44,310.0,58.274128,-14.274127960205078
S002,P0009,2024-01-05,66,260.0,63.452587,2.547412872314453
S002,P0009,2024-01-06,92,203.0,86.51215,5.487846374511719
S002,P0009,2024-01-07,120,124.0,72.811455,47.18854522705078
S002,P0009,2024-01-08,91,236.0,70.9869,20.013099670410156
S002,P0009,2024-01-09,150,353.0,119.42973,30.570266723632812
S002,P0009,2024-01-10,106,213.0,95.66651,10.333488464355469
S002,P0009,2024-01-11,109,388.0,121.60519,-12.605186462402344
S002,P0009,2024-01-12,116,270.0,93.38082,22.619178771972656
S002,P0009,2024-01-13,138,178.0,97.41145,40.58854675292969
S002,P0009,2024-01-14,111,221.0,92.1577,18.842300415039062
S002,P0009,2024-01-15,71,104.0,88.46857,-17.46856689453125
S002,P0009,2024-01-16,123,265.0,109.23009,13.769912719726562
S002,P0009,2024-01-17,184,120.0,124.15929,59.84071350097656
S002,P0009,2024-01-18,150,242.0,107.0475,42.95249938964844
S002,P0009,2024-01-19,80,520.0,92.63714,-12.637138366699219
S002,P0009,2024-01-20,139,435.0,121.45452,17.54547882080078
S002,P0009,2024-01-21,157,341.0,123.64798,33.352020263671875
S002,P0009,2024-01-22,116,174.0,103.546906,12.453094482421875
S002,P0009,2024-01-23,61,385.0,95.44893,-34.44892883300781
S002,P0009,2024-01-24,284,320.0,129.46922,154.53077697753906
S002,P0009,2024-01-25,135,0.0,119.63548,15.364517211914062
S002,P0009,2024-01-26,135,603.0,122.51562,12.484382629394531
S002,P0009,2024-01-27,148,447.0,145.05869,2.941314697265625
S002,P0009,2024-01-28,131,348.0,113.79039,17.209609985351562
S002,P0009,2024-01-29,85,210.0,106.1713,-21.171302795410156
S002,P0009,2024-01-30,108,153.0,112.63419,-4.634193420410156
S002,P0010,2023-09-07,176,186.0,181.32933,-5.3293304443359375
S002,P0010,2023-09-08,74,184.0,111.06943,-37.069427490234375
S002,P0010,2023-09-09,113,122.0,120.52084,-7.520843505859375
S002,P0010,2023-09-10,144,102.0,145.08057,-1.08056640625
S002,P0010,2023-09-11,49,148.0,110.40411,-61.40411376953125
S002,P0010,2023-09-12,93,117.0,118.88087,-25.88086700439453
S002,P0010,2023-09-13,237,90.0,219.7621,17.237899780273438
S002,P0010,2023-09-14,153,252.0,120.438,32.56199645996094
S002,P0010,2023-09-15,115,124.0,145.72296,-30.72296142578125
S002,P0010,2023-09-16,136,151.0,131.15343,4.8465728759765625
S002,P0010,2023-09-17,115,125.0,147.38864,-32.388641357421875
S002,P0010,2023-09-18,100,125.0,111.19817,-11.198173522949219
S002,P0010,2023-09-19,233,111.0,212.78886,20.211135864257812
S002,P0010,2023-09-20,83,232.0,89.76056,-6.76055908203125
S002,P0010,2023-09-21,122,166.0,160.93408,-38.93408203125
S002,P0010,2023-09-22,104,192.0,115.46697,-11.466972351074219
S002,P0010,2023-09-23,128,122.0,122.83642,5.163581848144531
S002,P0010,2023-09-24,135,142.0,123.99529,11.004707336425781
S002,P0010,2023-09-25,159,147.0,155.33304,3.666961669921875
S002,P0010,2023-09-26,119,198.0,126.08008,-7.080078125
S002,P0010,2023-09-27,84,108.0,121.89996,-37.89996337890625
S002,P0010,2023-09-28,150,129.0,127.41598,22.584022521972656
S002,P0010,2023-09-29,102,164.0,116.90585,-14.905853271484375
S002,P0010,2023-09-30,118,51.0,129.28336,-11.283355712890625
S002,P0010,2023-10-01,51,108.0,129.81757,-78.81756591796875
S002,P0010,2023-10-02,225,108.0,185.39285,39.607147216796875
S002,P0010,2023-10-03,191,210.0,188.74422,2.2557830810546875
S002,P0010,2023-10-04,134,294.0,164.84615,-30.846145629882812
S002,P0010,2023-10-05,117,194.0,115.16854,1.8314590454101562
S002,P0010,2023-10-06,79,111.0,107.774826,-28.774826049804688
S002,P0010,2023-10-07,126,103.0,152.4889,-26.488906860351562
S002,P0010,2023-10-08,87,139.0,106.999565,-19.99956512451172
S002,P0010,2023-10-09,33,158.0,112.290955,-79.29095458984375
S002,P0010,2023-10-10,47,133.0,105.420296,-58.42029571533203
S002,P0010,2023-10-11,104,80.0,99.41282,4.587181091308594
S002,P0010,2023-10-12,122,100.0,119.87577,2.1242294311523438
S002,P0010,2023-10-13,52,109.0,92.68779,-40.68778991699219
S002,P0010,2023-10-14,66,115.0,108.47474,-42.47473907470703
S002,P0010,2023-10-15,94,96.0,89.9107,4.089302062988281
S002,P0010,2023-10-16,80,99.0,77.79735,2.2026519775390625
S002,P0010,2023-10-17,47,105.0,90.62458,-43.62458038330078
S002,P0010,2023-10-18,57,115.0,80.12536,-23.12535858154297
S002,P0010,2023-10-19,61,138.0,99.53877,-38.53877258300781
S002,P0010,2023-10-20,71,100.0,70.00365,0.9963531494140625
S002,P0010,2023-10-21,113,101.0,96.91348,16.086517333984375
S002,P0010,2023-10-22,102,151.0,105.05373,-3.0537261962890625
S002,P0010,2023-10-23,93,194.0,84.73621,8.263786315917969
S002,P0010,2023-10-24,88,84.0,80.48102,7.51898193359375
S002,P0010,2023-10-25,124,100.0,87.11936,36.880638122558594
S002,P0010,2023-10-26,46,110.0,99.79472,-53.79472351074219
S002,P0010,2023-10-27,87,62.0,86.474174,0.5258255004882812
S002,P0010,2023-10-28,161,98.0,114.941925,46.058074951171875
S002,P0010,2023-10-29,102,183.0,89.726074,12.27392578125
S002,P0010,2023-10-30,126,78.0,97.36882,28.631179809570312
S002,P0010,2023-10-31,138,148.0,98.53696,39.463043212890625
S002,P0010,2023-11-01,119,197.0,89.25742,29.742576599121094
S002,P0010,2023-11-02,259,107.0,144.68007,114.31993103027344
S002,P0010,2023-11-03,71,299.0,113.902504,-42.902503967285156
S002,P0010,2023-11-04,145,225.0,140.0182,4.9817962646484375
S002,P0010,2023-11-05,121,76.0,109.13122,11.868782043457031
S002,P0010,2023-11-06,94,132.0,104.64896,-10.648956298828125
S002,P0010,2023-11-07,71,138.0,137.20993,-66.20993041992188
S002,P0010,2023-11-08,120,87.0,136.87111,-16.871109008789062
S002,P0010,2023-11-09,206,134.0,147.93436,58.065643310546875
S002,P0010,2023-11-10,44,187.0,96.09382,-52.09381866455078
S002,P0010,2023-11-11,100,142.0,93.729774,6.270225524902344
S002,P0010,2023-11-12,173,158.0,135.63771,37.36228942871094
S002,P0010,2023-11-13,155,170.0,99.64679,55.35321044921875
S002,P0010,2023-11-14,98,192.0,99.2211,-1.221099853515625
S002,P0010,2023-11-15,188,88.0,160.06448,27.935516357421875
S002,P0010,2023-11-16,91,185.0,106.18161,-15.181610107421875
S002,P0010,2023-11-17,126,111.0,117.80146,8.198539733886719
S002,P0010,2023-11-18,41,124.0,117.08575,-76.08574676513672
S002,P0010,2023-11-19,113,81.0,143.28888,-30.28887939453125
S002,P0010,2023-11-20,194,94.0,133.40115,60.598846435546875
S002,P0010,2023-11-21,106,172.0,111.84039,-5.84039306640625
S002,P0010,2023-11-22,148,54.0,150.33365,-2.333648681640625
S002,P0010,2023-11-23,168,166.0,159.28667,8.713333129882812
S002,P0010,2023-11-24,85,181.0,108.20965,-23.20964813232422
S002,P0010,2023-11-25,128,102.0,114.29704,13.702957153320312
S002,P0010,2023-11-26,60,140.0,117.20404,-57.20404052734375
S002,P0010,2023-11-27,63,80.0,121.502396,-58.50239562988281
S002,P0010,2023-11-28,101,82.0,112.93099,-11.930992126464844
S002,P0010,2023-11-29,61,93.0,117.35858,-56.35858154296875
S002,P0010,2023-11-30,99,75.0,129.48016,-30.48016357421875
S002,P0010,2023-12-01,124,105.0,102.04475,21.95525360107422
S002,P0010,2023-12-02,164,126.0,123.87083,40.129173278808594
S002,P0010,2023-12-03,133,149.0,125.086845,7.913154602050781
S002,P0010,2023-12-04,201,174.0,152.53992,48.4600830078125
S002,P0010,2023-12-05,67,197.0,116.15499,-49.154991149902344
S002,P0010,2023-12-06,110,125.0,125.15459,-15.154586791992188
S002,P0010,2023-12-07,133,148.0,120.757385,12.24261474609375
S002,P0010,2023-12-08,122,152.0,150.22237,-28.222366333007812
S002,P0010,2023-12-09,193,163.0,156.70248,36.297515869140625
S002,P0010,2023-12-10,188,232.0,160.53778,27.46221923828125
S002,P0010,2023-12-11,135,245.0,147.44693,-12.446929931640625
S002,P0010,2023-12-12,140,140.0,126.482635,13.517364501953125
S002,P0010,2023-12-13,167,150.0,147.27782,19.722183227539062
S002,P0010,2023-12-14,149,172.0,148.01227,0.98773193359375
S002,P0010,2023-12-15,94,203.0,122.74851,-28.748512268066406
S002,P0010,2023-12-16,53,147.0,123.07766,-70.0776596069336
S002,P0010,2023-12-17,150,103.0,166.81598,-16.81597900390625
S002,P0010,2023-12-18,143,174.0,157.0537,-14.053695678710938
S002,P0010,2023-12-19,162,173.0,130.35304,31.646957397460938
S002,P0010,2023-12-20,178,137.0,157.479,20.52099609375
S002,P0010,2023-12-21,143,188.0,119.15451,23.845489501953125
S002,P0010,2023-12-22,98,176.0,112.54067,-14.540672302246094
S002,P0010,2023-12-23,95,81.0,112.77616,-17.776161193847656
S002,P0010,2023-12-24,99,106.0,164.9157,-65.91569519042969
S002,P0010,2023-12-25,102,118.0,155.45226,-53.45225524902344
S002,P0010,2023-12-26,109,160.0,112.64329,-3.6432876586914062
S002,P0010,2023-12-27,167,200.0,164.07216,2.9278411865234375
S002,P0010,2023-12-28,83,255.0,101.82976,-18.829757690429688
S002,P0010,2023-12-29,116,167.0,109.588264,6.411735534667969
S002,P0010,2023-12-30,74,158.0,103.17581,-29.175811767578125
S002,P0010,2023-12-31,94,90.0,111.68322,-17.68321990966797
S002,P0010,2024-01-01,90,76.0,139.74484,-49.744842529296875
S002,P0010,2024-01-02,93,88.0,104.21932,-11.219322204589844
S002,P0010,2024-01-03,62,103.0,93.08336,-31.083358764648438
S002,P0010,2024-01-04,89,112.0,117.31303,-28.313026428222656
S002,P0010,2024-01-05,130,92.0,109.56445,20.435546875
S002,P0010,2024-01-06,81,156.0,87.67511,-6.67510986328125
S002,P0010,2024-01-07,189,84.0,128.66447,60.33552551269531
S002,P0010,2024-01-08,134,189.0,114.21609,19.783912658691406
S002,P0010,2024-01-09,147,170.0,119.89452,27.10547637939453
S002,P0010,2024-01-10,74,147.0,152.73122,-78.73121643066406
S002,P0010,2024-01-11,118,99.0,105.76565,12.234352111816406
S002,P0010,2024-01-12,174,135.0,119.885506,54.11449432373047
S002,P0010,2024-01-13,124,178.0,119.569786,4.430213928222656
S002,P0010,2024-01-14,152,183.0,124.26404,27.7359619140625
S002,P0010,2024-01-15,140,188.0,121.525696,18.47430419921875
S002,P0010,2024-01-16,103,188.0,147.69188,-44.69187927246094
S002,P0010,2024-01-17,182,122.0,163.95964,18.040359497070312
S002,P0010,2024-01-18,164,179.0,136.2202,27.779800415039062
S002,P0010,2024-01-19,86,180.0,117.358116,-31.358116149902344
S002,P0010,2024-01-20,86,108.0,112.699196,-26.699195861816406
S002,P0010,2024-01-21,156,132.0,155.30699,0.6930084228515625
S002,P0010,2024-01-22,180,131.0,129.63618,50.36381530761719
S002,P0010,2024-01-23,98,179.0,112.73235,-14.732353210449219
S002,P0010,2024-01-24,169,82.0,160.92351,8.076492309570312
S002,P0010,2024-01-25,115,150.0,110.03432,4.9656829833984375
S002,P0010,2024-01-26,120,200.0,120.82327,-0.823272705078125
S002,P0010,2024-01-27,159,101.0,152.32939,6.6706085205078125
S002,P0010,2024-01-28,112,142.0,114.50011,-2.5001068115234375
S002,P0010,2024-01-29,120,108.0,115.95198,4.0480194091796875
S002,P0010,2024-01-30,107,143.0,113.814926,-6.8149261474609375
S002,P0011,2023-09-07,113,429.0,140.60281,-27.602813720703125
S002,P0011,2023-09-08,283,319.0,199.58669,83.41331481933594
S002,P0011,2023-09-09,157,0.0,132.20818,24.791824340820312
S002,P0011,2023-09-10,174,0.0,164.57639,9.423614501953125
S002,P0011,2023-09-11,62,969.0,159.86774,-97.86773681640625
S002,P0011,2023-09-12,117,923.0,128.22054,-11.220535278320312
S002,P0011,2023-09-13,83,801.0,124.09527,-41.09526824951172
S002,P0011,2023-09-14,120,732.0,128.92126,-8.9212646484375
S002,P0011,2023-09-15,88,637.0,118.744865,-30.74486541748047
S002,P0011,2023-09-16,131,570.0,152.13567,-21.135665893554688
S002,P0011,2023-09-17,155,419.0,162.1057,-7.1056976318359375
S002,P0011,2023-09-18,150,307.0,120.213936,29.78606414794922
S002,P0011,2023-09-19,84,205.0,102.37791,-18.377906799316406
S002,P0011,2023-09-20,180,593.0,127.60339,52.3966064453125
S002,P0011,2023-09-21,75,470.0,108.29096,-33.29096221923828
S002,P0011,2023-09-22,78,422.0,142.78705,-64.78704833984375
S002,P0011,2023-09-23,119,333.0,121.31964,-2.31964111328125
S002,P0011,2023-09-24,136,240.0,120.92072,15.079277038574219
S002,P0011,2023-09-25,94,133.0,116.22098,-22.220977783203125
S002,P0011,2023-09-26,97,421.0,115.04603,-18.04602813720703
S002,P0011,2023-09-27,89,358.0,104.98968,-15.989677429199219
S002,P0011,2023-09-28,76,291.0,105.214516,-29.214515686035156
S002,P0011,2023-09-29,101,224.0,102.51898,-1.51898193359375
S002,P0011,2023-09-30,124,120.0,117.380844,6.6191558837890625
S002,P0011,2023-10-01,131,38.0,147.74007,-16.740066528320312
S002,P0011,2023-10-02,126,336.0,118.790184,7.209815979003906
S002,P0011,2023-10-03,48,190.0,102.73888,-54.73887634277344
S002,P0011,2023-10-04,116,528.0,113.263626,2.7363739013671875
S002,P0011,2023-10-05,158,441.0,119.86176,38.13823699951172
S002,P0011,2023-10-06,101,283.0,128.57436,-27.574356079101562
S002,P0011,2023-10-07,106,167.0,137.16484,-31.164840698242188
S002,P0011,2023-10-08,114,642.0,138.49606,-24.496063232421875
S002,P0011,2023-10-09,37,543.0,94.88771,-57.88771057128906
S002,P0011,2023-10-10,90,499.0,123.742485,-33.74248504638672
S002,P0011,2023-10-11,66,432.0,94.360756,-28.360755920410156
S002,P0011,2023-10-12,113,377.0,127.49963,-14.4996337890625
S002,P0011,2023-10-13,87,299.0,91.13522,-4.135223388671875
S002,P0011,2023-10-14,79,219.0,94.11834,-15.118339538574219
S002,P0011,2023-10-15,63,490.0,89.6456,-26.645599365234375
S002,P0011,2023-10-16,112,414.0,90.4324,21.567596435546875
S002,P0011,2023-10-17,73,330.0,104.677956,-31.677955627441406
S002,P0011,2023-10-18,92,243.0,87.251076,4.748924255371094
S002,P0011,2023-10-19,97,160.0,107.687065,-10.687065124511719
S002,P0011,2023-10-20,40,58.0,78.86389,-38.8638916015625
S002,P0011,2023-10-21,33,255.0,89.54793,-56.54792785644531
S002,P0011,2023-10-22,70,232.0,68.589066,1.4109344482421875
S002,P0011,2023-10-23,89,150.0,90.23562,-1.2356185913085938
S002,P0011,2023-10-24,76,78.0,66.7356,9.264396667480469
S002,P0011,2023-10-25,96,250.0,61.94997,34.05002975463867
S002,P0011,2023-10-26,181,158.0,92.19176,88.80824279785156
S002,P0011,2023-10-27,110,0.0,86.638916,23.361083984375
S002,P0011,2023-10-28,114,343.0,95.259766,18.740234375
S002,P0011,2023-10-29,105,715.0,102.08831,2.9116897583007812
S002,P0011,2023-10-30,104,634.0,90.14448,13.855522155761719
S002,P0011,2023-10-31,57,534.0,82.788155,-25.78815460205078
S002,P0011,2023-11-01,101,475.0,87.66785,13.3321533203125
S002,P0011,2023-11-02,141,367.0,82.94668,58.053321838378906
S002,P0011,2023-11-03,150,265.0,83.51622,66.48377990722656
S002,P0011,2023-11-04,169,146.0,121.987465,47.012535095214844
S002,P0011,2023-11-05,35,464.0,105.201,-70.20099639892578
S002,P0011,2023-11-06,100,425.0,122.33186,-22.331863403320312
S002,P0011,2023-11-07,119,321.0,97.1345,21.865501403808594
S002,P0011,2023-11-08,111,200.0,99.18732,11.81268310546875
S002,P0011,2023-11-09,134,107.0,103.41089,30.589111328125
S002,P0011,2023-11-10,90,423.0,94.02278,-4.0227813720703125
S002,P0011,2023-11-11,131,348.0,123.24337,7.756629943847656
S002,P0011,2023-11-12,150,219.0,102.9693,47.03070068359375
S002,P0011,2023-11-13,38,101.0,99.344955,-61.34495544433594
S002,P0011,2023-11-14,78,438.0,92.64295,-14.642951965332031
S002,P0011,2023-11-15,34,352.0,119.82643,-85.82643127441406
S002,P0011,2023-11-16,32,320.0,95.262344,-63.26234436035156
S002,P0011,2023-11-17,138,300.0,114.27341,23.726593017578125
S002,P0011,2023-11-18,214,136.0,135.53412,78.46588134765625
S002,P0011,2023-11-19,139,0.0,113.62984,25.370162963867188
S002,P0011,2023-11-20,74,381.0,108.11317,-34.11316680908203
S002,P0011,2023-11-21,165,1073.0,149.86407,15.13592529296875
S002,P0011,2023-11-22,86,952.0,110.39153,-24.39153289794922
S002,P0011,2023-11-23,130,853.0,112.15953,17.840469360351562
S002,P0011,2023-11-24,93,713.0,129.70032,-36.7003173828125
S002,P0011,2023-11-25,67,608.0,137.71318,-70.71318054199219
S002,P0011,2023-11-26,91,561.0,125.097664,-34.09766387939453
S002,P0011,2023-11-27,82,492.0,87.45615,-5.456146240234375
S002,P0011,2023-11-28,95,396.0,90.73686,4.2631378173828125
S002,P0011,2023-11-29,113,328.0,88.82724,24.172760009765625
S002,P0011,2023-11-30,64,219.0,86.33441,-22.33441162109375
S002,P0011,2023-12-01,130,162.0,127.99149,2.0085067749023438
S002,P0011,2023-12-02,141,410.0,105.792076,35.207923889160156
S002,P0011,2023-12-03,94,304.0,104.321884,-10.321884155273438
S002,P0011,2023-12-04,164,195.0,143.2522,20.747802734375
S002,P0011,2023-12-05,135,493.0,107.81744,27.18256378173828
S002,P0011,2023-12-06,47,340.0,135.76556,-88.76556396484375
S002,P0011,2023-12-07,159,297.0,148.43367,10.566329956054688
S002,P0011,2023-12-08,139,113.0,115.20965,23.79035186767578
S002,P0011,2023-12-09,163,0.0,143.46706,19.532943725585938
S002,P0011,2023-12-10,124,399.0,115.516045,8.483955383300781
S002,P0011,2023-12-11,82,252.0,132.77144,-50.77143859863281
S002,P0011,2023-12-12,108,727.0,107.23073,0.7692718505859375
S002,P0011,2023-12-13,141,606.0,109.12986,31.870140075683594
S002,P0011,2023-12-14,123,453.0,116.321655,6.6783447265625
S002,P0011,2023-12-15,135,320.0,122.20069,12.799308776855469
S002,P0011,2023-12-16,159,187.0,173.26646,-14.266464233398438
S002,P0011,2023-12-17,79,67.0,113.26617,-34.26616668701172
S002,P0011,2023-12-18,205,459.0,129.21678,75.78321838378906
S002,P0011,2023-12-19,130,257.0,153.07898,-23.0789794921875
S002,P0011,2023-12-20,119,141.0,125.811195,-6.811195373535156
S002,P0011,2023-12-21,63,721.0,113.24588,-50.245880126953125
S002,P0011,2023-12-22,25,647.0,138.97652,-113.97651672363281
S002,P0011,2023-12-23,98,626.0,116.84611,-18.846107482910156
S002,P0011,2023-12-24,124,548.0,117.289894,6.710105895996094
S002,P0011,2023-12-25,42,406.0,110.21237,-68.21237182617188
S002,P0011,2023-12-26,192,372.0,149.93185,42.068145751953125
S002,P0011,2023-12-27,108,147.0,107.70289,0.29711151123046875
S002,P0011,2023-12-28,82,60.0,95.660484,-13.660484313964844
S002,P0011,2023-12-29,84,594.0,97.430534,-13.430534362792969
S002,P0011,2023-12-30,65,538.0,93.1772,-28.177200317382812
S002,P0011,2023-12-31,75,481.0,94.33582,-19.33582305908203
S002,P0011,2024-01-01,129,410.0,125.48872,3.5112762451171875
S002,P0011,2024-01-02,77,258.0,83.64137,-6.6413726806640625
S002,P0011,2024-01-03,135,204.0,100.21397,34.786033630371094
S002,P0011,2024-01-04,44,501.0,109.178246,-65.1782455444336
S002,P0011,2024-01-05,106,469.0,90.99999,15.000007629394531
S002,P0011,2024-01-06,99,369.0,108.3751,-9.375099182128906
S002,P0011,2024-01-07,99,265.0,76.77513,22.224868774414062
S002,P0011,2024-01-08,79,161.0,74.81607,4.183929443359375
S002,P0011,2024-01-09,165,85.0,98.09083,66.90917205810547
S002,P0011,2024-01-10,123,283.0,98.48038,24.519622802734375
S002,P0011,2024-01-11,201,178.0,144.97308,56.02691650390625
S002,P0011,2024-01-12,61,582.0,111.23587,-50.235870361328125
S002,P0011,2024-01-13,155,542.0,139.15851,15.84149169921875
S002,P0011,2024-01-14,97,405.0,101.979645,-4.979644775390625
S002,P0011,2024-01-15,225,344.0,154.51857,70.48143005371094
S002,P0011,2024-01-16,105,111.0,128.91823,-23.918228149414062
S002,P0011,2024-01-17,96,30.0,147.55524,-51.55523681640625
S002,P0011,2024-01-18,130,596.0,118.16956,11.830436706542969
S002,P0011,2024-01-19,103,490.0,110.77367,-7.7736663818359375
S002,P0011,2024-01-20,136,383.0,144.40034,-8.400344848632812
S002,P0011,2024-01-21,118,284.0,105.98265,12.017349243164062
S002,P0011,2024-01-22,146,150.0,116.921364,29.078636169433594
S002,P0011,2024-01-23,69,506.0,110.2252,-41.225196838378906
S002,P0011,2024-01-24,119,447.0,99.55399,19.446006774902344
S002,P0011,2024-01-25,80,330.0,95.14688,-15.146881103515625
S002,P0011,2024-01-26,78,266.0,93.026405,-15.026405334472656
S002,P0011,2024-01-27,66,177.0,93.701675,-27.701675415039062
S002,P0011,2024-01-28,121,125.0,99.852684,21.147315979003906
S002,P0011,2024-01-29,152,239.0,108.16847,43.83152770996094
S002,P0011,2024-01-30,62,73.0,92.90221,-30.902206420898438
S002,P0012,2023-09-07,85,464.0,94.16998,-9.16998291015625
S002,P0012,2023-09-08,100,404.0,110.101616,-10.101615905761719
S002,P0012,2023-09-09,85,342.0,85.36695,-0.36695098876953125
S002,P0012,2023-09-10,134,816.0,114.36051,19.639488220214844
S002,P0012,2023-09-11,33,685.0,86.26835,-53.268348693847656
S002,P0012,2023-09-12,51,659.0,83.75952,-32.759521484375
S002,P0012,2023-09-13,110,609.0,107.69671,2.3032913208007812
S002,P0012,2023-09-14,25,521.0,85.735954,-60.73595428466797
S002,P0012,2023-09-15,95,492.0,84.32622,10.673782348632812
S002,P0012,2023-09-16,102,422.0,84.87073,17.1292724609375
S002,P0012,2023-09-17,53,353.0,110.777115,-57.77711486816406
S002,P0012,2023-09-18,175,308.0,100.579124,74.4208755493164
S002,P0012,2023-09-19,59,122.0,82.54752,-23.547523498535156
S002,P0012,2023-09-20,85,442.0,85.02206,-0.02205657958984375
S002,P0012,2023-09-21,155,369.0,82.579796,72.42020416259766
S002,P0012,2023-09-22,32,915.0,104.76238,-72.76238250732422
S002,P0012,2023-09-23,101,886.0,90.69295,10.307052612304688
S002,P0012,2023-09-24,114,811.0,98.85767,15.142326354980469
S002,P0012,2023-09-25,112,708.0,114.83182,-2.831817626953125
S002,P0012,2023-09-26,113,587.0,89.371666,23.628334045410156
S002,P0012,2023-09-27,108,486.0,90.70496,17.29503631591797
S002,P0012,2023-09-28,110,378.0,108.25527,1.7447280883789062
S002,P0012,2023-09-29,74,281.0,85.4593,-11.459297180175781
S002,P0012,2023-09-30,108,217.0,89.23729,18.762710571289062
S002,P0012,2023-10-01,102,543.0,93.28657,8.713432312011719
S002,P0012,2023-10-02,149,468.0,123.78999,25.210006713867188
S002,P0012,2023-10-03,87,328.0,107.68904,-20.689041137695312
S002,P0012,2023-10-04,88,255.0,94.30518,-6.305183410644531
S002,P0012,2023-10-05,119,192.0,95.61178,23.388221740722656
S002,P0012,2023-10-06,50,660.0,84.018456,-34.018455505371094
S002,P0012,2023-10-07,27,608.0,67.30553,-40.30552673339844
S002,P0012,2023-10-08,29,591.0,63.256275,-34.25627517700195
S002,P0012,2023-10-09,47,572.0,54.59224,-7.5922393798828125
S002,P0012,2023-10-10,31,534.0,82.42754,-51.42754364013672
S002,P0012,2023-10-11,51,507.0,48.940403,2.0595970153808594
S002,P0012,2023-10-12,51,448.0,56.379635,-5.379634857177734
S002,P0012,2023-10-13,104,398.0,56.82352,47.17647933959961
S002,P0012,2023-10-14,70,323.0,64.62539,5.374610900878906
S002,P0012,2023-10-15,63,248.0,48.25762,14.742378234863281
S002,P0012,2023-10-16,78,181.0,56.822506,21.177494049072266
S002,P0012,2023-10-17,27,556.0,55.12924,-28.12923812866211
S002,P0012,2023-10-18,62,538.0,66.82175,-4.821746826171875
S002,P0012,2023-10-19,30,467.0,50.91655,-20.916549682617188
S002,P0012,2023-10-20,90,440.0,68.81456,21.185440063476562
S002,P0012,2023-10-21,38,339.0,82.23734,-44.237342834472656
S002,P0012,2023-10-22,72,307.0,48.295223,23.704776763916016
S002,P0012,2023-10-23,68,254.0,43.859047,24.140953063964844
S002,P0012,2023-10-24,43,622.0,42.77391,0.2260894775390625
S002,P0012,2023-10-25,127,576.0,81.71692,45.2830810546875
S002,P0012,2023-10-26,76,499.0,75.1805,0.8195037841796875
S002,P0012,2023-10-27,99,448.0,74.20081,24.79918670654297
S002,P0012,2023-10-28,66,374.0,76.873024,-10.873023986816406
S002,P0012,2023-10-29,91,849.0,77.91855,13.081451416015625
S002,P0012,2023-10-30,93,767.0,82.0097,10.990303039550781
S002,P0012,2023-10-31,56,656.0,71.93358,-15.933578491210938
S002,P0012,2023-11-01,133,608.0,89.79949,43.20050811767578
S002,P0012,2023-11-02,89,507.0,84.36963,4.63037109375
S002,P0012,2023-11-03,115,430.0,98.29749,16.70250701904297
S002,P0012,2023-11-04,112,331.0,78.91285,33.08715057373047
S002,P0012,2023-11-05,38,835.0,86.36399,-48.363990783691406
S002,P0012,2023-11-06,104,803.0,80.8524,23.147598266601562
S002,P0012,2023-11-07,82,715.0,77.94081,4.0591888427734375
S002,P0012,2023-11-08,70,650.0,78.7962,-8.79620361328125
S002,P0012,2023-11-09,70,580.0,94.3842,-24.384201049804688
S002,P0012,2023-11-10,88,503.0,97.62231,-9.622306823730469
S002,P0012,2023-11-11,129,426.0,70.079025,58.92097473144531
S002,P0012,2023-11-12,140,292.0,77.937805,62.06219482421875
S002,P0012,2023-11-13,71,182.0,79.572716,-8.572715759277344
S002,P0012,2023-11-14,91,119.0,105.361,-14.361000061035156
S002,P0012,2023-11-15,148,553.0,82.334595,65.6654052734375
S002,P0012,2023-11-16,108,422.0,86.203125,21.796875
S002,P0012,2023-11-17,99,314.0,86.570625,12.429374694824219
S002,P0012,2023-11-18,203,212.0,103.2116,99.78839874267578
S002,P0012,2023-11-19,107,632.0,115.7013,-8.701301574707031
S002,P0012,2023-11-20,43,540.0,84.075874,-41.07587432861328
S002,P0012,2023-11-21,74,504.0,93.65586,-19.655860900878906
S002,P0012,2023-11-22,124,1278.0,106.59975,17.400253295898438
S002,P0012,2023-11-23,139,1168.0,137.48093,1.519073486328125
S002,P0012,2023-11-24,159,1001.0,131.06807,27.931930541992188
S002,P0012,2023-11-25,140,862.0,100.10008,39.89991760253906
S002,P0012,2023-11-26,91,710.0,119.27447,-28.27446746826172
S002,P0012,2023-11-27,107,609.0,101.66762,5.3323822021484375
S002,P0012,2023-11-28,92,509.0,96.23432,-4.234321594238281
S002,P0012,2023-11-29,124,450.0,100.65895,23.341049194335938
S002,P0012,2023-11-30,51,337.0,87.81212,-36.81211853027344
S002,P0012,2023-12-01,110,280.0,93.88639,16.113609313964844
S002,P0012,2023-12-02,107,201.0,124.98922,-17.989219665527344
S002,P0012,2023-12-03,102,699.0,116.46605,-14.466049194335938
S002,P0012,2023-12-04,114,610.0,107.23005,6.769950866699219
S002,P0012,2023-12-05,75,494.0,102.24564,-27.245643615722656
S002,P0012,2023-12-06,85,435.0,101.786285,-16.786285400390625
S002,P0012,2023-12-07,110,333.0,105.837814,4.1621856689453125
S002,P0012,2023-12-08,71,254.0,100.10368,-29.103683471679688
S002,P0012,2023-12-09,109,190.0,120.96518,-11.965179443359375
S002,P0012,2023-12-10,128,107.0,113.85558,14.144416809082031
S002,P0012,2023-12-11,142,383.0,122.94637,19.053627014160156
S002,P0012,2023-12-12,96,217.0,100.2974,-4.297401428222656
S002,P0012,2023-12-13,98,137.0,106.536224,-8.536224365234375
S002,P0012,2023-12-14,130,485.0,104.68409,25.31591033935547
S002,P0012,2023-12-15,110,398.0,119.091,-9.09100341796875
S002,P0012,2023-12-16,104,284.0,94.90137,9.0986328125
S002,P0012,2023-12-17,122,172.0,131.3043,-9.304306030273438
S002,P0012,2023-12-18,106,575.0,102.07348,3.9265213012695312
S002,P0012,2023-12-19,119,471.0,117.32708,1.6729202270507812
S002,P0012,2023-12-20,108,348.0,99.68086,8.319137573242188
S002,P0012,2023-12-21,118,252.0,106.86814,11.131858825683594
S002,P0012,2023-12-22,108,138.0,131.76459,-23.76458740234375
S002,P0012,2023-12-23,89,608.0,102.17,-13.169998168945312
S002,P0012,2023-12-24,79,518.0,99.72378,-20.723777770996094
S002,P0012,2023-12-25,32,466.0,125.63427,-93.63426971435547
S002,P0012,2023-12-26,76,431.0,98.032906,-22.03290557861328
S002,P0012,2023-12-27,47,368.0,77.61915,-30.61914825439453
S002,P0012,2023-12-28,51,320.0,71.66685,-20.666847229003906
S002,P0012,2023-12-29,46,274.0,58.17839,-12.178390502929688
S002,P0012,2023-12-30,50,228.0,50.182068,-0.18206787109375
S002,P0012,2023-12-31,30,197.0,46.97238,-16.972381591796875
S002,P0012,2024-01-01,31,165.0,33.948025,-2.9480247497558594
S002,P0012,2024-01-02,76,337.0,29.766663,46.23333740234375
S002,P0012,2024-01-03,59,275.0,31.031286,27.968713760375977
S002,P0012,2024-01-04,26,229.0,34.184982,-8.184982299804688
S002,P0012,2024-01-05,51,203.0,32.210445,18.789554595947266
S002,P0012,2024-01-06,75,491.0,31.642593,43.35740661621094
S002,P0012,2024-01-07,18,418.0,54.41885,-36.41884994506836
S002,P0012,2024-01-08,58,401.0,36.893154,21.10684585571289
S002,P0012,2024-01-09,93,335.0,74.46369,18.53630828857422
S002,P0012,2024-01-10,118,248.0,64.82005,53.17994689941406
S002,P0012,2024-01-11,65,160.0,109.84428,-44.844276428222656
S002,P0012,2024-01-12,122,95.0,82.45339,39.546607971191406
S002,P0012,2024-01-13,162,337.0,84.34002,77.65998077392578
S002,P0012,2024-01-14,79,179.0,84.4782,-5.478202819824219
S002,P0012,2024-01-15,124,103.0,92.28923,31.710769653320312
S002,P0012,2024-01-16,89,455.0,92.375175,-3.3751754760742188
S002,P0012,2024-01-17,72,400.0,112.59359,-40.593589782714844
S002,P0012,2024-01-18,105,356.0,109.88963,-4.8896331787109375
S002,P0012,2024-01-19,68,793.0,84.41884,-16.418838500976562
S002,P0012,2024-01-20,115,745.0,81.18683,33.81317138671875
S002,P0012,2024-01-21,45,660.0,78.65054,-33.650543212890625
S002,P0012,2024-01-22,94,613.0,95.83865,-1.838653564453125
S002,P0012,2024-01-23,91,546.0,91.98355,-0.983551025390625
S002,P0012,2024-01-24,119,439.0,77.13167,41.86833190917969
S002,P0012,2024-01-25,86,318.0,109.54573,-23.545730590820312
S002,P0012,2024-01-26,49,243.0,78.80553,-29.805526733398438
S002,P0012,2024-01-27,81,195.0,83.60967,-2.6096725463867188
S002,P0012,2024-01-28,87,606.0,76.30884,10.691162109375
S002,P0012,2024-01-29,77,502.0,75.46457,1.535430908203125
S002,P0012,2024-01-30,96,423.0,79.996346,16.00365447998047
S002,P0013,2023-09-07,106,386.0,109.8064,-3.806396484375
S002,P0013,2023-09-08,108,303.0,113.0288,-5.028800964355469
S002,P0013,2023-09-09,138,714.0,133.06006,4.93994140625
S002,P0013,2023-09-10,131,572.0,127.37157,3.6284332275390625
S002,P0013,2023-09-11,135,491.0,125.33678,9.663223266601562
S002,P0013,2023-09-12,169,339.0,124.81532,44.18467712402344
S002,P0013,2023-09-13,148,216.0,131.17332,16.826675415039062
S002,P0013,2023-09-14,86,93.0,121.660484,-35.660484313964844
S002,P0013,2023-09-15,215,568.0,152.35988,62.64012145996094
S002,P0013,2023-09-16,131,349.0,140.48274,-9.482742309570312
S002,P0013,2023-09-17,116,201.0,123.00371,-7.0037078857421875
S002,P0013,2023-09-18,146,719.0,112.59061,33.409393310546875
S002,P0013,2023-09-19,121,625.0,105.21943,15.780570983886719
S002,P0013,2023-09-20,120,524.0,120.30347,-0.303466796875
S002,P0013,2023-09-21,93,408.0,99.25293,-6.2529296875
S002,P0013,2023-09-22,177,335.0,146.98177,30.018234252929688
S002,P0013,2023-09-23,82,125.0,105.3741,-23.374099731445312
S002,P0013,2023-09-24,142,37.0,136.789,5.21099853515625
S002,P0013,2023-09-25,127,540.0,118.5111,8.488899230957031
S002,P0013,2023-09-26,88,401.0,139.69818,-51.69818115234375
S002,P0013,2023-09-27,86,302.0,105.77927,-19.779266357421875
S002,P0013,2023-09-28,126,235.0,110.10493,15.895072937011719
S002,P0013,2023-09-29,142,135.0,110.16214,31.837860107421875
S002,P0013,2023-09-30,51,207.0,98.33224,-47.332237243652344
S002,P0013,2023-10-01,121,156.0,99.2025,21.797500610351562
S002,P0013,2023-10-02,151,402.0,137.33528,13.664718627929688
S002,P0013,2023-10-03,102,301.0,137.66226,-35.662261962890625
S002,P0013,2023-10-04,87,219.0,105.025185,-18.025184631347656
S002,P0013,2023-10-05,96,501.0,95.924446,0.07555389404296875
S002,P0013,2023-10-06,51,398.0,92.95026,-41.95025634765625
S002,P0013,2023-10-07,52,350.0,81.62349,-29.623489379882812
S002,P0013,2023-10-08,95,291.0,81.22155,13.778450012207031
S002,P0013,2023-10-09,56,224.0,81.186226,-25.18622589111328
S002,P0013,2023-10-10,92,183.0,101.69153,-9.6915283203125
S002,P0013,2023-10-11,47,414.0,77.78397,-30.783973693847656
S002,P0013,2023-10-12,60,382.0,85.559715,-25.559715270996094
S002,P0013,2023-10-13,103,315.0,75.34225,27.657752990722656
S002,P0013,2023-10-14,73,235.0,76.07745,-3.07745361328125
S002,P0013,2023-10-15,65,166.0,76.30581,-11.305809020996094
S002,P0013,2023-10-16,67,493.0,86.666306,-19.666305541992188
S002,P0013,2023-10-17,93,449.0,94.11788,-1.1178817749023438
S002,P0013,2023-10-18,62,366.0,71.33248,-9.332481384277344
S002,P0013,2023-10-19,35,322.0,71.12294,-36.12294006347656
S002,P0013,2023-10-20,86,289.0,75.02219,10.977813720703125
S002,P0013,2023-10-21,73,214.0,63.866745,9.133255004882812
S002,P0013,2023-10-22,89,146.0,86.99286,2.00714111328125
S002,P0013,2023-10-23,75,357.0,90.126366,-15.126365661621094
S002,P0013,2023-10-24,92,269.0,67.51983,24.48017120361328
S002,P0013,2023-10-25,125,183.0,100.86033,24.139671325683594
S002,P0013,2023-10-26,141,44.0,91.58379,49.41620635986328
S002,P0013,2023-10-27,137,304.0,88.74079,48.25920867919922
S002,P0013,2023-10-28,132,163.0,86.16025,45.839752197265625
S002,P0013,2023-10-29,114,494.0,92.37835,21.62165069580078
S002,P0013,2023-10-30,95,388.0,88.5889,6.411102294921875
S002,P0013,2023-10-31,138,317.0,87.78938,50.21061706542969
S002,P0013,2023-11-01,186,213.0,117.32201,68.67799377441406
S002,P0013,2023-11-02,110,89.0,98.98071,11.019287109375
S002,P0013,2023-11-03,88,428.0,98.61462,-10.614616394042969
S002,P0013,2023-11-04,147,331.0,101.56671,45.43328857421875
S002,P0013,2023-11-05,128,221.0,123.66723,4.332771301269531
S002,P0013,2023-11-06,130,82.0,98.19658,31.803421020507812
S002,P0013,2023-11-07,98,378.0,95.007866,2.9921340942382812
S002,P0013,2023-11-08,113,296.0,120.285385,-7.2853851318359375
S002,P0013,2023-11-09,86,224.0,89.47468,-3.4746780395507812
S002,P0013,2023-11-10,140,157.0,88.1239,51.8760986328125
S002,P0013,2023-11-11,123,404.0,94.66271,28.33728790283203
S002,P0013,2023-11-12,157,290.0,97.49817,59.5018310546875
S002,P0013,2023-11-13,224,153.0,96.83476,127.16523742675781
S002,P0013,2023-11-14,207,383.0,152.75366,54.246337890625
S002,P0013,2023-11-15,86,192.0,105.555725,-19.55572509765625
S002,P0013,2023-11-16,70,879.0,139.20726,-69.20726013183594
S002,P0013,2023-11-17,43,832.0,101.86006,-58.86006164550781
S002,P0013,2023-11-18,81,790.0,125.98185,-44.981849670410156
S002,P0013,2023-11-19,69,706.0,99.82814,-30.828140258789062
S002,P0013,2023-11-20,103,624.0,124.21049,-21.210487365722656
S002,P0013,2023-11-21,107,547.0,128.43764,-21.437637329101562
S002,P0013,2023-11-22,91,471.0,92.894196,-1.894195556640625
S002,P0013,2023-11-23,133,413.0,123.336395,9.663604736328125
S002,P0013,2023-11-24,57,323.0,92.069,-35.069000244140625
S002,P0013,2023-11-25,135,277.0,125.84017,9.159828186035156
S002,P0013,2023-11-26,80,523.0,89.52508,-9.525077819824219
S002,P0013,2023-11-27,146,440.0,100.763916,45.236083984375
S002,P0013,2023-11-28,94,299.0,93.32958,0.6704177856445312
S002,P0013,2023-11-29,64,215.0,90.27604,-26.276039123535156
S002,P0013,2023-11-30,154,553.0,104.12445,49.87554931640625
S002,P0013,2023-12-01,177,422.0,111.039406,65.9605941772461
S002,P0013,2023-12-02,74,241.0,128.23291,-54.23291015625
S002,P0013,2023-12-03,82,167.0,97.82602,-15.826019287109375
S002,P0013,2023-12-04,227,663.0,140.20244,86.79756164550781
S002,P0013,2023-12-05,91,416.0,132.90999,-41.90998840332031
S002,P0013,2023-12-06,111,333.0,137.69275,-26.6927490234375
S002,P0013,2023-12-07,96,855.0,101.578705,-5.578704833984375
S002,P0013,2023-12-08,61,750.0,101.74679,-40.746788024902344
S002,P0013,2023-12-09,94,700.0,101.107574,-7.107574462890625
S002,P0013,2023-12-10,68,608.0,91.68022,-23.680221557617188
S002,P0013,2023-12-11,144,529.0,94.51925,49.480751037597656
S002,P0013,2023-12-12,61,356.0,91.10533,-30.105331420898438
S002,P0013,2023-12-13,183,291.0,124.180305,58.81969451904297
S002,P0013,2023-12-14,73,153.0,91.519226,-18.51922607421875
S002,P0013,2023-12-15,173,97.0,97.5777,75.42230224609375
S002,P0013,2023-12-16,123,547.0,98.68441,24.315589904785156
S002,P0013,2023-12-17,92,435.0,125.73246,-33.732460021972656
S002,P0013,2023-12-18,207,348.0,102.050285,104.94971466064453
S002,P0013,2023-12-19,125,223.0,94.82365,30.176353454589844
S002,P0013,2023-12-20,150,107.0,133.6181,16.38189697265625
S002,P0013,2023-12-21,71,602.0,90.38948,-19.389480590820312
S002,P0013,2023-12-22,40,559.0,149.07707,-109.07707214355469
S002,P0013,2023-12-23,138,516.0,106.22661,31.773391723632812
S002,P0013,2023-12-24,111,407.0,103.484436,7.51556396484375
S002,P0013,2023-12-25,87,316.0,98.33586,-11.335861206054688
S002,P0013,2023-12-26,100,246.0,97.17817,2.8218307495117188
S002,P0013,2023-12-27,80,171.0,99.871994,-19.871994018554688
S002,P0013,2023-12-28,64,318.0,73.39796,-9.397956848144531
S002,P0013,2023-12-29,124,274.0,68.621056,55.378944396972656
S002,P0013,2023-12-30,50,191.0,76.26555,-26.265548706054688
S002,P0013,2023-12-31,39,153.0,69.104546,-30.10454559326172
S002,P0013,2024-01-01,99,471.0,53.776485,45.223514556884766
S002,P0013,2024-01-02,63,408.0,78.90768,-15.907676696777344
S002,P0013,2024-01-03,72,349.0,54.16417,17.835830688476562
S002,P0013,2024-01-04,109,306.0,51.944324,57.0556755065918
S002,P0013,2024-01-05,84,206.0,76.11004,7.889961242675781
S002,P0013,2024-01-06,80,149.0,51.53359,28.466411590576172
S002,P0013,2024-01-07,123,379.0,81.22433,41.775672912597656
S002,P0013,2024-01-08,34,236.0,55.467667,-21.467666625976562
S002,P0013,2024-01-09,151,212.0,110.36131,40.63868713378906
S002,P0013,2024-01-10,63,454.0,115.15037,-52.150367736816406
S002,P0013,2024-01-11,4,385.0,88.054535,-84.05453491210938
S002,P0013,2024-01-12,152,381.0,94.873634,57.126365661621094
S002,P0013,2024-01-13,146,260.0,94.4317,51.56829833984375
S002,P0013,2024-01-14,146,162.0,87.743935,58.256065368652344
S002,P0013,2024-01-15,111,399.0,104.493095,6.506904602050781
S002,P0013,2024-01-16,128,280.0,118.49,9.510002136230469
S002,P0013,2024-01-17,118,136.0,117.62022,0.37978363037109375
S002,P0013,2024-01-18,107,2.0,105.70519,1.2948074340820312
S002,P0013,2024-01-19,168,406.0,97.50194,70.49806213378906
S002,P0013,2024-01-20,131,295.0,107.68602,23.313980102539062
S002,P0013,2024-01-21,82,179.0,96.47782,-14.477821350097656
S002,P0013,2024-01-22,114,548.0,95.13728,18.862716674804688
S002,P0013,2024-01-23,138,425.0,123.10281,14.897186279296875
S002,P0013,2024-01-24,134,320.0,102.120544,31.87945556640625
S002,P0013,2024-01-25,114,201.0,122.80657,-8.806571960449219
S002,P0013,2024-01-26,120,536.0,105.03739,14.962608337402344
S002,P0013,2024-01-27,117,433.0,125.18278,-8.182777404785156
S002,P0013,2024-01-28,130,302.0,96.634094,33.36590576171875
S002,P0013,2024-01-29,80,186.0,101.111015,-21.11101531982422
S002,P0013,2024-01-30,129,125.0,93.39344,35.60655975341797
S002,P0014,2023-09-07,92,329.0,80.68842,11.311576843261719
S002,P0014,2023-09-08,70,237.0,78.803055,-8.803054809570312
S002,P0014,2023-09-09,120,179.0,79.33464,40.66535949707031
S002,P0014,2023-09-10,96,487.0,83.19903,12.800971984863281
S002,P0014,2023-09-11,67,407.0,91.411476,-24.411476135253906
S002,P0014,2023-09-12,61,366.0,62.75373,-1.7537307739257812
S002,P0014,2023-09-13,96,295.0,89.91936,6.0806427001953125
S002,P0014,2023-09-14,96,193.0,71.17492,24.82508087158203
S002,P0014,2023-09-15,142,117.0,99.6085,42.391502380371094
S002,P0014,2023-09-16,48,0.0,72.86902,-24.8690185546875
S002,P0014,2023-09-17,88,425.0,71.50133,16.498672485351562
S002,P0014,2023-09-18,207,322.0,118.23433,88.76567077636719
S002,P0014,2023-09-19,125,729.0,102.91681,22.08319091796875
S002,P0014,2023-09-20,108,645.0,96.86523,11.134773254394531
S002,P0014,2023-09-21,136,550.0,103.042336,32.957664489746094
S002,P0014,2023-09-22,76,1108.0,99.74051,-23.740509033203125
S002,P0014,2023-09-23,56,1032.0,97.576195,-41.576194763183594
S002,P0014,2023-09-24,83,971.0,101.424255,-18.42425537109375
S002,P0014,2023-09-25,91,884.0,98.31533,-7.315330505371094
S002,P0014,2023-09-26,121,775.0,121.01625,-0.0162506103515625
S002,P0014,2023-09-27,116,651.0,129.9834,-13.9833984375
S002,P0014,2023-09-28,166,546.0,139.47418,26.52581787109375
S002,P0014,2023-09-29,61,423.0,99.236374,-38.23637390136719
S002,P0014,2023-09-30,112,354.0,103.063995,8.936004638671875
S002,P0014,2023-10-01,75,265.0,101.73096,-26.73095703125
S002,P0014,2023-10-02,94,800.0,105.771935,-11.771934509277344
S002,P0014,2023-10-03,74,703.0,100.305145,-26.305145263671875
S002,P0014,2023-10-04,28,623.0,93.75449,-65.7544937133789
S002,P0014,2023-10-05,122,597.0,98.78135,23.218650817871094
S002,P0014,2023-10-06,149,453.0,103.70531,45.29469299316406
S002,P0014,2023-10-07,82,316.0,106.15464,-24.154640197753906
S002,P0014,2023-10-08,57,232.0,114.9598,-57.959800720214844
S002,P0014,2023-10-09,44,185.0,105.43727,-61.43727111816406
S002,P0014,2023-10-10,57,630.0,81.63227,-24.63227081298828
S002,P0014,2023-10-11,65,582.0,106.02033,-41.02033233642578
S002,P0014,2023-10-12,99,538.0,114.28035,-15.280349731445312
S002,P0014,2023-10-13,47,458.0,86.400826,-39.40082550048828
S002,P0014,2023-10-14,87,402.0,93.41439,-6.414390563964844
S002,P0014,2023-10-15,110,307.0,115.77092,-5.7709197998046875
S002,P0014,2023-10-16,39,200.0,82.96693,-43.96692657470703
S002,P0014,2023-10-17,44,173.0,82.77363,-38.77362823486328
S002,P0014,2023-10-18,33,490.0,78.26172,-45.26171875
S002,P0014,2023-10-19,57,458.0,68.29609,-11.296089172363281
S002,P0014,2023-10-20,78,413.0,45.432564,32.56743621826172
S002,P0014,2023-10-21,40,345.0,47.661877,-7.661876678466797
S002,P0014,2023-10-22,56,314.0,54.940426,1.0595741271972656
S002,P0014,2023-10-23,89,252.0,41.558296,47.44170379638672
S002,P0014,2023-10-24,22,164.0,45.225933,-23.225933074951172
S002,P0014,2023-10-25,67,141.0,63.680267,3.319732666015625
S002,P0014,2023-10-26,49,86.0,69.5431,-20.54309844970703
S002,P0014,2023-10-27,132,421.0,80.65917,51.34082794189453
S002,P0014,2023-10-28,65,337.0,71.479065,-6.47906494140625
S002,P0014,2023-10-29,52,296.0,63.764256,-11.76425552368164
S002,P0014,2023-10-30,86,244.0,67.41369,18.58631134033203
S002,P0014,2023-10-31,46,786.0,62.980415,-16.98041534423828
S002,P0014,2023-11-01,100,754.0,71.84592,28.154083251953125
S002,P0014,2023-11-02,126,686.0,96.22631,29.77368927001953
S002,P0014,2023-11-03,150,546.0,119.85113,30.14887237548828
S002,P0014,2023-11-04,145,445.0,102.51552,42.48448181152344
S002,P0014,2023-11-05,140,278.0,114.571075,25.428924560546875
S002,P0014,2023-11-06,83,160.0,84.53091,-1.5309066772460938
S002,P0014,2023-11-07,78,639.0,80.771545,-2.77154541015625
S002,P0014,2023-11-08,162,590.0,124.99677,37.00322723388672
S002,P0014,2023-11-09,99,413.0,98.72755,0.27245330810546875
S002,P0014,2023-11-10,54,296.0,115.65944,-61.65943908691406
S002,P0014,2023-11-11,123,240.0,119.81587,3.1841278076171875
S002,P0014,2023-11-12,86,843.0,116.51774,-30.517738342285156
S002,P0014,2023-11-13,46,783.0,75.39711,-29.397109985351562
S002,P0014,2023-11-14,121,749.0,111.18403,9.815971374511719
S002,P0014,2023-11-15,69,624.0,105.77016,-36.77015686035156
S002,P0014,2023-11-16,99,568.0,82.2052,16.7947998046875
S002,P0014,2023-11-17,72,482.0,71.2403,0.7596969604492188
S002,P0014,2023-11-18,88,398.0,67.42126,20.57874298095703
S002,P0014,2023-11-19,102,311.0,73.53824,28.461761474609375
S002,P0014,2023-11-20,57,231.0,72.89764,-15.897636413574219
S002,P0014,2023-11-21,39,174.0,68.00705,-29.007049560546875
S002,P0014,2023-11-22,40,565.0,68.12719,-28.12718963623047
S002,P0014,2023-11-23,88,541.0,64.859985,23.1400146484375
S002,P0014,2023-11-24,30,482.0,68.92708,-38.92707824707031
S002,P0014,2023-11-25,101,448.0,67.20427,33.79573059082031
S002,P0014,2023-11-26,68,383.0,66.445694,1.5543060302734375
S002,P0014,2023-11-27,47,326.0,62.96291,-15.962909698486328
S002,P0014,2023-11-28,69,292.0,63.92133,5.078670501708984
S002,P0014,2023-11-29,65,550.0,65.249214,-0.24921417236328125
S002,P0014,2023-11-30,70,472.0,65.1528,4.847198486328125
S002,P0014,2023-12-01,99,420.0,74.120544,24.87945556640625
S002,P0014,2023-12-02,42,350.0,61.03058,-19.03057861328125
S002,P0014,2023-12-03,97,323.0,77.7785,19.22149658203125
S002,P0014,2023-12-04,118,265.0,77.91777,40.08222961425781
S002,P0014,2023-12-05,97,604.0,76.0495,20.95050048828125
S002,P0014,2023-12-06,109,498.0,74.46303,34.53697204589844
S002,P0014,2023-12-07,46,386.0,68.366844,-22.366844177246094
S002,P0014,2023-12-08,106,353.0,70.15809,35.84191131591797
S002,P0014,2023-12-09,117,266.0,98.226006,18.77399444580078
S002,P0014,2023-12-10,135,608.0,99.24326,35.756736755371094
S002,P0014,2023-12-11,80,468.0,97.91572,-17.91571807861328
S002,P0014,2023-12-12,93,394.0,96.09522,-3.0952224731445312
S002,P0014,2023-12-13,86,338.0,73.01605,12.98394775390625
S002,P0014,2023-12-14,129,892.0,97.30605,31.693946838378906
S002,P0014,2023-12-15,97,748.0,86.58318,10.416816711425781
S002,P0014,2023-12-16,113,684.0,110.40238,2.5976181030273438
S002,P0014,2023-12-17,86,555.0,89.24312,-3.2431182861328125
S002,P0014,2023-12-18,102,497.0,95.14014,6.85986328125
S002,P0014,2023-12-19,133,407.0,91.63992,41.360076904296875
S002,P0014,2023-12-20,99,271.0,84.33889,14.661109924316406
S002,P0014,2023-12-21,103,170.0,121.947235,-18.947235107421875
S002,P0014,2023-12-22,74,109.0,89.48251,-15.482513427734375
S002,P0014,2023-12-23,96,577.0,115.92252,-19.922523498535156
S002,P0014,2023-12-24,130,492.0,123.07473,6.925270080566406
S002,P0014,2023-12-25,54,350.0,92.6766,-38.676597595214844
S002,P0014,2023-12-26,168,300.0,103.50179,64.49820709228516
S002,P0014,2023-12-27,58,98.0,110.72334,-52.72334289550781
S002,P0014,2023-12-28,11,533.0,90.17449,-79.17449188232422
S002,P0014,2023-12-29,57,521.0,67.67574,-10.675743103027344
S002,P0014,2023-12-30,29,480.0,72.66237,-43.66236877441406
S002,P0014,2023-12-31,80,452.0,63.372738,16.627262115478516
S002,P0014,2024-01-01,61,384.0,89.24959,-28.249588012695312
S002,P0014,2024-01-02,43,317.0,32.27793,10.722068786621094
S002,P0014,2024-01-03,47,273.0,33.516384,13.48361587524414
S002,P0014,2024-01-04,51,244.0,30.031414,20.968585968017578
S002,P0014,2024-01-05,38,197.0,43.62946,-5.629459381103516
S002,P0014,2024-01-06,49,154.0,40.186836,8.813163757324219
S002,P0014,2024-01-07,53,102.0,38.865757,14.13424301147461
S002,P0014,2024-01-08,37,248.0,28.778824,8.221176147460938
S002,P0014,2024-01-09,81,210.0,77.259865,3.7401351928710938
S002,P0014,2024-01-10,51,140.0,64.72829,-13.728286743164062
S002,P0014,2024-01-11,117,83.0,76.05607,40.943931579589844
S002,P0014,2024-01-12,98,0.0,81.694466,16.30553436279297
S002,P0014,2024-01-13,122,359.0,83.37659,38.6234130859375
S002,P0014,2024-01-14,72,218.0,72.74313,-0.743133544921875
S002,P0014,2024-01-15,72,678.0,69.87466,2.1253433227539062
S002,P0014,2024-01-16,90,630.0,85.784,4.21600341796875
S002,P0014,2024-01-17,77,531.0,68.90426,8.095741271972656
S002,P0014,2024-01-18,184,455.0,112.04485,71.95514678955078
S002,P0014,2024-01-19,108,268.0,111.66369,-3.6636886596679688
S002,P0014,2024-01-20,161,161.0,116.77158,44.228416442871094
S002,P0014,2024-01-21,135,1.0,121.42102,13.5789794921875
S002,P0014,2024-01-22,80,808.0,111.217896,-31.2178955078125
S002,P0014,2024-01-23,95,752.0,94.796005,0.2039947509765625
S002,P0014,2024-01-24,87,647.0,95.28972,-8.289718627929688
S002,P0014,2024-01-25,87,592.0,90.13805,-3.1380462646484375
S002,P0014,2024-01-26,121,502.0,91.37452,29.62548065185547
S002,P0014,2024-01-27,148,427.0,119.93147,28.068527221679688
S002,P0014,2024-01-28,37,328.0,82.35242,-45.3524169921875
S002,P0014,2024-01-29,90,305.0,80.02221,9.977790832519531
S002,P0014,2024-01-30,101,676.0,81.64288,19.35711669921875
S002,P0015,2023-09-07,47,210.0,107.76273,-60.762733459472656
S002,P0015,2023-09-08,66,170.0,95.10962,-29.109619140625
S002,P0015,2023-09-09,147,578.0,118.89945,28.100547790527344
S002,P0015,2023-09-10,139,422.0,93.81733,45.18267059326172
S002,P0015,2023-09-11,78,284.0,88.474556,-10.474555969238281
S002,P0015,2023-09-12,72,197.0,89.00927,-17.00926971435547
S002,P0015,2023-09-13,96,589.0,93.95249,2.0475082397460938
S002,P0015,2023-09-14,128,526.0,115.66038,12.339622497558594
S002,P0015,2023-09-15,114,390.0,93.86132,20.13867950439453
S002,P0015,2023-09-16,59,303.0,84.664986,-25.66498565673828
S002,P0015,2023-09-17,103,244.0,92.5689,10.431098937988281
S002,P0015,2023-09-18,174,743.0,120.08093,53.9190673828125
S002,P0015,2023-09-19,62,603.0,78.88256,-16.88256072998047
S002,P0015,2023-09-20,99,548.0,92.4209,6.5791015625
S002,P0015,2023-09-21,57,470.0,83.18662,-26.186622619628906
S002,P0015,2023-09-22,87,1108.0,111.779335,-24.779335021972656
S002,P0015,2023-09-23,97,1021.0,115.89134,-18.891342163085938
S002,P0015,2023-09-24,84,930.0,91.406586,-7.406585693359375
S002,P0015,2023-09-25,80,864.0,89.15929,-9.159286499023438
S002,P0015,2023-09-26,58,815.0,84.03564,-26.03563690185547
S002,P0015,2023-09-27,104,754.0,108.848175,-4.848175048828125
S002,P0015,2023-09-28,153,680.0,114.5287,38.47129821777344
S002,P0015,2023-09-29,33,546.0,86.21729,-53.21729278564453
S002,P0015,2023-09-30,85,524.0,90.9436,-5.943603515625
S002,P0015,2023-10-01,118,444.0,116.79419,1.205810546875
S002,P0015,2023-10-02,83,310.0,91.22861,-8.228607177734375
S002,P0015,2023-10-03,69,212.0,88.05556,-19.055557250976562
S002,P0015,2023-10-04,60,135.0,90.23849,-30.238487243652344
S002,P0015,2023-10-05,147,575.0,80.95651,66.04348754882812
S002,P0015,2023-10-06,131,400.0,118.24946,12.750541687011719
S002,P0015,2023-10-07,130,303.0,114.09968,15.900321960449219
S002,P0015,2023-10-08,131,180.0,124.2201,6.779899597167969
S002,P0015,2023-10-09,170,620.0,126.43766,43.562339782714844
S002,P0015,2023-10-10,127,471.0,95.457794,31.542205810546875
S002,P0015,2023-10-11,127,344.0,93.2606,33.739402770996094
S002,P0015,2023-10-12,240,207.0,103.37688,136.6231231689453
S002,P0015,2023-10-13,131,596.0,103.316444,27.683555603027344
S002,P0015,2023-10-14,121,509.0,94.24111,26.758888244628906
S002,P0015,2023-10-15,217,407.0,149.96536,67.03463745117188
S002,P0015,2023-10-16,147,944.0,126.12847,20.87152862548828
S002,P0015,2023-10-17,127,843.0,108.07937,18.920631408691406
S002,P0015,2023-10-18,155,744.0,109.89726,45.10273742675781
S002,P0015,2023-10-19,129,617.0,104.13513,24.8648681640625
S002,P0015,2023-10-20,96,504.0,95.97407,0.02593231201171875
S002,P0015,2023-10-21,69,394.0,86.574745,-17.574745178222656
S002,P0015,2023-10-22,60,347.0,107.843475,-47.843475341796875
S002,P0015,2023-10-23,105,278.0,97.233894,7.766105651855469
S002,P0015,2023-10-24,157,173.0,131.88057,25.119430541992188
S002,P0015,2023-10-25,63,77.0,99.87855,-36.87854766845703
S002,P0015,2023-10-26,99,7.0,125.996635,-26.99663543701172
S002,P0015,2023-10-27,82,371.0,97.579506,-15.579505920410156
S002,P0015,2023-10-28,128,825.0,131.66304,-3.6630401611328125
S002,P0015,2023-10-29,137,706.0,116.25718,20.742820739746094
S002,P0015,2023-10-30,112,595.0,110.276886,1.723114013671875
S002,P0015,2023-10-31,102,512.0,107.36336,-5.3633575439453125
S002,P0015,2023-11-01,163,404.0,139.88338,23.116622924804688
S002,P0015,2023-11-02,95,284.0,132.87457,-37.87457275390625
S002,P0015,2023-11-03,125,208.0,112.34604,12.653961181640625
S002,P0015,2023-11-04,103,95.0,123.24587,-20.245872497558594
S002,P0015,2023-11-05,109,685.0,124.56003,-15.560028076171875
S002,P0015,2023-11-06,23,575.0,89.035446,-66.03544616699219
S002,P0015,2023-11-07,99,551.0,111.46455,-12.464546203613281
S002,P0015,2023-11-08,77,460.0,99.78439,-22.784393310546875
S002,P0015,2023-11-09,114,410.0,101.06371,12.936286926269531
S002,P0015,2023-11-10,84,315.0,94.3564,-10.356399536132812
S002,P0015,2023-11-11,100,246.0,111.94699,-11.946990966796875
S002,P0015,2023-11-12,118,138.0,100.65235,17.34764862060547
S002,P0015,2023-11-13,78,514.0,88.482544,-10.4825439453125
S002,P0015,2023-11-14,75,458.0,86.89457,-11.894569396972656
S002,P0015,2023-11-15,99,392.0,88.18122,10.818778991699219
S002,P0015,2023-11-16,55,321.0,84.079544,-29.079544067382812
S002,P0015,2023-11-17,121,255.0,86.245316,34.75468444824219
S002,P0015,2023-11-18,119,114.0,93.0193,25.980697631835938
S002,P0015,2023-11-19,50,450.0,80.16781,-30.167808532714844
S002,P0015,2023-11-20,81,392.0,101.486115,-20.486114501953125
S002,P0015,2023-11-21,122,325.0,109.225006,12.774993896484375
S002,P0015,2023-11-22,112,209.0,112.43002,-0.430023193359375
S002,P0015,2023-11-23,152,104.0,119.603455,32.39654541015625
S002,P0015,2023-11-24,72,0.0,82.3825,-10.382499694824219
S002,P0015,2023-11-25,93,434.0,90.90512,2.094879150390625
S002,P0015,2023-11-26,105,348.0,116.359474,-11.359474182128906
S002,P0015,2023-11-27,175,744.0,125.747925,49.2520751953125
S002,P0015,2023-11-28,27,564.0,114.1525,-87.15249633789062
S002,P0015,2023-11-29,114,547.0,100.68585,13.31414794921875
S002,P0015,2023-11-30,69,478.0,90.76654,-21.76654052734375
S002,P0015,2023-12-01,149,1044.0,91.23823,57.76177215576172
S002,P0015,2023-12-02,147,951.0,138.77577,8.224227905273438
S002,P0015,2023-12-03,172,825.0,140.71432,31.285675048828125
S002,P0015,2023-12-04,123,684.0,101.05568,21.944320678710938
S002,P0015,2023-12-05,118,571.0,123.319145,-5.319145202636719
S002,P0015,2023-12-06,132,449.0,128.8589,3.1410980224609375
S002,P0015,2023-12-07,101,300.0,112.97623,-11.976226806640625
S002,P0015,2023-12-08,96,217.0,114.26266,-18.262657165527344
S002,P0015,2023-12-09,106,126.0,114.15419,-8.154190063476562
S002,P0015,2023-12-10,70,458.0,91.26624,-21.26624298095703
S002,P0015,2023-12-11,62,406.0,93.08885,-31.088851928710938
S002,P0015,2023-12-12,116,355.0,101.76983,14.230171203613281
S002,P0015,2023-12-13,97,284.0,119.92693,-22.92693328857422
S002,P0015,2023-12-14,118,204.0,122.397606,-4.397605895996094
S002,P0015,2023-12-15,83,91.0,104.454155,-21.45415496826172
S002,P0015,2023-12-16,149,403.0,136.10336,12.896636962890625
S002,P0015,2023-12-17,127,225.0,128.64276,-1.64276123046875
S002,P0015,2023-12-18,162,133.0,107.74375,54.256248474121094
S002,P0015,2023-12-19,78,0.0,108.20309,-30.203086853027344
S002,P0015,2023-12-20,64,692.0,97.03636,-33.03636169433594
S002,P0015,2023-12-21,93,653.0,102.578926,-9.578926086425781
S002,P0015,2023-12-22,117,547.0,97.69268,19.30731964111328
S002,P0015,2023-12-23,61,441.0,84.938545,-23.93854522705078
S002,P0015,2023-12-24,80,370.0,94.099464,-14.099464416503906
S002,P0015,2023-12-25,133,274.0,134.2068,-1.2068023681640625
S002,P0015,2023-12-26,82,141.0,104.8003,-22.80030059814453
S002,P0015,2023-12-27,221,78.0,123.81355,97.18644714355469
S002,P0015,2023-12-28,106,313.0,122.42528,-16.425277709960938
S002,P0015,2023-12-29,153,228.0,91.00048,61.99951934814453
S002,P0015,2023-12-30,125,62.0,97.74193,27.258071899414062
S002,P0015,2023-12-31,165,1052.0,108.41001,56.589988708496094
S002,P0015,2024-01-01,121,876.0,116.39091,4.609092712402344
S002,P0015,2024-01-02,185,779.0,97.49898,87.50102233886719
S002,P0015,2024-01-03,139,563.0,146.06024,-7.06024169921875
S002,P0015,2024-01-04,154,421.0,105.55814,48.441856384277344
S002,P0015,2024-01-05,133,320.0,106.22484,26.775161743164062
S002,P0015,2024-01-06,31,844.0,51.554386,-20.554386138916016
S002,P0015,2024-01-07,230,815.0,134.1309,95.86909484863281
S002,P0015,2024-01-08,100,567.0,112.14783,-12.1478271484375
S002,P0015,2024-01-09,135,493.0,154.79399,-19.793991088867188
S002,P0015,2024-01-10,96,349.0,114.47335,-18.473350524902344
S002,P0015,2024-01-11,90,1086.0,118.21823,-28.218231201171875
S002,P0015,2024-01-12,130,1012.0,148.82213,-18.822128295898438
S002,P0015,2024-01-13,162,928.0,167.09207,-5.092071533203125
S002,P0015,2024-01-14,137,761.0,119.77197,17.22802734375
S002,P0015,2024-01-15,170,638.0,122.185356,47.81464385986328
S002,P0015,2024-01-16,92,482.0,118.29941,-26.299407958984375
S002,P0015,2024-01-17,99,401.0,117.77659,-18.776588439941406
S002,P0015,2024-01-18,125,306.0,113.51013,11.4898681640625
S002,P0015,2024-01-19,123,810.0,121.76833,1.2316665649414062
S002,P0015,2024-01-20,202,678.0,138.74854,63.25146484375
S002,P0015,2024-01-21,139,503.0,98.65986,40.34014129638672
S002,P0015,2024-01-22,111,390.0,115.5174,-4.517402648925781
S002,P0015,2024-01-23,108,260.0,112.71395,-4.713951110839844
S002,P0015,2024-01-24,79,1017.0,117.392044,-38.39204406738281
S002,P0015,2024-01-25,121,934.0,115.487656,5.5123443603515625
S002,P0015,2024-01-26,206,802.0,151.79337,54.206634521484375
S002,P0015,2024-01-27,179,616.0,145.10873,33.891265869140625
S002,P0015,2024-01-28,58,409.0,121.92134,-63.92134094238281
S002,P0015,2024-01-29,122,348.0,107.18525,14.814750671386719
S002,P0015,2024-01-30,67,1039.0,110.84452,-43.844520568847656
S002,P0016,2023-09-07,106,229.0,92.173546,13.826454162597656
S002,P0016,2023-09-08,84,140.0,92.104546,-8.104545593261719
S002,P0016,2023-09-09,131,261.0,121.69106,9.308937072753906
S002,P0016,2023-09-10,144,170.0,122.244774,21.755226135253906
S002,P0016,2023-09-11,113,240.0,93.487656,19.512344360351562
S002,P0016,2023-09-12,85,105.0,126.55901,-41.55901336669922
S002,P0016,2023-09-13,114,224.0,95.48652,18.51348114013672
S002,P0016,2023-09-14,108,139.0,93.994385,14.005615234375
S002,P0016,2023-09-15,66,256.0,88.26538,-22.265380859375
S002,P0016,2023-09-16,162,195.0,125.23156,36.76844024658203
S002,P0016,2023-09-17,111,48.0,93.930016,17.069984436035156
S002,P0016,2023-09-18,132,373.0,95.077995,36.92200469970703
S002,P0016,2023-09-19,106,275.0,88.37775,17.62225341796875
S002,P0016,2023-09-20,89,188.0,88.049904,0.9500961303710938
S002,P0016,2023-09-21,115,104.0,92.71164,22.288360595703125
S002,P0016,2023-09-22,62,193.0,123.64463,-61.644630432128906
S002,P0016,2023-09-23,112,142.0,94.405914,17.594085693359375
S002,P0016,2023-09-24,187,14.0,132.62671,54.373291015625
S002,P0016,2023-09-25,86,201.0,93.72816,-7.728157043457031
S002,P0016,2023-09-26,57,534.0,100.00961,-43.009613037109375
S002,P0016,2023-09-27,118,481.0,125.23933,-7.239326477050781
S002,P0016,2023-09-28,54,370.0,125.218,-71.21800231933594
S002,P0016,2023-09-29,123,323.0,98.61406,24.385940551757812
S002,P0016,2023-09-30,81,182.0,95.25603,-14.256027221679688
S002,P0016,2023-10-01,77,94.0,96.403786,-19.403785705566406
S002,P0016,2023-10-02,179,175.0,124.07596,54.924041748046875
S002,P0016,2023-10-03,70,0.0,88.21573,-18.215728759765625
S002,P0016,2023-10-04,156,357.0,130.76868,25.2313232421875
S002,P0016,2023-10-05,117,261.0,130.51416,-13.51416015625
S002,P0016,2023-10-06,130,128.0,129.31395,0.6860504150390625
S002,P0016,2023-10-07,121,303.0,137.00758,-16.007583618164062
S002,P0016,2023-10-08,81,229.0,98.94616,-17.94615936279297
S002,P0016,2023-10-09,72,160.0,119.508766,-47.508766174316406
S002,P0016,2023-10-10,144,80.0,108.74221,35.257789611816406
S002,P0016,2023-10-11,144,124.0,104.78816,39.21183776855469
S002,P0016,2023-10-12,77,314.0,98.30586,-21.305862426757812
S002,P0016,2023-10-13,157,248.0,132.955,24.044998168945312
S002,P0016,2023-10-14,92,89.0,100.219574,-8.219573974609375
S002,P0016,2023-10-15,133,290.0,103.16701,29.832992553710938
S002,P0016,2023-10-16,92,190.0,95.36983,-3.3698272705078125
S002,P0016,2023-10-17,114,355.0,98.20974,15.790260314941406
S002,P0016,2023-10-18,54,268.0,112.46467,-58.46466827392578
S002,P0016,2023-10-19,44,226.0,89.62369,-45.623687744140625
S002,P0016,2023-10-20,90,196.0,90.59335,-0.593353271484375
S002,P0016,2023-10-21,94,137.0,94.96066,-0.960662841796875
S002,P0016,2023-10-22,95,223.0,90.15074,4.8492584228515625
S002,P0016,2023-10-23,172,160.0,123.92706,48.07293701171875
S002,P0016,2023-10-24,98,211.0,90.43414,7.56585693359375
S002,P0016,2023-10-25,62,440.0,94.23059,-32.2305908203125
S002,P0016,2023-10-26,95,379.0,91.09408,3.9059219360351562
S002,P0016,2023-10-27,101,275.0,93.37316,7.626838684082031
S002,P0016,2023-10-28,151,195.0,126.87814,24.121856689453125
S002,P0016,2023-10-29,54,38.0,90.10484,-36.10484313964844
S002,P0016,2023-10-30,111,295.0,93.135445,17.86455535888672
S002,P0016,2023-10-31,157,181.0,94.89941,62.10059356689453
S002,P0016,2023-11-01,149,44.0,126.38053,22.619468688964844
S002,P0016,2023-11-02,95,274.0,99.57344,-4.5734405517578125
S002,P0016,2023-11-03,104,456.0,135.24109,-31.2410888671875
S002,P0016,2023-11-04,93,386.0,99.16628,-6.166282653808594
S002,P0016,2023-11-05,120,310.0,130.02278,-10.022781372070312
S002,P0016,2023-11-06,88,237.0,101.08205,-13.082046508789062
S002,P0016,2023-11-07,108,170.0,99.80258,8.197418212890625
S002,P0016,2023-11-08,74,96.0,100.29181,-26.29180908203125
S002,P0016,2023-11-09,147,260.0,129.35782,17.642181396484375
S002,P0016,2023-11-10,104,145.0,96.113686,7.886314392089844
S002,P0016,2023-11-11,62,323.0,98.258606,-36.25860595703125
S002,P0016,2023-11-12,142,254.0,127.65862,14.341377258300781
S002,P0016,2023-11-13,137,129.0,127.126686,9.873313903808594
S002,P0016,2023-11-14,93,380.0,95.40258,-2.4025802612304688
S002,P0016,2023-11-15,102,274.0,95.27823,6.721771240234375
S002,P0016,2023-11-16,80,202.0,88.39993,-8.399932861328125
S002,P0016,2023-11-17,126,150.0,123.09625,2.90374755859375
S002,P0016,2023-11-18,78,35.0,90.85838,-12.858383178710938
S002,P0016,2023-11-19,136,240.0,114.401146,21.598854064941406
S002,P0016,2023-11-20,124,135.0,92.766014,31.233985900878906
S002,P0016,2023-11-21,146,283.0,125.87607,20.123931884765625
S002,P0016,2023-11-22,120,133.0,96.244194,23.75580596923828
S002,P0016,2023-11-23,107,329.0,130.41405,-23.414047241210938
S002,P0016,2023-11-24,64,251.0,95.37624,-31.376243591308594
S002,P0016,2023-11-25,46,189.0,98.481094,-52.48109436035156
S002,P0016,2023-11-26,88,149.0,96.52218,-8.522178649902344
S002,P0016,2023-11-27,100,66.0,94.12652,5.873481750488281
S002,P0016,2023-11-28,82,194.0,91.20588,-9.205879211425781
S002,P0016,2023-11-29,74,123.0,98.53861,-24.538612365722656
S002,P0016,2023-11-30,107,227.0,86.44911,20.550888061523438
S002,P0016,2023-12-01,149,127.0,118.992714,30.007286071777344
S002,P0016,2023-12-02,94,184.0,99.21091,-5.210906982421875
S002,P0016,2023-12-03,205,454.0,145.56418,59.435821533203125
S002,P0016,2023-12-04,144,209.0,140.55034,3.4496612548828125
S002,P0016,2023-12-05,189,102.0,149.5928,39.407196044921875
S002,P0016,2023-12-06,81,283.0,120.450356,-39.450355529785156
S002,P0016,2023-12-07,187,647.0,158.241,28.759002685546875
S002,P0016,2023-12-08,131,451.0,161.5214,-30.521392822265625
S002,P0016,2023-12-09,143,347.0,138.70367,4.29632568359375
S002,P0016,2023-12-10,105,208.0,116.87023,-11.870231628417969
S002,P0016,2023-12-11,67,97.0,121.13528,-54.135276794433594
S002,P0016,2023-12-12,98,257.0,99.17661,-1.1766128540039062
S002,P0016,2023-12-13,84,150.0,105.040825,-21.04082489013672
S002,P0016,2023-12-14,86,71.0,111.61016,-25.61016082763672
S002,P0016,2023-12-15,182,181.0,130.19371,51.80628967285156
S002,P0016,2023-12-16,82,37.0,109.04421,-27.044212341308594
S002,P0016,2023-12-17,102,329.0,111.28424,-9.28424072265625
S002,P0016,2023-12-18,101,228.0,140.83527,-39.83526611328125
S002,P0016,2023-12-19,118,139.0,108.059006,9.940994262695312
S002,P0016,2023-12-20,95,305.0,102.38696,-7.386962890625
S002,P0016,2023-12-21,159,243.0,103.672356,55.32764434814453
S002,P0016,2023-12-22,119,76.0,136.55066,-17.5506591796875
S002,P0016,2023-12-23,128,322.0,145.74474,-17.744735717773438
S002,P0016,2023-12-24,150,171.0,120.89231,29.107688903808594
S002,P0016,2023-12-25,132,40.0,113.24695,18.7530517578125
S002,P0016,2023-12-26,154,340.0,147.7292,6.2707977294921875
S002,P0016,2023-12-27,130,225.0,100.27,29.730003356933594
S002,P0016,2023-12-28,116,360.0,101.228325,14.771675109863281
S002,P0016,2023-12-29,114,237.0,96.06388,17.936119079589844
S002,P0016,2023-12-30,125,153.0,100.86735,24.132652282714844
S002,P0016,2023-12-31,62,274.0,99.76282,-37.7628173828125
S002,P0016,2024-01-01,134,222.0,103.639114,30.360885620117188
S002,P0016,2024-01-02,127,130.0,103.22987,23.770126342773438
S002,P0016,2024-01-03,92,229.0,96.080925,-4.080924987792969
S002,P0016,2024-01-04,107,122.0,94.79241,12.207588195800781
S002,P0016,2024-01-05,117,0.0,92.225876,24.774124145507812
S002,P0016,2024-01-06,129,247.0,92.893364,36.10663604736328
S002,P0016,2024-01-07,134,424.0,139.8546,-5.8545989990234375
S002,P0016,2024-01-08,184,291.0,139.57379,44.42620849609375
S002,P0016,2024-01-09,237,174.0,174.49536,62.504638671875
S002,P0016,2024-01-10,102,409.0,157.27542,-55.275421142578125
S002,P0016,2024-01-11,132,301.0,129.80428,2.1957244873046875
S002,P0016,2024-01-12,113,194.0,115.97689,-2.9768905639648438
S002,P0016,2024-01-13,173,424.0,163.36777,9.632232666015625
S002,P0016,2024-01-14,155,305.0,163.03935,-8.039352416992188
S002,P0016,2024-01-15,88,127.0,162.26967,-74.26966857910156
S002,P0016,2024-01-16,159,397.0,167.2126,-8.212600708007812
S002,P0016,2024-01-17,88,233.0,116.11089,-28.11089324951172
S002,P0016,2024-01-18,173,174.0,169.61082,3.3891754150390625
S002,P0016,2024-01-19,32,60.0,128.0138,-96.0137939453125
S002,P0016,2024-01-20,224,404.0,150.9016,73.09840393066406
S002,P0016,2024-01-21,103,223.0,114.71782,-11.717819213867188
S002,P0016,2024-01-22,49,588.0,114.15323,-65.15322875976562
S002,P0016,2024-01-23,106,540.0,156.05426,-50.05426025390625
S002,P0016,2024-01-24,72,425.0,113.00416,-41.00415802001953
S002,P0016,2024-01-25,132,344.0,113.45328,18.546722412109375
S002,P0016,2024-01-26,101,204.0,113.47807,-12.478073120117188
S002,P0016,2024-01-27,110,127.0,115.468124,-5.4681243896484375
S002,P0016,2024-01-28,61,246.0,101.59595,-40.595947265625
S002,P0016,2024-01-29,137,197.0,108.44787,28.55213165283203
S002,P0016,2024-01-30,105,88.0,106.1119,-1.1119003295898438
S002,P0017,2023-09-07,119,361.0,104.05826,14.941741943359375
S002,P0017,2023-09-08,150,229.0,105.51705,44.482948303222656
S002,P0017,2023-09-09,125,426.0,121.0945,3.9055023193359375
S002,P0017,2023-09-10,188,283.0,121.70477,66.29522705078125
S002,P0017,2023-09-11,153,127.0,112.478645,40.52135467529297
S002,P0017,2023-09-12,91,388.0,93.40668,-2.40667724609375
S002,P0017,2023-09-13,53,296.0,87.72615,-34.72615051269531
S002,P0017,2023-09-14,44,658.0,86.69484,-42.69483947753906
S002,P0017,2023-09-15,62,629.0,86.79231,-24.792312622070312
S002,P0017,2023-09-16,106,584.0,108.59949,-2.5994873046875
S002,P0017,2023-09-17,56,460.0,103.53858,-47.53858184814453
S002,P0017,2023-09-18,152,406.0,89.31277,62.687232971191406
S002,P0017,2023-09-19,120,260.0,110.64215,9.35784912109375
S002,P0017,2023-09-20,110,148.0,81.7043,28.295700073242188
S002,P0017,2023-09-21,113,545.0,111.81127,1.1887283325195312
S002,P0017,2023-09-22,111,440.0,106.81333,4.186668395996094
S002,P0017,2023-09-23,95,351.0,85.84217,9.157829284667969
S002,P0017,2023-09-24,109,275.0,94.851944,14.148056030273438
S002,P0017,2023-09-25,57,192.0,110.10664,-53.10664367675781
S002,P0017,2023-09-26,95,406.0,111.02676,-16.026756286621094
S002,P0017,2023-09-27,120,342.0,95.29389,24.70610809326172
S002,P0017,2023-09-28,68,240.0,87.67728,-19.677276611328125
S002,P0017,2023-09-29,116,192.0,92.7914,23.208602905273438
S002,P0017,2023-09-30,102,409.0,91.44282,10.557182312011719
S002,P0017,2023-10-01,109,325.0,90.083565,18.91643524169922
S002,P0017,2023-10-02,135,233.0,98.517815,36.48218536376953
S002,P0017,2023-10-03,110,145.0,88.12943,21.870567321777344
S002,P0017,2023-10-04,73,398.0,88.74428,-15.744277954101562
S002,P0017,2023-10-05,167,333.0,93.836174,73.16382598876953
S002,P0017,2023-10-06,69,221.0,87.71813,-18.71813201904297
S002,P0017,2023-10-07,19,141.0,71.668915,-52.668914794921875
S002,P0017,2023-10-08,63,545.0,85.57463,-22.574630737304688
S002,P0017,2023-10-09,11,472.0,78.13756,-67.13755798339844
S002,P0017,2023-10-10,41,461.0,53.74542,-12.745418548583984
S002,P0017,2023-10-11,23,426.0,47.63094,-24.630939483642578
S002,P0017,2023-10-12,28,401.0,39.622997,-11.622997283935547
S002,P0017,2023-10-13,8,383.0,34.586124,-26.586124420166016
S002,P0017,2023-10-14,27,374.0,31.893124,-4.893123626708984
S002,P0017,2023-10-15,25,355.0,31.85372,-6.853719711303711
S002,P0017,2023-10-16,44,337.0,29.335619,14.66438102722168
S002,P0017,2023-10-17,49,293.0,38.913143,10.086856842041016
S002,P0017,2023-10-18,16,250.0,27.443571,-11.443571090698242
S002,P0017,2023-10-19,42,233.0,36.056526,5.943473815917969
S002,P0017,2023-10-20,30,193.0,34.48176,-4.481758117675781
S002,P0017,2023-10-21,27,160.0,28.930021,-1.9300212860107422
S002,P0017,2023-10-22,16,137.0,33.108917,-17.108917236328125
S002,P0017,2023-10-23,8,120.0,25.259947,-17.259946823120117
S002,P0017,2023-10-24,17,198.0,28.046942,-11.046941757202148
S002,P0017,2023-10-25,78,187.0,82.30575,-4.305747985839844
S002,P0017,2023-10-26,104,109.0,99.24389,4.756111145019531
S002,P0017,2023-10-27,119,24.0,87.383026,31.616973876953125
S002,P0017,2023-10-28,164,272.0,118.19417,45.80583190917969
S002,P0017,2023-10-29,69,461.0,86.04628,-17.046279907226562
S002,P0017,2023-10-30,71,397.0,82.374016,-11.374015808105469
S002,P0017,2023-10-31,39,319.0,84.57887,-45.57887268066406
S002,P0017,2023-11-01,90,295.0,83.98485,6.0151519775390625
S002,P0017,2023-11-02,144,231.0,109.75236,34.247642517089844
S002,P0017,2023-11-03,117,71.0,83.48415,33.515846252441406
S002,P0017,2023-11-04,158,295.0,118.830986,39.16901397705078
S002,P0017,2023-11-05,59,148.0,87.36795,-28.367950439453125
S002,P0017,2023-11-06,69,415.0,87.93989,-18.93988800048828
S002,P0017,2023-11-07,156,364.0,124.91826,31.081741333007812
S002,P0017,2023-11-08,72,250.0,110.27175,-38.271751403808594
S002,P0017,2023-11-09,103,183.0,109.20689,-6.206886291503906
S002,P0017,2023-11-10,92,574.0,88.82222,3.1777801513671875
S002,P0017,2023-11-11,129,481.0,84.33331,44.66668701171875
S002,P0017,2023-11-12,98,341.0,88.31184,9.688163757324219
S002,P0017,2023-11-13,101,241.0,87.917,13.083000183105469
S002,P0017,2023-11-14,94,149.0,104.73084,-10.730842590332031
S002,P0017,2023-11-15,110,389.0,110.799255,-0.79925537109375
S002,P0017,2023-11-16,73,283.0,84.07947,-11.0794677734375
S002,P0017,2023-11-17,97,204.0,86.507095,10.492904663085938
S002,P0017,2023-11-18,58,417.0,85.67853,-27.67852783203125
S002,P0017,2023-11-19,73,353.0,87.39104,-14.391036987304688
S002,P0017,2023-11-20,87,275.0,91.43339,-4.433387756347656
S002,P0017,2023-11-21,115,208.0,90.65704,24.34295654296875
S002,P0017,2023-11-22,140,93.0,105.12398,34.87602233886719
S002,P0017,2023-11-23,143,308.0,114.86443,28.13556671142578
S002,P0017,2023-11-24,134,216.0,91.28247,42.717529296875
S002,P0017,2023-11-25,31,470.0,85.34469,-54.344688415527344
S002,P0017,2023-11-26,153,446.0,123.899765,29.100234985351562
S002,P0017,2023-11-27,113,286.0,91.33934,21.660659790039062
S002,P0017,2023-11-28,75,181.0,85.3588,-10.358802795410156
S002,P0017,2023-11-29,82,561.0,83.92743,-1.92742919921875
S002,P0017,2023-11-30,84,485.0,89.6109,-5.61090087890625
S002,P0017,2023-12-01,108,423.0,86.52271,21.47728729248047
S002,P0017,2023-12-02,55,348.0,98.89187,-43.891868591308594
S002,P0017,2023-12-03,108,297.0,98.57223,9.427772521972656
S002,P0017,2023-12-04,110,188.0,98.3844,11.6156005859375
S002,P0017,2023-12-05,39,120.0,95.670586,-56.67058563232422
S002,P0017,2023-12-06,120,468.0,124.47579,-4.475791931152344
S002,P0017,2023-12-07,108,362.0,94.68801,13.311988830566406
S002,P0017,2023-12-08,69,292.0,122.98384,-53.98384094238281
S002,P0017,2023-12-09,66,223.0,90.129,-24.128997802734375
S002,P0017,2023-12-10,113,468.0,94.689606,18.310394287109375
S002,P0017,2023-12-11,132,373.0,112.39826,19.60173797607422
S002,P0017,2023-12-12,103,286.0,119.128876,-16.128875732421875
S002,P0017,2023-12-13,132,217.0,94.62242,37.37757873535156
S002,P0017,2023-12-14,65,532.0,84.27791,-19.277908325195312
S002,P0017,2023-12-15,129,476.0,111.39257,17.60742950439453
S002,P0017,2023-12-16,54,333.0,109.940285,-55.940284729003906
S002,P0017,2023-12-17,101,298.0,98.224785,2.7752151489257812
S002,P0017,2023-12-18,93,192.0,87.533226,5.466773986816406
S002,P0017,2023-12-19,56,133.0,83.01098,-27.01097869873047
S002,P0017,2023-12-20,129,412.0,114.83432,14.165679931640625
S002,P0017,2023-12-21,92,298.0,91.568016,0.43198394775390625
S002,P0017,2023-12-22,209,238.0,124.20878,84.79122161865234
S002,P0017,2023-12-23,118,452.0,96.8188,21.181198120117188
S002,P0017,2023-12-24,51,353.0,105.10587,-54.105873107910156
S002,P0017,2023-12-25,97,979.0,94.68693,2.3130722045898438
S002,P0017,2023-12-26,144,903.0,105.03194,38.96806335449219
S002,P0017,2023-12-27,39,786.0,90.656425,-51.65642547607422
S002,P0017,2023-12-28,26,756.0,64.71086,-38.71086120605469
S002,P0017,2023-12-29,22,729.0,60.849987,-38.8499870300293
S002,P0017,2023-12-30,22,708.0,45.11032,-23.110321044921875
S002,P0017,2023-12-31,27,690.0,34.449955,-7.449954986572266
S002,P0017,2024-01-01,13,670.0,16.255993,-3.255992889404297
S002,P0017,2024-01-02,17,662.0,13.51487,3.4851303100585938
S002,P0017,2024-01-03,12,649.0,16.45676,-4.456760406494141
S002,P0017,2024-01-04,15,636.0,18.22473,-3.224729537963867
S002,P0017,2024-01-05,17,626.0,31.202919,-14.202919006347656
S002,P0017,2024-01-06,26,610.0,16.199387,9.800613403320312
S002,P0017,2024-01-07,21,591.0,20.106812,0.8931884765625
S002,P0017,2024-01-08,66,567.0,22.582617,43.41738319396973
S002,P0017,2024-01-09,50,525.0,81.73863,-31.738632202148438
S002,P0017,2024-01-10,43,482.0,104.774445,-61.774444580078125
S002,P0017,2024-01-11,79,430.0,92.61998,-13.619979858398438
S002,P0017,2024-01-12,132,374.0,96.6375,35.36250305175781
S002,P0017,2024-01-13,99,253.0,104.8123,-5.8123016357421875
S002,P0017,2024-01-14,90,159.0,88.07597,1.9240264892578125
S002,P0017,2024-01-15,100,462.0,91.26067,8.739326477050781
S002,P0017,2024-01-16,100,360.0,89.66717,10.332832336425781
S002,P0017,2024-01-17,108,248.0,96.3644,11.635597229003906
S002,P0017,2024-01-18,96,142.0,88.4594,7.5406036376953125
S002,P0017,2024-01-19,76,337.0,94.070244,-18.07024383544922
S002,P0017,2024-01-20,156,254.0,118.849945,37.150054931640625
S002,P0017,2024-01-21,148,77.0,116.99101,31.008987426757812
S002,P0017,2024-01-22,136,0.0,112.78252,23.217483520507812
S002,P0017,2024-01-23,68,560.0,79.24043,-11.240432739257812
S002,P0017,2024-01-24,99,508.0,102.74728,-3.7472763061523438
S002,P0017,2024-01-25,98,428.0,81.1689,16.831100463867188
S002,P0017,2024-01-26,81,325.0,84.064354,-3.0643539428710938
S002,P0017,2024-01-27,99,267.0,105.402,-6.402000427246094
S002,P0017,2024-01-28,124,164.0,102.3023,21.69770050048828
S002,P0017,2024-01-29,79,270.0,83.31777,-4.317771911621094
S002,P0017,2024-01-30,72,204.0,81.54419,-9.544189453125
S002,P0018,2023-09-07,87,218.0,100.13463,-13.134628295898438
S002,P0018,2023-09-08,138,158.0,120.48582,17.514183044433594
S002,P0018,2023-09-09,119,155.0,92.49475,26.5052490234375
S002,P0018,2023-09-10,82,143.0,96.354645,-14.354644775390625
S002,P0018,2023-09-11,111,74.0,94.67439,16.325607299804688
S002,P0018,2023-09-12,92,99.0,102.39074,-10.390739440917969
S002,P0018,2023-09-13,84,97.0,97.00992,-13.009918212890625
S002,P0018,2023-09-14,131,97.0,119.51303,11.486968994140625
S002,P0018,2023-09-15,105,125.0,93.78621,11.213790893554688
S002,P0018,2023-09-16,110,97.0,126.39831,-16.39830780029297
S002,P0018,2023-09-17,144,128.0,126.90383,17.096168518066406
S002,P0018,2023-09-18,80,172.0,99.26727,-19.26727294921875
S002,P0018,2023-09-19,66,103.0,92.39558,-26.39557647705078
S002,P0018,2023-09-20,62,106.0,86.068596,-24.06859588623047
S002,P0018,2023-09-21,127,93.0,90.153694,36.84630584716797
S002,P0018,2023-09-22,109,147.0,112.72479,-3.72479248046875
S002,P0018,2023-09-23,113,175.0,117.87011,-4.870109558105469
S002,P0018,2023-09-24,118,98.0,118.54596,-0.54595947265625
S002,P0018,2023-09-25,113,120.0,89.72821,23.27178955078125
S002,P0018,2023-09-26,114,136.0,92.78062,21.219383239746094
S002,P0018,2023-09-27,87,172.0,88.87598,-1.8759765625
S002,P0018,2023-09-28,83,115.0,118.16896,-35.16896057128906
S002,P0018,2023-09-29,73,140.0,87.41638,-14.4163818359375
S002,P0018,2023-09-30,76,69.0,94.83725,-18.837249755859375
S002,P0018,2023-10-01,125,68.0,85.37328,39.62671661376953
S002,P0018,2023-10-02,209,105.0,121.04937,87.95063018798828
S002,P0018,2023-10-03,60,222.0,91.51634,-31.516342163085938
S002,P0018,2023-10-04,62,172.0,94.209435,-32.209434509277344
S002,P0018,2023-10-05,187,123.0,122.60868,64.39131927490234
S002,P0018,2023-10-06,111,195.0,103.62454,7.375457763671875
S002,P0018,2023-10-07,113,112.0,109.43918,3.560821533203125
S002,P0018,2023-10-08,162,155.0,108.18658,53.81342315673828
S002,P0018,2023-10-09,80,235.0,77.96773,2.0322723388671875
S002,P0018,2023-10-10,170,149.0,77.093254,92.90674591064453
S002,P0018,2023-10-11,116,181.0,88.74668,27.253318786621094
S002,P0018,2023-10-12,157,103.0,111.53131,45.46868896484375
S002,P0018,2023-10-13,83,133.0,110.00939,-27.00939178466797
S002,P0018,2023-10-14,131,123.0,87.21266,43.78733825683594
S002,P0018,2023-10-15,89,123.0,112.08624,-23.08624267578125
S002,P0018,2023-10-16,77,158.0,79.48514,-2.485137939453125
S002,P0018,2023-10-17,122,75.0,79.230225,42.769775390625
S002,P0018,2023-10-18,134,121.0,83.462944,50.53705596923828
S002,P0018,2023-10-19,64,146.0,104.314865,-40.31486511230469
S002,P0018,2023-10-20,142,95.0,104.91728,37.08271789550781
S002,P0018,2023-10-21,76,121.0,82.48695,-6.4869537353515625
S002,P0018,2023-10-22,83,144.0,89.481155,-6.4811553955078125
S002,P0018,2023-10-23,118,63.0,90.94884,27.051162719726562
S002,P0018,2023-10-24,62,129.0,79.96609,-17.966087341308594
S002,P0018,2023-10-25,58,63.0,93.61393,-35.613929748535156
S002,P0018,2023-10-26,89,55.0,95.89543,-6.8954315185546875
S002,P0018,2023-10-27,79,92.0,92.16395,-13.163948059082031
S002,P0018,2023-10-28,166,96.0,125.41842,40.581581115722656
S002,P0018,2023-10-29,122,162.0,95.05002,26.949981689453125
S002,P0018,2023-10-30,51,175.0,95.048965,-44.04896545410156
S002,P0018,2023-10-31,75,144.0,90.00002,-15.000022888183594
S002,P0018,2023-11-01,97,81.0,95.20739,1.7926101684570312
S002,P0018,2023-11-02,135,123.0,121.49527,13.504730224609375
S002,P0018,2023-11-03,39,163.0,111.8077,-72.80770111083984
S002,P0018,2023-11-04,99,134.0,91.3009,7.6990966796875
S002,P0018,2023-11-05,68,177.0,117.0894,-49.08940124511719
S002,P0018,2023-11-06,72,136.0,87.97628,-15.976280212402344
S002,P0018,2023-11-07,76,76.0,92.292305,-16.29230499267578
S002,P0018,2023-11-08,114,79.0,113.434204,0.5657958984375
S002,P0018,2023-11-09,126,118.0,120.71037,5.2896270751953125
S002,P0018,2023-11-10,66,149.0,87.598694,-21.59869384765625
S002,P0018,2023-11-11,142,99.0,93.07198,48.928016662597656
S002,P0018,2023-11-12,108,164.0,113.83641,-5.8364105224609375
S002,P0018,2023-11-13,83,57.0,95.56747,-12.567466735839844
S002,P0018,2023-11-14,75,90.0,91.86083,-16.86083221435547
S002,P0018,2023-11-15,143,90.0,115.44234,27.557662963867188
S002,P0018,2023-11-16,74,165.0,89.18236,-15.182357788085938
S002,P0018,2023-11-17,115,78.0,94.24977,20.750228881835938
S002,P0018,2023-11-18,90,108.0,87.98081,2.0191879272460938
S002,P0018,2023-11-19,103,151.0,115.404045,-12.404045104980469
S002,P0018,2023-11-20,59,194.0,89.16345,-30.1634521484375
S002,P0018,2023-11-21,100,129.0,88.13893,11.861068725585938
S002,P0018,2023-11-22,83,158.0,113.02619,-30.02619171142578
S002,P0018,2023-11-23,113,100.0,89.471,23.52899932861328
S002,P0018,2023-11-24,55,107.0,86.74579,-31.74578857421875
S002,P0018,2023-11-25,122,95.0,120.75167,1.2483291625976562
S002,P0018,2023-11-26,99,115.0,91.88211,7.117889404296875
S002,P0018,2023-11-27,52,120.0,89.352844,-37.35284423828125
S002,P0018,2023-11-28,87,65.0,90.81093,-3.8109283447265625
S002,P0018,2023-11-29,59,94.0,87.54131,-28.54131317138672
S002,P0018,2023-11-30,98,91.0,87.14014,10.85986328125
S002,P0018,2023-12-01,68,105.0,84.62925,-16.629249572753906
S002,P0018,2023-12-02,161,120.0,111.48832,49.511680603027344
S002,P0018,2023-12-03,84,188.0,88.70532,-4.705322265625
S002,P0018,2023-12-04,61,116.0,93.49978,-32.499778747558594
S002,P0018,2023-12-05,107,135.0,119.119255,-12.119255065917969
S002,P0018,2023-12-06,163,154.0,96.50223,66.49777221679688
S002,P0018,2023-12-07,102,146.0,91.26855,10.731452941894531
S002,P0018,2023-12-08,70,142.0,102.271095,-32.271095275878906
S002,P0018,2023-12-09,120,88.0,90.344406,29.655593872070312
S002,P0018,2023-12-10,130,120.0,113.37777,16.622230529785156
S002,P0018,2023-12-11,103,142.0,92.087944,10.912055969238281
S002,P0018,2023-12-12,76,145.0,93.20785,-17.207847595214844
S002,P0018,2023-12-13,148,84.0,128.85222,19.147781372070312
S002,P0018,2023-12-14,175,139.0,93.120926,81.87907409667969
S002,P0018,2023-12-15,213,153.0,125.70434,87.29566192626953
S002,P0018,2023-12-16,102,208.0,102.332825,-0.33282470703125
S002,P0018,2023-12-17,74,138.0,120.914474,-46.91447448730469
S002,P0018,2023-12-18,78,74.0,99.143196,-21.14319610595703
S002,P0018,2023-12-19,102,93.0,118.23974,-16.23973846435547
S002,P0018,2023-12-20,152,130.0,99.435,52.56500244140625
S002,P0018,2023-12-21,141,162.0,123.14582,17.85417938232422
S002,P0018,2023-12-22,140,218.0,99.7493,40.250701904296875
S002,P0018,2023-12-23,159,99.0,134.9054,24.0946044921875
S002,P0018,2023-12-24,45,129.0,94.881485,-49.88148498535156
S002,P0018,2023-12-25,129,89.0,96.024055,32.97594451904297
S002,P0018,2023-12-26,125,126.0,104.380775,20.619224548339844
S002,P0018,2023-12-27,136,190.0,92.39352,43.606483459472656
S002,P0018,2023-12-28,119,173.0,115.24655,3.753448486328125
S002,P0018,2023-12-29,126,189.0,80.877426,45.12257385253906
S002,P0018,2023-12-30,136,101.0,86.2324,49.767601013183594
S002,P0018,2023-12-31,48,150.0,75.76986,-27.769859313964844
S002,P0018,2024-01-01,138,109.0,109.89765,28.10234832763672
S002,P0018,2024-01-02,205,155.0,79.988884,125.01111602783203
S002,P0018,2024-01-03,150,177.0,88.451065,61.54893493652344
S002,P0018,2024-01-04,47,253.0,93.48027,-46.48027038574219
S002,P0018,2024-01-05,99,223.0,83.24312,15.756881713867188
S002,P0018,2024-01-06,180,155.0,74.12971,105.87029266357422
S002,P0018,2024-01-07,100,188.0,91.487915,8.5120849609375
S002,P0018,2024-01-08,107,88.0,86.18892,20.811080932617188
S002,P0018,2024-01-09,86,102.0,110.85329,-24.853286743164062
S002,P0018,2024-01-10,82,118.0,113.38013,-31.380126953125
S002,P0018,2024-01-11,98,140.0,131.51619,-33.51618957519531
S002,P0018,2024-01-12,175,105.0,142.94937,32.050628662109375
S002,P0018,2024-01-13,84,166.0,101.86777,-17.867767333984375
S002,P0018,2024-01-14,113,92.0,112.182014,0.8179855346679688
S002,P0018,2024-01-15,67,148.0,101.07326,-34.07325744628906
S002,P0018,2024-01-16,23,104.0,86.236145,-63.23614501953125
S002,P0018,2024-01-17,95,76.0,103.17491,-8.174911499023438
S002,P0018,2024-01-18,65,81.0,99.97844,-34.97843933105469
S002,P0018,2024-01-19,112,91.0,119.245,-7.245002746582031
S002,P0018,2024-01-20,73,121.0,93.045135,-20.045135498046875
S002,P0018,2024-01-21,99,118.0,89.102585,9.897415161132812
S002,P0018,2024-01-22,16,100.0,105.68113,-89.6811294555664
S002,P0018,2024-01-23,67,83.0,88.15077,-21.150772094726562
S002,P0018,2024-01-24,103,86.0,89.40768,13.592323303222656
S002,P0018,2024-01-25,120,94.0,90.07109,29.928909301757812
S002,P0018,2024-01-26,179,139.0,124.11202,54.887977600097656
S002,P0018,2024-01-27,218,173.0,130.14206,87.85794067382812
S002,P0018,2024-01-28,147,255.0,129.81337,17.186630249023438
S002,P0018,2024-01-29,85,153.0,97.23799,-12.237991333007812
S002,P0018,2024-01-30,149,61.0,112.29142,36.708580017089844
S002,P0019,2023-09-07,125,423.0,116.00958,8.99041748046875
S002,P0019,2023-09-08,92,307.0,93.92214,-1.9221420288085938
S002,P0019,2023-09-09,116,210.0,87.78208,28.217918395996094
S002,P0019,2023-09-10,65,112.0,91.4541,-26.4541015625
S002,P0019,2023-09-11,90,518.0,92.75023,-2.7502288818359375
S002,P0019,2023-09-12,83,460.0,86.69739,-3.6973876953125
S002,P0019,2023-09-13,95,402.0,88.376236,6.6237640380859375
S002,P0019,2023-09-14,109,309.0,120.7063,-11.706298828125
S002,P0019,2023-09-15,64,215.0,88.39139,-24.391387939453125
S002,P0019,2023-09-16,67,158.0,84.747856,-17.74785614013672
S002,P0019,2023-09-17,150,473.0,68.088684,81.91131591796875
S002,P0019,2023-09-18,67,331.0,80.04736,-13.04736328125
S002,P0019,2023-09-19,200,280.0,109.80857,90.1914291381836
S002,P0019,2023-09-20,139,64.0,120.26871,18.731292724609375
S002,P0019,2023-09-21,124,619.0,96.17757,27.822433471679688
S002,P0019,2023-09-22,80,527.0,123.55738,-43.55738067626953
S002,P0019,2023-09-23,108,458.0,121.07498,-13.074981689453125
S002,P0019,2023-09-24,57,378.0,95.75704,-38.757041931152344
S002,P0019,2023-09-25,141,318.0,93.08825,47.91175079345703
S002,P0019,2023-09-26,54,187.0,97.215965,-43.215965270996094
S002,P0019,2023-09-27,73,644.0,94.67234,-21.672340393066406
S002,P0019,2023-09-28,112,568.0,123.91951,-11.919509887695312
S002,P0019,2023-09-29,56,499.0,92.77058,-36.77057647705078
S002,P0019,2023-09-30,106,450.0,92.16946,13.830543518066406
S002,P0019,2023-10-01,60,356.0,90.89213,-30.892127990722656
S002,P0019,2023-10-02,84,296.0,91.6882,-7.688201904296875
S002,P0019,2023-10-03,138,217.0,86.926,51.073997497558594
S002,P0019,2023-10-04,62,422.0,91.84995,-29.849952697753906
S002,P0019,2023-10-05,129,380.0,89.704254,39.295745849609375
S002,P0019,2023-10-06,63,249.0,92.01391,-29.01390838623047
S002,P0019,2023-10-07,148,774.0,115.06372,32.936279296875
S002,P0019,2023-10-08,148,626.0,123.97666,24.023338317871094
S002,P0019,2023-10-09,90,467.0,124.73749,-34.73748779296875
S002,P0019,2023-10-10,47,397.0,85.279236,-38.27923583984375
S002,P0019,2023-10-11,133,353.0,86.7438,46.256202697753906
S002,P0019,2023-10-12,192,816.0,140.6908,51.3092041015625
S002,P0019,2023-10-13,130,634.0,132.53923,-2.5392303466796875
S002,P0019,2023-10-14,117,511.0,97.88525,19.11475372314453
S002,P0019,2023-10-15,70,421.0,95.97517,-25.97516632080078
S002,P0019,2023-10-16,123,1008.0,103.9597,19.040298461914062
S002,P0019,2023-10-17,211,905.0,153.38106,57.61894226074219
S002,P0019,2023-10-18,115,655.0,110.88167,4.1183319091796875
S002,P0019,2023-10-19,144,529.0,137.16739,6.832611083984375
S002,P0019,2023-10-20,64,432.0,89.12321,-25.123207092285156
S002,P0019,2023-10-21,159,1252.0,145.16664,13.833358764648438
S002,P0019,2023-10-22,90,1133.0,100.15198,-10.1519775390625
S002,P0019,2023-10-23,44,1041.0,99.25312,-55.25312042236328
S002,P0019,2023-10-24,143,1015.0,109.39005,33.609947204589844
S002,P0019,2023-10-25,61,868.0,99.616646,-38.61664581298828
S002,P0019,2023-10-26,137,815.0,136.98216,0.0178375244140625
S002,P0019,2023-10-27,70,682.0,101.48812,-31.488121032714844
S002,P0019,2023-10-28,101,613.0,131.47478,-30.474777221679688
S002,P0019,2023-10-29,69,539.0,98.58356,-29.58355712890625
S002,P0019,2023-10-30,137,470.0,90.258255,46.74174499511719
S002,P0019,2023-10-31,71,343.0,100.04826,-29.048263549804688
S002,P0019,2023-11-01,127,284.0,126.374214,0.6257858276367188
S002,P0019,2023-11-02,205,172.0,152.1322,52.8677978515625
S002,P0019,2023-11-03,73,565.0,122.319244,-49.319244384765625
S002,P0019,2023-11-04,123,492.0,142.9362,-19.936203002929688
S002,P0019,2023-11-05,74,382.0,114.09737,-40.09736633300781
S002,P0019,2023-11-06,97,1071.0,109.6268,-12.626800537109375
S002,P0019,2023-11-07,120,994.0,109.64909,10.350906372070312
S002,P0019,2023-11-08,75,895.0,104.41477,-29.414772033691406
S002,P0019,2023-11-09,68,846.0,96.092316,-28.092315673828125
S002,P0019,2023-11-10,107,766.0,127.58544,-20.58544158935547
S002,P0019,2023-11-11,60,682.0,97.09387,-37.0938720703125
S002,P0019,2023-11-12,81,629.0,91.27478,-10.2747802734375
S002,P0019,2023-11-13,108,546.0,90.77745,17.222549438476562
S002,P0019,2023-11-14,114,450.0,100.13804,13.861961364746094
S002,P0019,2023-11-15,73,374.0,116.27532,-43.27532196044922
S002,P0019,2023-11-16,81,325.0,85.38203,-4.382026672363281
S002,P0019,2023-11-17,117,235.0,85.92977,31.070228576660156
S002,P0019,2023-11-18,90,661.0,118.585884,-28.58588409423828
S002,P0019,2023-11-19,133,579.0,88.40618,44.59381866455078
S002,P0019,2023-11-20,95,477.0,85.5203,9.479698181152344
S002,P0019,2023-11-21,121,370.0,115.55443,5.4455718994140625
S002,P0019,2023-11-22,103,288.0,115.03369,-12.03369140625
S002,P0019,2023-11-23,95,823.0,87.6894,7.310600280761719
S002,P0019,2023-11-24,81,764.0,96.4464,-15.446403503417969
S002,P0019,2023-11-25,66,682.0,93.27649,-27.2764892578125
S002,P0019,2023-11-26,105,603.0,120.231766,-15.231765747070312
S002,P0019,2023-11-27,133,501.0,128.53671,4.463287353515625
S002,P0019,2023-11-28,79,391.0,89.223946,-10.223945617675781
S002,P0019,2023-11-29,52,312.0,93.490944,-41.490943908691406
S002,P0019,2023-11-30,95,267.0,87.63445,7.365547180175781
S002,P0019,2023-12-01,145,595.0,83.425385,61.574615478515625
S002,P0019,2023-12-02,119,457.0,130.88211,-11.882110595703125
S002,P0019,2023-12-03,104,315.0,134.62016,-30.620162963867188
S002,P0019,2023-12-04,117,224.0,103.017944,13.9820556640625
S002,P0019,2023-12-05,170,738.0,110.54529,59.4547119140625
S002,P0019,2023-12-06,155,607.0,143.74124,11.258758544921875
S002,P0019,2023-12-07,110,432.0,102.11904,7.880958557128906
S002,P0019,2023-12-08,142,317.0,119.4024,22.59760284423828
S002,P0019,2023-12-09,161,894.0,116.31173,44.688270568847656
S002,P0019,2023-12-10,120,781.0,106.71502,13.284980773925781
S002,P0019,2023-12-11,84,652.0,114.17353,-30.17353057861328
S002,P0019,2023-12-12,174,565.0,142.41183,31.588165283203125
S002,P0019,2023-12-13,205,459.0,160.36757,44.63243103027344
S002,P0019,2023-12-14,43,331.0,114.95287,-71.95287322998047
S002,P0019,2023-12-15,129,290.0,118.81622,10.18377685546875
S002,P0019,2023-12-16,79,951.0,116.48493,-37.48493194580078
S002,P0019,2023-12-17,119,881.0,149.37042,-30.37042236328125
S002,P0019,2023-12-18,153,786.0,150.93134,2.06866455078125
S002,P0019,2023-12-19,81,680.0,111.42475,-30.42475128173828
S002,P0019,2023-12-20,43,631.0,113.490685,-70.49068450927734
S002,P0019,2023-12-21,129,601.0,145.01689,-16.016891479492188
S002,P0019,2023-12-22,117,459.0,110.49359,6.50640869140625
S002,P0019,2023-12-23,143,377.0,144.39952,-1.3995208740234375
S002,P0019,2023-12-24,87,279.0,109.46624,-22.46623992919922
S002,P0019,2023-12-25,126,197.0,113.90071,12.099288940429688
S002,P0019,2023-12-26,120,557.0,120.1389,-0.1389007568359375
S002,P0019,2023-12-27,243,420.0,177.99466,65.00534057617188
S002,P0019,2023-12-28,96,244.0,99.60076,-3.6007614135742188
S002,P0019,2023-12-29,149,137.0,109.977905,39.0220947265625
S002,P0019,2023-12-30,97,19.0,109.544235,-12.544235229492188
S002,P0019,2023-12-31,109,861.0,105.05337,3.9466323852539062
S002,P0019,2024-01-01,151,746.0,106.29363,44.70636749267578
S002,P0019,2024-01-02,127,628.0,103.14869,23.85131072998047
S002,P0019,2024-01-03,105,504.0,106.974365,-1.974365234375
S002,P0019,2024-01-04,164,412.0,109.784,54.21600341796875
S002,P0019,2024-01-05,130,239.0,134.34615,-4.3461456298828125
S002,P0019,2024-01-06,88,108.0,111.89477,-23.89476776123047
S002,P0019,2024-01-07,75,24.0,139.40508,-64.40507507324219
S002,P0019,2024-01-08,92,784.0,131.33365,-39.333648681640625
S002,P0019,2024-01-09,110,724.0,142.45879,-32.45878601074219
S002,P0019,2024-01-10,121,595.0,115.62582,5.374183654785156
S002,P0019,2024-01-11,88,480.0,97.46517,-9.465171813964844
S002,P0019,2024-01-12,182,420.0,122.13144,59.868560791015625
S002,P0019,2024-01-13,172,278.0,136.02963,35.970367431640625
S002,P0019,2024-01-14,110,77.0,119.774445,-9.774444580078125
S002,P0019,2024-01-15,98,0.0,104.08118,-6.0811767578125
S002,P0019,2024-01-16,82,641.0,110.929535,-28.929534912109375
S002,P0019,2024-01-17,89,562.0,107.02355,-18.02355194091797
S002,P0019,2024-01-18,137,491.0,141.09761,-4.0976104736328125
S002,P0019,2024-01-19,57,388.0,114.12979,-57.129791259765625
S002,P0019,2024-01-20,158,337.0,110.39391,47.60608673095703
S002,P0019,2024-01-21,57,218.0,107.06806,-50.06806182861328
S002,P0019,2024-01-22,173,645.0,145.8336,27.166397094726562
S002,P0019,2024-01-23,125,468.0,114.5268,10.473197937011719
S002,P0019,2024-01-24,176,380.0,154.78958,21.210418701171875
S002,P0019,2024-01-25,131,244.0,134.01076,-3.0107574462890625
S002,P0019,2024-01-26,146,820.0,158.05666,-12.056655883789062
S002,P0019,2024-01-27,79,671.0,103.429436,-24.42943572998047
S002,P0019,2024-01-28,117,578.0,111.401306,5.59869384765625
S002,P0019,2024-01-29,118,447.0,106.64456,11.355438232421875
S002,P0019,2024-01-30,118,339.0,108.10524,9.894760131835938
S002,P0020,2023-09-07,67,142.0,87.7266,-20.726600646972656
S002,P0020,2023-09-08,107,498.0,83.35928,23.640716552734375
S002,P0020,2023-09-09,90,403.0,99.51269,-9.512687683105469
S002,P0020,2023-09-10,119,348.0,98.28953,20.710472106933594
S002,P0020,2023-09-11,100,216.0,71.81173,28.188270568847656
S002,P0020,2023-09-12,81,111.0,80.20929,0.79071044921875
S002,P0020,2023-09-13,90,396.0,88.86237,1.1376266479492188
S002,P0020,2023-09-14,48,339.0,67.782936,-19.782936096191406
S002,P0020,2023-09-15,67,297.0,91.96797,-24.967971801757812
S002,P0020,2023-09-16,50,226.0,69.51059,-19.510589599609375
S002,P0020,2023-09-17,49,183.0,69.924545,-20.924545288085938
S002,P0020,2023-09-18,80,153.0,71.10499,8.895011901855469
S002,P0020,2023-09-19,89,101.0,69.57831,19.42169189453125
S002,P0020,2023-09-20,96,189.0,89.94202,6.0579833984375
S002,P0020,2023-09-21,70,98.0,73.417496,-3.4174957275390625
S002,P0020,2023-09-22,91,257.0,94.518364,-3.5183639526367188
S002,P0020,2023-09-23,155,165.0,82.14647,72.85353088378906
S002,P0020,2023-09-24,122,0.0,114.35393,7.6460723876953125
S002,P0020,2023-09-25,31,221.0,96.18827,-65.18827056884766
S002,P0020,2023-09-26,119,586.0,90.996,28.003997802734375
S002,P0020,2023-09-27,86,453.0,86.136734,-0.1367340087890625
S002,P0020,2023-09-28,66,368.0,74.34265,-8.3426513671875
S002,P0020,2023-09-29,83,310.0,80.9761,2.0239028930664062
S002,P0020,2023-09-30,62,257.0,72.24782,-10.247817993164062
S002,P0020,2023-10-01,65,198.0,67.9111,-2.911102294921875
S002,P0020,2023-10-02,96,145.0,77.88196,18.1180419921875
S002,P0020,2023-10-03,83,83.0,81.480965,1.5190353393554688
S002,P0020,2023-10-04,33,234.0,66.37766,-33.377662658691406
S002,P0020,2023-10-05,142,198.0,100.171326,41.82867431640625
S002,P0020,2023-10-06,100,28.0,104.875626,-4.8756256103515625
S002,P0020,2023-10-07,46,0.0,74.8142,-28.81420135498047
S002,P0020,2023-10-08,23,411.0,57.23114,-34.23114013671875
S002,P0020,2023-10-09,25,386.0,49.800613,-24.800613403320312
S002,P0020,2023-10-10,32,364.0,42.14804,-10.148040771484375
S002,P0020,2023-10-11,42,340.0,38.32697,3.6730308532714844
S002,P0020,2023-10-12,31,315.0,31.097725,-0.09772491455078125
S002,P0020,2023-10-13,47,282.0,40.223923,6.7760772705078125
S002,P0020,2023-10-14,31,242.0,32.354374,-1.3543739318847656
S002,P0020,2023-10-15,32,220.0,34.827915,-2.8279151916503906
S002,P0020,2023-10-16,17,188.0,38.539555,-21.539554595947266
S002,P0020,2023-10-17,23,170.0,36.46556,-13.465560913085938
S002,P0020,2023-10-18,56,153.0,46.756187,9.243812561035156
S002,P0020,2023-10-19,43,113.0,35.604702,7.395298004150391
S002,P0020,2023-10-20,46,76.0,35.066154,10.933845520019531
S002,P0020,2023-10-21,53,186.0,48.873905,4.126094818115234
S002,P0020,2023-10-22,54,124.0,39.208633,14.791366577148438
S002,P0020,2023-10-23,85,72.0,47.311855,37.68814468383789
S002,P0020,2023-10-24,56,167.0,40.95939,15.040611267089844
S002,P0020,2023-10-25,92,120.0,91.78065,0.21935272216796875
S002,P0020,2023-10-26,70,291.0,85.7872,-15.787200927734375
S002,P0020,2023-10-27,127,246.0,108.37238,18.62761688232422
S002,P0020,2023-10-28,27,145.0,69.45217,-42.452171325683594
S002,P0020,2023-10-29,75,114.0,71.41517,3.5848312377929688
S002,P0020,2023-10-30,34,482.0,61.045036,-27.04503631591797
S002,P0020,2023-10-31,56,448.0,63.9292,-7.92919921875
S002,P0020,2023-11-01,78,383.0,62.724293,15.275707244873047
S002,P0020,2023-11-02,99,317.0,94.72177,4.278228759765625
S002,P0020,2023-11-03,57,209.0,88.84004,-31.840042114257812
S002,P0020,2023-11-04,54,144.0,67.3365,-13.336502075195312
S002,P0020,2023-11-05,83,359.0,77.261955,5.738044738769531
S002,P0020,2023-11-06,108,287.0,78.41824,29.581756591796875
S002,P0020,2023-11-07,91,171.0,74.7709,16.229103088378906
S002,P0020,2023-11-08,81,93.0,72.7205,8.279502868652344
S002,P0020,2023-11-09,59,328.0,66.86557,-7.865570068359375
S002,P0020,2023-11-10,101,273.0,90.12396,10.87603759765625
S002,P0020,2023-11-11,57,159.0,71.6463,-14.64630126953125
S002,P0020,2023-11-12,28,109.0,65.756134,-37.756134033203125
S002,P0020,2023-11-13,105,337.0,82.65716,22.34284210205078
S002,P0020,2023-11-14,89,253.0,75.68875,13.311248779296875
S002,P0020,2023-11-15,102,156.0,98.68667,3.3133316040039062
S002,P0020,2023-11-16,75,363.0,68.103676,6.896324157714844
S002,P0020,2023-11-17,42,303.0,83.23824,-41.238243103027344
S002,P0020,2023-11-18,115,270.0,78.15833,36.84166717529297
S002,P0020,2023-11-19,14,158.0,67.74769,-53.74768829345703
S002,P0020,2023-11-20,66,144.0,71.75515,-5.755149841308594
S002,P0020,2023-11-21,52,397.0,81.689545,-29.689544677734375
S002,P0020,2023-11-22,50,338.0,64.85177,-14.851768493652344
S002,P0020,2023-11-23,73,306.0,69.183174,3.8168258666992188
S002,P0020,2023-11-24,33,261.0,67.8358,-34.83580017089844
S002,P0020,2023-11-25,104,239.0,91.2736,12.726402282714844
S002,P0020,2023-11-26,77,150.0,88.41343,-11.413429260253906
S002,P0020,2023-11-27,66,71.0,86.640366,-20.640365600585938
S002,P0020,2023-11-28,38,299.0,81.175514,-43.175514221191406
S002,P0020,2023-11-29,71,258.0,66.56786,4.432136535644531
S002,P0020,2023-11-30,71,205.0,69.55081,1.449188232421875
S002,P0020,2023-12-01,58,140.0,67.6836,-9.683601379394531
S002,P0020,2023-12-02,90,297.0,86.33004,3.6699600219726562
S002,P0020,2023-12-03,43,214.0,67.019615,-24.019615173339844
S002,P0020,2023-12-04,62,186.0,85.25523,-23.255233764648438
S002,P0020,2023-12-05,54,397.0,84.35719,-30.357192993164062
S002,P0020,2023-12-06,52,351.0,80.97847,-28.978469848632812
S002,P0020,2023-12-07,36,302.0,65.003494,-29.003494262695312
S002,P0020,2023-12-08,92,271.0,91.79312,0.206878662109375
S002,P0020,2023-12-09,88,184.0,86.46338,1.53662109375
S002,P0020,2023-12-10,48,124.0,66.37682,-18.37682342529297
S002,P0020,2023-12-11,140,313.0,103.88242,36.117576599121094
S002,P0020,2023-12-12,71,179.0,71.3767,-0.37670135498046875
S002,P0020,2023-12-13,73,102.0,70.99324,2.0067596435546875
S002,P0020,2023-12-14,76,444.0,79.83493,-3.834930419921875
S002,P0020,2023-12-15,76,384.0,79.74582,-3.745819091796875
S002,P0020,2023-12-16,34,297.0,65.76111,-31.7611083984375
S002,P0020,2023-12-17,51,259.0,69.31516,-18.315162658691406
S002,P0020,2023-12-18,129,208.0,97.92929,31.070709228515625
S002,P0020,2023-12-19,47,115.0,68.51411,-21.51410675048828
S002,P0020,2023-12-20,87,81.0,73.98296,13.017036437988281
S002,P0020,2023-12-21,82,416.0,71.09556,10.904441833496094
S002,P0020,2023-12-22,134,318.0,108.82114,25.178863525390625
S002,P0020,2023-12-23,110,163.0,100.91411,9.085891723632812
S002,P0020,2023-12-24,82,35.0,76.06091,5.9390869140625
S002,P0020,2023-12-25,110,329.0,88.86515,21.134849548339844
S002,P0020,2023-12-26,130,225.0,76.90039,53.099609375
S002,P0020,2023-12-27,34,87.0,81.96847,-47.968467712402344
S002,P0020,2023-12-28,33,389.0,63.140114,-30.140113830566406
S002,P0020,2023-12-29,44,353.0,48.40875,-4.408748626708984
S002,P0020,2023-12-30,50,316.0,45.646698,4.353302001953125
S002,P0020,2023-12-31,26,282.0,39.868446,-13.868446350097656
S002,P0020,2024-01-01,55,258.0,31.726068,23.2739315032959
S002,P0020,2024-01-02,44,219.0,33.917088,10.08291244506836
S002,P0020,2024-01-03,40,184.0,25.15072,14.849279403686523
S002,P0020,2024-01-04,37,145.0,26.627737,10.372262954711914
S002,P0020,2024-01-05,33,115.0,31.053785,1.9462146759033203
S002,P0020,2024-01-06,49,85.0,30.625875,18.37412452697754
S002,P0020,2024-01-07,31,137.0,25.953506,5.0464935302734375
S002,P0020,2024-01-08,42,111.0,41.6913,0.3087005615234375
S002,P0020,2024-01-09,90,226.0,73.89051,16.10948944091797
S002,P0020,2024-01-10,49,130.0,73.965965,-24.965965270996094
S002,P0020,2024-01-11,90,98.0,77.77716,12.22283935546875
S002,P0020,2024-01-12,77,292.0,76.764366,0.23563385009765625
S002,P0020,2024-01-13,88,236.0,75.470825,12.5291748046875
S002,P0020,2024-01-14,89,163.0,93.7624,-4.762397766113281
S002,P0020,2024-01-15,59,107.0,73.47237,-14.472366333007812
S002,P0020,2024-01-16,66,269.0,73.09789,-7.097892761230469
S002,P0020,2024-01-17,63,209.0,74.232155,-11.232154846191406
S002,P0020,2024-01-18,85,167.0,95.87525,-10.875251770019531
S002,P0020,2024-01-19,44,87.0,78.11813,-34.118133544921875
S002,P0020,2024-01-20,92,195.0,74.8785,17.121498107910156
S002,P0020,2024-01-21,20,106.0,72.68244,-52.68244171142578
S002,P0020,2024-01-22,106,82.0,99.499825,6.500175476074219
S002,P0020,2024-01-23,39,235.0,67.10659,-28.106590270996094
S002,P0020,2024-01-24,49,189.0,81.69198,-32.691978454589844
S002,P0020,2024-01-25,56,396.0,67.77468,-11.774681091308594
S002,P0020,2024-01-26,119,344.0,86.510704,32.489295959472656
S002,P0020,2024-01-27,72,256.0,74.65589,-2.6558914184570312
S002,P0020,2024-01-28,134,177.0,103.399826,30.600173950195312
S002,P0020,2024-01-29,43,383.0,68.59975,-25.599746704101562
S002,P0020,2024-01-30,82,332.0,79.411354,2.5886459350585938
S003,P0001,2023-09-07,58,310.0,89.02353,-31.023529052734375
S003,P0001,2023-09-08,88,247.0,89.63313,-1.6331329345703125
S003,P0001,2023-09-09,93,164.0,85.27415,7.725852966308594
S003,P0001,2023-09-10,54,66.0,76.086235,-22.08623504638672
S003,P0001,2023-09-11,142,178.0,111.07138,30.928619384765625
S003,P0001,2023-09-12,102,58.0,87.072754,14.92724609375
S003,P0001,2023-09-13,48,339.0,92.419235,-44.41923522949219
S003,P0001,2023-09-14,92,297.0,103.02972,-11.029716491699219
S003,P0001,2023-09-15,159,205.0,108.691154,50.30884552001953
S003,P0001,2023-09-16,121,47.0,95.43413,25.565872192382812
S003,P0001,2023-09-17,126,370.0,92.96584,33.034156799316406
S003,P0001,2023-09-18,38,288.0,81.665985,-43.665985107421875
S003,P0001,2023-09-19,157,246.0,115.46853,41.531471252441406
S003,P0001,2023-09-20,110,96.0,82.52576,27.4742431640625
S003,P0001,2023-09-21,69,356.0,79.0904,-10.090400695800781
S003,P0001,2023-09-22,124,282.0,80.093285,43.906715393066406
S003,P0001,2023-09-23,108,149.0,81.54453,26.455467224121094
S003,P0001,2023-09-24,82,303.0,104.35814,-22.358139038085938
S003,P0001,2023-09-25,63,216.0,87.556564,-24.556564331054688
S003,P0001,2023-09-26,105,167.0,93.76011,11.239891052246094
S003,P0001,2023-09-27,62,92.0,71.54928,-9.549278259277344
S003,P0001,2023-09-28,121,230.0,108.78051,12.219490051269531
S003,P0001,2023-09-29,46,139.0,80.08614,-34.086143493652344
S003,P0001,2023-09-30,81,366.0,93.129715,-12.129714965820312
S003,P0001,2023-10-01,84,302.0,109.743355,-25.74335479736328
S003,P0001,2023-10-02,55,204.0,93.994934,-38.99493408203125
S003,P0001,2023-10-03,117,139.0,90.81256,26.18743896484375
S003,P0001,2023-10-04,92,65.0,91.804665,0.19533538818359375
S003,P0001,2023-10-05,61,291.0,75.86953,-14.869529724121094
S003,P0001,2023-10-06,102,221.0,89.68069,12.319313049316406
S003,P0001,2023-10-07,19,154.0,63.599277,-44.59927749633789
S003,P0001,2023-10-08,32,309.0,54.231613,-22.231613159179688
S003,P0001,2023-10-09,13,274.0,63.320084,-50.32008361816406
S003,P0001,2023-10-10,15,265.0,32.206615,-17.206615447998047
S003,P0001,2023-10-11,33,252.0,21.90745,11.092550277709961
S003,P0001,2023-10-12,36,219.0,23.417114,12.5828857421875
S003,P0001,2023-10-13,39,176.0,22.371897,16.628103256225586
S003,P0001,2023-10-14,18,137.0,19.829899,-1.8298988342285156
S003,P0001,2023-10-15,35,124.0,26.65921,8.340789794921875
S003,P0001,2023-10-16,18,92.0,24.381813,-6.381813049316406
S003,P0001,2023-10-17,66,72.0,30.219612,35.78038787841797
S003,P0001,2023-10-18,27,32.0,14.909994,12.090005874633789
S003,P0001,2023-10-19,49,146.0,25.677828,23.322172164916992
S003,P0001,2023-10-20,38,98.0,29.779354,8.220645904541016
S003,P0001,2023-10-21,27,55.0,20.616505,6.383495330810547
S003,P0001,2023-10-22,34,115.0,22.512466,11.487533569335938
S003,P0001,2023-10-23,27,93.0,16.227278,10.772722244262695
S003,P0001,2023-10-24,11,65.0,16.062449,-5.062448501586914
S003,P0001,2023-10-25,180,112.0,96.61855,83.3814468383789
S003,P0001,2023-10-26,180,0.0,94.524956,85.47504425048828
S003,P0001,2023-10-27,112,342.0,100.20593,11.7940673828125
S003,P0001,2023-10-28,71,611.0,85.699776,-14.699775695800781
S003,P0001,2023-10-29,88,529.0,87.7111,0.28890228271484375
S003,P0001,2023-10-30,117,438.0,88.85994,28.140060424804688
S003,P0001,2023-10-31,111,306.0,89.51218,21.487823486328125
S003,P0001,2023-11-01,93,208.0,106.169914,-13.169914245605469
S003,P0001,2023-11-02,103,146.0,83.72357,19.27642822265625
S003,P0001,2023-11-03,161,218.0,106.678116,54.32188415527344
S003,P0001,2023-11-04,40,100.0,63.923332,-23.92333221435547
S003,P0001,2023-11-05,113,328.0,92.38383,20.616172790527344
S003,P0001,2023-11-06,96,239.0,88.17032,7.829681396484375
S003,P0001,2023-11-07,108,170.0,102.9943,5.005699157714844
S003,P0001,2023-11-08,117,50.0,110.5938,6.406196594238281
S003,P0001,2023-11-09,83,193.0,83.6354,-0.6353988647460938
S003,P0001,2023-11-10,76,301.0,82.50477,-6.504768371582031
S003,P0001,2023-11-11,47,235.0,70.02277,-23.02277374267578
S003,P0001,2023-11-12,150,202.0,107.95364,42.046356201171875
S003,P0001,2023-11-13,100,75.0,94.134544,5.865455627441406
S003,P0001,2023-11-14,80,310.0,85.11701,-5.117012023925781
S003,P0001,2023-11-15,129,241.0,86.83324,42.16676330566406
S003,P0001,2023-11-16,108,156.0,97.73391,10.266090393066406
S003,P0001,2023-11-17,73,340.0,89.670685,-16.670684814453125
S003,P0001,2023-11-18,135,279.0,113.6157,21.384300231933594
S003,P0001,2023-11-19,116,188.0,84.240814,31.759185791015625
S003,P0001,2023-11-20,119,277.0,107.51441,11.485588073730469
S003,P0001,2023-11-21,132,160.0,85.24903,46.75096893310547
S003,P0001,2023-11-22,34,322.0,74.4447,-40.4447021484375
S003,P0001,2023-11-23,64,288.0,73.41794,-9.417938232421875
S003,P0001,2023-11-24,135,235.0,88.939316,46.06068420410156
S003,P0001,2023-11-25,91,84.0,84.91759,6.0824127197265625
S003,P0001,2023-11-26,104,231.0,114.89856,-10.8985595703125
S003,P0001,2023-11-27,64,109.0,71.6357,-7.6356964111328125
S003,P0001,2023-11-28,66,280.0,90.77427,-24.774269104003906
S003,P0001,2023-11-29,80,227.0,89.02664,-9.026641845703125
S003,P0001,2023-11-30,122,134.0,88.94787,33.05213165283203
S003,P0001,2023-12-01,156,0.0,73.65002,82.34998321533203
S003,P0001,2023-12-02,177,261.0,114.74822,62.25177764892578
S003,P0001,2023-12-03,131,456.0,89.55016,41.44983673095703
S003,P0001,2023-12-04,126,373.0,126.971016,-0.9710159301757812
S003,P0001,2023-12-05,88,290.0,95.27133,-7.271331787109375
S003,P0001,2023-12-06,64,212.0,89.85153,-25.851531982421875
S003,P0001,2023-12-07,51,166.0,84.550415,-33.5504150390625
S003,P0001,2023-12-08,127,126.0,122.52441,4.475593566894531
S003,P0001,2023-12-09,95,0.0,86.177605,8.822395324707031
S003,P0001,2023-12-10,105,278.0,103.96438,1.0356216430664062
S003,P0001,2023-12-11,103,168.0,90.87361,12.126388549804688
S003,P0001,2023-12-12,147,45.0,120.013664,26.98633575439453
S003,P0001,2023-12-13,57,242.0,77.43562,-20.435623168945312
S003,P0001,2023-12-14,74,505.0,93.639,-19.638999938964844
S003,P0001,2023-12-15,137,434.0,111.77275,25.227249145507812
S003,P0001,2023-12-16,108,320.0,91.24342,16.756576538085938
S003,P0001,2023-12-17,53,195.0,87.554344,-34.554344177246094
S003,P0001,2023-12-18,68,157.0,81.65316,-13.653160095214844
S003,P0001,2023-12-19,112,93.0,90.21884,21.781158447265625
S003,P0001,2023-12-20,117,127.0,89.21225,27.787750244140625
S003,P0001,2023-12-21,151,313.0,90.57783,60.42217254638672
S003,P0001,2023-12-22,55,134.0,82.606125,-27.606124877929688
S003,P0001,2023-12-23,115,406.0,94.7559,20.244102478027344
S003,P0001,2023-12-24,163,328.0,116.85924,46.14076232910156
S003,P0001,2023-12-25,103,171.0,108.424355,-5.424354553222656
S003,P0001,2023-12-26,175,428.0,121.932175,53.06782531738281
S003,P0001,2023-12-27,11,219.0,107.42581,-96.42581176757812
S003,P0001,2023-12-28,41,208.0,61.13312,-20.133121490478516
S003,P0001,2023-12-29,30,183.0,70.28463,-40.284629821777344
S003,P0001,2023-12-30,47,163.0,51.726562,-4.7265625
S003,P0001,2023-12-31,11,130.0,58.264553,-47.26455307006836
S003,P0001,2024-01-01,31,121.0,4.1756554,26.824344635009766
S003,P0001,2024-01-02,42,98.0,2.3241386,39.67586135864258
S003,P0001,2024-01-03,22,59.0,25.34938,-3.3493804931640625
S003,P0001,2024-01-04,36,141.0,9.390829,26.60917091369629
S003,P0001,2024-01-05,34,107.0,15.514701,18.485299110412598
S003,P0001,2024-01-06,95,70.0,23.173798,71.82620239257812
S003,P0001,2024-01-07,8,56.0,35.22746,-27.227458953857422
S003,P0001,2024-01-08,23,238.0,18.505068,4.494932174682617
S003,P0001,2024-01-09,109,224.0,94.21461,14.785392761230469
S003,P0001,2024-01-10,88,148.0,92.88517,-4.885169982910156
S003,P0001,2024-01-11,164,255.0,104.97026,59.02973937988281
S003,P0001,2024-01-12,161,146.0,91.29023,69.70977020263672
S003,P0001,2024-01-13,151,371.0,104.83324,46.16676330566406
S003,P0001,2024-01-14,126,228.0,85.55398,40.446022033691406
S003,P0001,2024-01-15,101,89.0,86.57439,14.425613403320312
S003,P0001,2024-01-16,91,229.0,92.62039,-1.620391845703125
S003,P0001,2024-01-17,94,125.0,92.43909,1.5609130859375
S003,P0001,2024-01-18,66,62.0,92.60482,-26.604820251464844
S003,P0001,2024-01-19,115,197.0,105.39372,9.606277465820312
S003,P0001,2024-01-20,45,122.0,78.652664,-33.65266418457031
S003,P0001,2024-01-21,52,349.0,103.880684,-51.88068389892578
S003,P0001,2024-01-22,119,289.0,99.68407,19.315933227539062
S003,P0001,2024-01-23,89,169.0,87.58094,1.4190597534179688
S003,P0001,2024-01-24,64,105.0,92.03058,-28.03057861328125
S003,P0001,2024-01-25,73,192.0,83.72136,-10.721359252929688
S003,P0001,2024-01-26,81,115.0,82.98864,-1.9886398315429688
S003,P0001,2024-01-27,125,208.0,93.4739,31.526100158691406
S003,P0001,2024-01-28,103,116.0,90.5315,12.468498229980469
S003,P0001,2024-01-29,55,244.0,83.67088,-28.670883178710938
S003,P0001,2024-01-30,58,207.0,88.97571,-30.9757080078125
S003,P0002,2023-09-07,123,323.0,107.44565,15.554351806640625
S003,P0002,2023-09-08,112,180.0,108.03402,3.9659805297851562
S003,P0002,2023-09-09,111,59.0,105.108574,5.891426086425781
S003,P0002,2023-09-10,91,412.0,122.781784,-31.781784057617188
S003,P0002,2023-09-11,137,316.0,99.36486,37.63513946533203
S003,P0002,2023-09-12,39,177.0,111.06431,-72.0643081665039
S003,P0002,2023-09-13,89,130.0,103.0706,-14.070602416992188
S003,P0002,2023-09-14,202,508.0,104.62357,97.37642669677734
S003,P0002,2023-09-15,219,379.0,129.52657,89.47343444824219
S003,P0002,2023-09-16,98,151.0,97.29155,0.7084503173828125
S003,P0002,2023-09-17,123,712.0,118.42987,4.57012939453125
S003,P0002,2023-09-18,90,616.0,94.002304,-4.0023040771484375
S003,P0002,2023-09-19,99,538.0,98.66752,0.33248138427734375
S003,P0002,2023-09-20,84,434.0,109.64905,-25.6490478515625
S003,P0002,2023-09-21,160,340.0,99.33653,60.66346740722656
S003,P0002,2023-09-22,125,228.0,92.976524,32.023475646972656
S003,P0002,2023-09-23,72,90.0,88.41963,-16.419631958007812
S003,P0002,2023-09-24,138,578.0,117.77478,20.2252197265625
S003,P0002,2023-09-25,169,437.0,95.4093,73.5906982421875
S003,P0002,2023-09-26,90,247.0,92.72981,-2.7298126220703125
S003,P0002,2023-09-27,140,188.0,120.91393,19.08606719970703
S003,P0002,2023-09-28,158,598.0,99.6075,58.39250183105469
S003,P0002,2023-09-29,60,470.0,95.841675,-35.8416748046875
S003,P0002,2023-09-30,122,432.0,98.99792,23.00208282470703
S003,P0002,2023-10-01,189,350.0,114.261696,74.7383041381836
S003,P0002,2023-10-02,113,206.0,105.44434,7.555656433105469
S003,P0002,2023-10-03,114,520.0,127.3001,-13.300102233886719
S003,P0002,2023-10-04,143,436.0,137.99593,5.0040740966796875
S003,P0002,2023-10-05,175,312.0,145.62033,29.379669189453125
S003,P0002,2023-10-06,112,202.0,100.58164,11.418357849121094
S003,P0002,2023-10-07,62,548.0,72.41938,-10.419380187988281
S003,P0002,2023-10-08,113,497.0,100.11284,12.887161254882812
S003,P0002,2023-10-09,88,387.0,72.037186,15.962814331054688
S003,P0002,2023-10-10,82,308.0,77.76616,4.2338409423828125
S003,P0002,2023-10-11,65,258.0,77.95489,-12.954887390136719
S003,P0002,2023-10-12,78,215.0,72.963936,5.036064147949219
S003,P0002,2023-10-13,91,358.0,80.50547,10.494529724121094
S003,P0002,2023-10-14,100,285.0,88.90858,11.091423034667969
S003,P0002,2023-10-15,92,191.0,79.25237,12.747627258300781
S003,P0002,2023-10-16,75,89.0,75.95382,-0.9538192749023438
S003,P0002,2023-10-17,132,294.0,94.87181,37.12818908691406
S003,P0002,2023-10-18,89,161.0,107.087555,-18.087554931640625
S003,P0002,2023-10-19,57,95.0,76.347466,-19.34746551513672
S003,P0002,2023-10-20,97,403.0,75.70325,21.2967529296875
S003,P0002,2023-10-21,44,312.0,80.42122,-36.42121887207031
S003,P0002,2023-10-22,59,264.0,75.82096,-16.820960998535156
S003,P0002,2023-10-23,79,229.0,94.64683,-15.646827697753906
S003,P0002,2023-10-24,58,157.0,75.22627,-17.226272583007812
S003,P0002,2023-10-25,172,106.0,108.667946,63.332054138183594
S003,P0002,2023-10-26,131,280.0,121.288086,9.7119140625
S003,P0002,2023-10-27,94,135.0,90.594185,3.4058151245117188
S003,P0002,2023-10-28,104,525.0,90.50191,13.498092651367188
S003,P0002,2023-10-29,149,434.0,90.77972,58.22028350830078
S003,P0002,2023-10-30,103,317.0,84.10212,18.89788055419922
S003,P0002,2023-10-31,157,253.0,90.23323,66.76676940917969
S003,P0002,2023-11-01,78,499.0,80.1545,-2.1545028686523438
S003,P0002,2023-11-02,131,413.0,95.050896,35.94910430908203
S003,P0002,2023-11-03,100,286.0,128.27916,-28.279159545898438
S003,P0002,2023-11-04,112,225.0,86.71218,25.287818908691406
S003,P0002,2023-11-05,141,560.0,105.146255,35.85374450683594
S003,P0002,2023-11-06,100,459.0,86.307014,13.692985534667969
S003,P0002,2023-11-07,98,393.0,110.76826,-12.768257141113281
S003,P0002,2023-11-08,65,292.0,116.943214,-51.943214416503906
S003,P0002,2023-11-09,156,215.0,95.52331,60.47669219970703
S003,P0002,2023-11-10,198,69.0,124.001816,73.99818420410156
S003,P0002,2023-11-11,132,0.0,115.015495,16.98450469970703
S003,P0002,2023-11-12,212,417.0,133.94774,78.05226135253906
S003,P0002,2023-11-13,87,959.0,81.4193,5.5807037353515625
S003,P0002,2023-11-14,131,861.0,96.12725,34.87274932861328
S003,P0002,2023-11-15,230,725.0,142.4708,87.52920532226562
S003,P0002,2023-11-16,67,450.0,92.34081,-25.34081268310547
S003,P0002,2023-11-17,137,401.0,111.72625,25.27375030517578
S003,P0002,2023-11-18,28,1112.0,150.8474,-122.84739685058594
S003,P0002,2023-11-19,94,1091.0,96.54356,-2.5435562133789062
S003,P0002,2023-11-20,156,1035.0,137.86626,18.133743286132812
S003,P0002,2023-11-21,75,876.0,78.31205,-3.3120498657226562
S003,P0002,2023-11-22,183,829.0,115.889084,67.11091613769531
S003,P0002,2023-11-23,98,686.0,97.60576,0.3942413330078125
S003,P0002,2023-11-24,75,598.0,89.1794,-14.179397583007812
S003,P0002,2023-11-25,152,553.0,134.71071,17.289291381835938
S003,P0002,2023-11-26,89,453.0,92.11092,-3.1109237670898438
S003,P0002,2023-11-27,62,395.0,84.08212,-22.082122802734375
S003,P0002,2023-11-28,100,358.0,92.17659,7.8234100341796875
S003,P0002,2023-11-29,148,274.0,100.44315,47.556846618652344
S003,P0002,2023-11-30,77,185.0,85.85782,-8.857818603515625
S003,P0002,2023-12-01,133,428.0,113.53667,19.463333129882812
S003,P0002,2023-12-02,126,329.0,103.702415,22.297584533691406
S003,P0002,2023-12-03,129,246.0,106.45492,22.545082092285156
S003,P0002,2023-12-04,162,579.0,139.50938,22.490615844726562
S003,P0002,2023-12-05,120,458.0,109.51063,10.489372253417969
S003,P0002,2023-12-06,128,376.0,114.187485,13.812515258789062
S003,P0002,2023-12-07,105,240.0,98.13488,6.865119934082031
S003,P0002,2023-12-08,20,150.0,119.69764,-99.69763946533203
S003,P0002,2023-12-09,102,456.0,101.82588,0.1741180419921875
S003,P0002,2023-12-10,125,362.0,92.22698,32.77301788330078
S003,P0002,2023-12-11,96,234.0,91.504196,4.4958038330078125
S003,P0002,2023-12-12,242,151.0,145.69899,96.30101013183594
S003,P0002,2023-12-13,210,423.0,119.723854,90.2761459350586
S003,P0002,2023-12-14,79,284.0,93.71261,-14.712608337402344
S003,P0002,2023-12-15,118,963.0,115.075775,2.924224853515625
S003,P0002,2023-12-16,138,855.0,124.26969,13.730308532714844
S003,P0002,2023-12-17,154,737.0,124.0988,29.901199340820312
S003,P0002,2023-12-18,184,565.0,110.750626,73.24937438964844
S003,P0002,2023-12-19,107,366.0,87.31947,19.680526733398438
S003,P0002,2023-12-20,167,276.0,121.136856,45.86314392089844
S003,P0002,2023-12-21,221,534.0,141.48953,79.51046752929688
S003,P0002,2023-12-22,119,366.0,133.26616,-14.266159057617188
S003,P0002,2023-12-23,74,272.0,134.86607,-60.86607360839844
S003,P0002,2023-12-24,138,761.0,137.34486,0.6551361083984375
S003,P0002,2023-12-25,26,615.0,118.23575,-92.23574829101562
S003,P0002,2023-12-26,48,595.0,102.56322,-54.56321716308594
S003,P0002,2023-12-27,157,539.0,120.77161,36.2283935546875
S003,P0002,2023-12-28,88,439.0,93.86793,-5.867927551269531
S003,P0002,2023-12-29,69,380.0,72.628006,-3.6280059814453125
S003,P0002,2023-12-30,101,817.0,74.277336,26.72266387939453
S003,P0002,2023-12-31,53,745.0,70.15073,-17.150726318359375
S003,P0002,2024-01-01,115,701.0,74.52232,40.47767639160156
S003,P0002,2024-01-02,68,608.0,68.06486,-0.06485748291015625
S003,P0002,2024-01-03,141,540.0,83.57969,57.420310974121094
S003,P0002,2024-01-04,69,449.0,65.479355,3.5206451416015625
S003,P0002,2024-01-05,60,387.0,58.825108,1.1748924255371094
S003,P0002,2024-01-06,83,323.0,53.39816,29.60184097290039
S003,P0002,2024-01-07,39,261.0,90.84708,-51.847076416015625
S003,P0002,2024-01-08,96,227.0,58.09812,37.901878356933594
S003,P0002,2024-01-09,90,384.0,89.25236,0.7476425170898438
S003,P0002,2024-01-10,92,315.0,84.3849,7.6150970458984375
S003,P0002,2024-01-11,130,251.0,79.58418,50.41581726074219
S003,P0002,2024-01-12,140,95.0,91.75897,48.24102783203125
S003,P0002,2024-01-13,108,274.0,85.310295,22.68970489501953
S003,P0002,2024-01-14,153,182.0,90.84572,62.15428161621094
S003,P0002,2024-01-15,75,442.0,123.53698,-48.53697967529297
S003,P0002,2024-01-16,151,382.0,112.91893,38.08106994628906
S003,P0002,2024-01-17,63,262.0,96.16873,-33.168731689453125
S003,P0002,2024-01-18,80,202.0,89.86397,-9.863967895507812
S003,P0002,2024-01-19,61,619.0,89.56299,-28.56298828125
S003,P0002,2024-01-20,118,558.0,105.76735,12.232650756835938
S003,P0002,2024-01-21,62,417.0,86.14088,-24.14087677001953
S003,P0002,2024-01-22,100,370.0,82.15463,17.845367431640625
S003,P0002,2024-01-23,94,267.0,85.53842,8.461578369140625
S003,P0002,2024-01-24,126,200.0,109.505135,16.49486541748047
S003,P0002,2024-01-25,73,380.0,98.969345,-25.969345092773438
S003,P0002,2024-01-26,57,299.0,125.34901,-68.34900665283203
S003,P0002,2024-01-27,112,253.0,108.85062,3.149383544921875
S003,P0002,2024-01-28,111,186.0,83.51346,27.486541748046875
S003,P0002,2024-01-29,116,93.0,83.69111,32.30889129638672
S003,P0002,2024-01-30,112,327.0,89.68453,22.315467834472656
S003,P0003,2023-09-07,125,92.0,139.6843,-14.684295654296875
S003,P0003,2023-09-08,117,152.0,114.771904,2.2280960083007812
S003,P0003,2023-09-09,75,202.0,143.95724,-68.95724487304688
S003,P0003,2023-09-10,187,139.0,158.74644,28.253555297851562
S003,P0003,2023-09-11,83,191.0,140.09874,-57.09873962402344
S003,P0003,2023-09-12,119,107.0,116.39489,2.6051101684570312
S003,P0003,2023-09-13,157,139.0,154.52045,2.47955322265625
S003,P0003,2023-09-14,101,140.0,104.21624,-3.2162399291992188
S003,P0003,2023-09-15,61,145.0,114.18369,-53.183692932128906
S003,P0003,2023-09-16,106,77.0,108.017,-2.016998291015625
S003,P0003,2023-09-17,104,101.0,111.37792,-7.377922058105469
S003,P0003,2023-09-18,119,83.0,139.40279,-20.402786254882812
S003,P0003,2023-09-19,103,138.0,108.86938,-5.869377136230469
S003,P0003,2023-09-20,142,142.0,116.49716,25.502838134765625
S003,P0003,2023-09-21,114,130.0,109.56446,4.435539245605469
S003,P0003,2023-09-22,12,114.0,104.92941,-92.92941284179688
S003,P0003,2023-09-23,174,105.0,142.004,31.996002197265625
S003,P0003,2023-09-24,40,184.0,107.8756,-67.87560272216797
S003,P0003,2023-09-25,86,156.0,93.60321,-7.60321044921875
S003,P0003,2023-09-26,104,201.0,94.5704,9.429603576660156
S003,P0003,2023-09-27,94,96.0,92.370636,1.629364013671875
S003,P0003,2023-09-28,91,105.0,86.54138,4.4586181640625
S003,P0003,2023-09-29,137,76.0,99.20434,37.79566192626953
S003,P0003,2023-09-30,175,114.0,106.37395,68.62605285644531
S003,P0003,2023-10-01,146,179.0,104.630844,41.36915588378906
S003,P0003,2023-10-02,99,251.0,139.44687,-40.446868896484375
S003,P0003,2023-10-03,80,144.0,103.49766,-23.497657775878906
S003,P0003,2023-10-04,146,159.0,100.53848,45.461517333984375
S003,P0003,2023-10-05,122,171.0,138.09734,-16.097335815429688
S003,P0003,2023-10-06,177,194.0,147.8537,29.14630126953125
S003,P0003,2023-10-07,44,176.0,102.533844,-58.533843994140625
S003,P0003,2023-10-08,53,147.0,97.73243,-44.73242950439453
S003,P0003,2023-10-09,94,103.0,128.75008,-34.75007629394531
S003,P0003,2023-10-10,41,127.0,94.43509,-53.435089111328125
S003,P0003,2023-10-11,58,90.0,122.63026,-64.63025665283203
S003,P0003,2023-10-12,43,109.0,84.87418,-41.874183654785156
S003,P0003,2023-10-13,33,109.0,69.548325,-36.54832458496094
S003,P0003,2023-10-14,60,122.0,53.69204,6.307960510253906
S003,P0003,2023-10-15,65,110.0,54.57226,10.427738189697266
S003,P0003,2023-10-16,44,118.0,58.27704,-14.27703857421875
S003,P0003,2023-10-17,48,129.0,62.62412,-14.62411880493164
S003,P0003,2023-10-18,98,81.0,61.56831,36.43169021606445
S003,P0003,2023-10-19,75,80.0,68.25653,6.74346923828125
S003,P0003,2023-10-20,57,79.0,46.93468,10.065319061279297
S003,P0003,2023-10-21,40,83.0,59.44825,-19.44824981689453
S003,P0003,2023-10-22,58,109.0,48.746235,9.253765106201172
S003,P0003,2023-10-23,117,106.0,67.20685,49.79315185546875
S003,P0003,2023-10-24,50,115.0,63.76066,-13.760658264160156
S003,P0003,2023-10-25,191,113.0,83.89594,107.10405731201172
S003,P0003,2023-10-26,151,180.0,75.42717,75.57283020019531
S003,P0003,2023-10-27,143,139.0,88.339806,54.660194396972656
S003,P0003,2023-10-28,122,162.0,100.55557,21.444427490234375
S003,P0003,2023-10-29,132,198.0,93.88666,38.11334228515625
S003,P0003,2023-10-30,80,209.0,92.49067,-12.490669250488281
S003,P0003,2023-10-31,122,121.0,84.259514,37.74048614501953
S003,P0003,2023-11-01,137,133.0,102.0691,34.93090057373047
S003,P0003,2023-11-02,164,123.0,104.259766,59.740234375
S003,P0003,2023-11-03,126,159.0,101.24937,24.750633239746094
S003,P0003,2023-11-04,166,145.0,104.271515,61.728485107421875
S003,P0003,2023-11-05,127,185.0,105.45361,21.54638671875
S003,P0003,2023-11-06,141,166.0,144.26329,-3.2632904052734375
S003,P0003,2023-11-07,167,175.0,113.460175,53.539825439453125
S003,P0003,2023-11-08,167,239.0,151.0772,15.922805786132812
S003,P0003,2023-11-09,91,248.0,103.18843,-12.188430786132812
S003,P0003,2023-11-10,138,173.0,107.77695,30.223052978515625
S003,P0003,2023-11-11,133,203.0,146.59177,-13.591766357421875
S003,P0003,2023-11-12,100,223.0,145.59064,-45.59063720703125
S003,P0003,2023-11-13,52,125.0,105.62418,-53.624183654785156
S003,P0003,2023-11-14,88,115.0,139.08194,-51.081939697265625
S003,P0003,2023-11-15,188,121.0,156.8644,31.135604858398438
S003,P0003,2023-11-16,121,157.0,111.987976,9.01202392578125
S003,P0003,2023-11-17,67,170.0,105.94717,-38.947166442871094
S003,P0003,2023-11-18,245,102.0,182.40102,62.59898376464844
S003,P0003,2023-11-19,59,217.0,140.1599,-81.15989685058594
S003,P0003,2023-11-20,84,163.0,104.674835,-20.674835205078125
S003,P0003,2023-11-21,105,99.0,111.69127,-6.6912689208984375
S003,P0003,2023-11-22,134,117.0,120.6814,13.318603515625
S003,P0003,2023-11-23,117,148.0,150.6558,-33.65580749511719
S003,P0003,2023-11-24,117,179.0,124.19902,-7.1990203857421875
S003,P0003,2023-11-25,98,150.0,105.02912,-7.029121398925781
S003,P0003,2023-11-26,117,161.0,124.11914,-7.119140625
S003,P0003,2023-11-27,130,134.0,140.43855,-10.438552856445312
S003,P0003,2023-11-28,101,150.0,111.150536,-10.150535583496094
S003,P0003,2023-11-29,137,181.0,117.20305,19.796951293945312
S003,P0003,2023-11-30,74,152.0,111.69416,-37.69416046142578
S003,P0003,2023-12-01,155,86.0,151.86633,3.1336669921875
S003,P0003,2023-12-02,209,162.0,184.52306,24.476943969726562
S003,P0003,2023-12-03,100,240.0,120.1409,-20.140899658203125
S003,P0003,2023-12-04,103,138.0,123.9555,-20.95549774169922
S003,P0003,2023-12-05,90,152.0,117.984985,-27.9849853515625
S003,P0003,2023-12-06,148,164.0,153.5861,-5.5861053466796875
S003,P0003,2023-12-07,178,148.0,141.1402,36.85980224609375
S003,P0003,2023-12-08,66,181.0,106.25068,-40.25067901611328
S003,P0003,2023-12-09,124,129.0,153.46703,-29.467025756835938
S003,P0003,2023-12-10,134,111.0,151.32233,-17.32232666015625
S003,P0003,2023-12-11,126,140.0,119.51232,6.487678527832031
S003,P0003,2023-12-12,100,121.0,156.83847,-56.838470458984375
S003,P0003,2023-12-13,153,118.0,131.05536,21.94464111328125
S003,P0003,2023-12-14,146,165.0,124.335365,21.664634704589844
S003,P0003,2023-12-15,50,164.0,127.970406,-77.97040557861328
S003,P0003,2023-12-16,161,122.0,165.92567,-4.9256744384765625
S003,P0003,2023-12-17,118,156.0,117.72011,0.2798919677734375
S003,P0003,2023-12-18,144,210.0,152.09303,-8.093032836914062
S003,P0003,2023-12-19,119,228.0,141.28542,-22.285415649414062
S003,P0003,2023-12-20,108,102.0,115.15426,-7.154258728027344
S003,P0003,2023-12-21,144,151.0,118.4677,25.532302856445312
S003,P0003,2023-12-22,71,216.0,114.13075,-43.13075256347656
S003,P0003,2023-12-23,100,155.0,115.98035,-15.9803466796875
S003,P0003,2023-12-24,111,143.0,122.51099,-11.510986328125
S003,P0003,2023-12-25,82,166.0,118.39346,-36.393463134765625
S003,P0003,2023-12-26,123,68.0,126.64691,-3.64691162109375
S003,P0003,2023-12-27,68,107.0,138.355,-70.35499572753906
S003,P0003,2023-12-28,76,136.0,101.118546,-25.118545532226562
S003,P0003,2023-12-29,82,113.0,87.61111,-5.611106872558594
S003,P0003,2023-12-30,59,110.0,89.44901,-30.449012756347656
S003,P0003,2023-12-31,66,131.0,90.78954,-24.78954315185547
S003,P0003,2024-01-01,62,137.0,67.49835,-5.49835205078125
S003,P0003,2024-01-02,34,157.0,64.49911,-30.499107360839844
S003,P0003,2024-01-03,82,124.0,57.65817,24.34183120727539
S003,P0003,2024-01-04,28,116.0,52.093117,-24.093116760253906
S003,P0003,2024-01-05,56,96.0,56.943764,-0.9437637329101562
S003,P0003,2024-01-06,93,115.0,61.35642,31.64358139038086
S003,P0003,2024-01-07,34,99.0,51.232994,-17.232994079589844
S003,P0003,2024-01-08,79,125.0,53.225067,25.774932861328125
S003,P0003,2024-01-09,94,135.0,66.09304,27.906959533691406
S003,P0003,2024-01-10,131,155.0,93.93715,37.06285095214844
S003,P0003,2024-01-11,136,154.0,96.39476,39.60523986816406
S003,P0003,2024-01-12,102,216.0,69.8322,32.16780090332031
S003,P0003,2024-01-13,25,116.0,90.143005,-65.14300537109375
S003,P0003,2024-01-14,23,100.0,85.45025,-62.45024871826172
S003,P0003,2024-01-15,75,127.0,72.686676,2.313323974609375
S003,P0003,2024-01-16,127,121.0,84.67636,42.323638916015625
S003,P0003,2024-01-17,44,142.0,86.86984,-42.869842529296875
S003,P0003,2024-01-18,68,111.0,70.821815,-2.8218154907226562
S003,P0003,2024-01-19,71,122.0,78.52852,-7.5285186767578125
S003,P0003,2024-01-20,60,135.0,70.70357,-10.703567504882812
S003,P0003,2024-01-21,30,117.0,86.36896,-56.36895751953125
S003,P0003,2024-01-22,105,95.0,72.51364,32.486358642578125
S003,P0003,2024-01-23,150,106.0,67.31549,82.68450927734375
S003,P0003,2024-01-24,167,124.0,90.173134,76.82686614990234
S003,P0003,2024-01-25,100,206.0,75.40367,24.596328735351562
S003,P0003,2024-01-26,110,94.0,77.460625,32.53937530517578
S003,P0003,2024-01-27,84,95.0,78.29066,5.709342956542969
S003,P0003,2024-01-28,164,116.0,109.91811,54.081886291503906
S003,P0003,2024-01-29,87,184.0,87.07414,-0.0741424560546875
S003,P0003,2024-01-30,103,95.0,79.33026,23.66973876953125
S003,P0004,2023-09-07,90,475.0,131.10928,-41.109283447265625
S003,P0004,2023-09-08,49,415.0,94.94985,-45.949851989746094
S003,P0004,2023-09-09,103,368.0,110.58724,-7.587242126464844
S003,P0004,2023-09-10,91,278.0,98.40221,-7.4022064208984375
S003,P0004,2023-09-11,97,209.0,102.69912,-5.699119567871094
S003,P0004,2023-09-12,85,125.0,95.96972,-10.969718933105469
S003,P0004,2023-09-13,173,281.0,139.16606,33.83393859863281
S003,P0004,2023-09-14,85,175.0,102.07366,-17.07366180419922
S003,P0004,2023-09-15,219,76.0,139.18724,79.81275939941406
S003,P0004,2023-09-16,203,563.0,153.06006,49.93994140625
S003,P0004,2023-09-17,153,324.0,106.05756,46.94243621826172
S003,P0004,2023-09-18,190,913.0,149.63737,40.36262512207031
S003,P0004,2023-09-19,169,799.0,141.01033,27.989669799804688
S003,P0004,2023-09-20,114,600.0,106.5025,7.49749755859375
S003,P0004,2023-09-21,169,518.0,119.66376,49.33624267578125
S003,P0004,2023-09-22,167,402.0,164.65958,2.340423583984375
S003,P0004,2023-09-23,203,287.0,147.0905,55.90950012207031
S003,P0004,2023-09-24,101,605.0,127.05106,-26.051063537597656
S003,P0004,2023-09-25,90,531.0,103.926506,-13.926506042480469
S003,P0004,2023-09-26,100,440.0,113.12988,-13.1298828125
S003,P0004,2023-09-27,145,352.0,124.626305,20.373695373535156
S003,P0004,2023-09-28,62,196.0,132.76701,-70.76701354980469
S003,P0004,2023-09-29,104,125.0,117.375336,-13.375335693359375
S003,P0004,2023-09-30,156,396.0,119.54766,36.45233917236328
S003,P0004,2023-10-01,129,289.0,102.97966,26.020339965820312
S003,P0004,2023-10-02,126,209.0,139.40846,-13.408462524414062
S003,P0004,2023-10-03,101,507.0,103.64183,-2.6418304443359375
S003,P0004,2023-10-04,157,446.0,145.4085,11.591506958007812
S003,P0004,2023-10-05,40,297.0,101.68424,-61.684242248535156
S003,P0004,2023-10-06,87,267.0,109.936325,-22.936325073242188
S003,P0004,2023-10-07,55,723.0,99.44264,-44.44264221191406
S003,P0004,2023-10-08,42,671.0,73.29161,-31.291610717773438
S003,P0004,2023-10-09,55,633.0,74.61732,-19.61731719970703
S003,P0004,2023-10-10,99,580.0,80.96579,18.034210205078125
S003,P0004,2023-10-11,64,474.0,98.54442,-34.54441833496094
S003,P0004,2023-10-12,47,408.0,63.772655,-16.772655487060547
S003,P0004,2023-10-13,114,377.0,99.05491,14.945091247558594
S003,P0004,2023-10-14,68,290.0,80.718155,-12.718154907226562
S003,P0004,2023-10-15,98,214.0,81.33213,16.667869567871094
S003,P0004,2023-10-16,55,485.0,81.062,-26.061996459960938
S003,P0004,2023-10-17,125,420.0,93.01191,31.98809051513672
S003,P0004,2023-10-18,127,281.0,99.15231,27.847686767578125
S003,P0004,2023-10-19,42,140.0,90.87795,-48.877952575683594
S003,P0004,2023-10-20,82,453.0,91.73335,-9.733352661132812
S003,P0004,2023-10-21,44,356.0,78.33888,-34.33888244628906
S003,P0004,2023-10-22,103,321.0,70.25629,32.74371337890625
S003,P0004,2023-10-23,89,198.0,74.54782,14.452178955078125
S003,P0004,2023-10-24,85,125.0,71.51616,13.483840942382812
S003,P0004,2023-10-25,103,335.0,89.12955,13.870452880859375
S003,P0004,2023-10-26,231,260.0,86.75197,144.24803161621094
S003,P0004,2023-10-27,95,35.0,120.46915,-25.469146728515625
S003,P0004,2023-10-28,136,271.0,129.73566,6.26434326171875
S003,P0004,2023-10-29,123,974.0,96.742836,26.257164001464844
S003,P0004,2023-10-30,81,838.0,96.73171,-15.731712341308594
S003,P0004,2023-10-31,106,755.0,92.8248,13.175201416015625
S003,P0004,2023-11-01,89,688.0,111.74976,-22.74976348876953
S003,P0004,2023-11-02,143,602.0,94.129036,48.87096405029297
S003,P0004,2023-11-03,121,435.0,98.33992,22.660079956054688
S003,P0004,2023-11-04,170,292.0,135.00833,34.991668701171875
S003,P0004,2023-11-05,63,111.0,122.920685,-59.920684814453125
S003,P0004,2023-11-06,138,60.0,102.9669,35.03309631347656
S003,P0004,2023-11-07,127,532.0,94.54297,32.45703125
S003,P0004,2023-11-08,105,403.0,121.67648,-16.676483154296875
S003,P0004,2023-11-09,49,330.0,90.32488,-41.32488250732422
S003,P0004,2023-11-10,131,280.0,94.66494,36.335060119628906
S003,P0004,2023-11-11,182,169.0,125.507324,56.49267578125
S003,P0004,2023-11-12,131,11.0,96.41688,34.58312225341797
S003,P0004,2023-11-13,116,375.0,103.40955,12.590446472167969
S003,P0004,2023-11-14,53,723.0,92.9492,-39.94920349121094
S003,P0004,2023-11-15,150,675.0,106.33208,43.66792297363281
S003,P0004,2023-11-16,118,528.0,103.41307,14.586929321289062
S003,P0004,2023-11-17,131,441.0,107.15663,23.843368530273438
S003,P0004,2023-11-18,233,332.0,150.06247,82.93753051757812
S003,P0004,2023-11-19,110,78.0,121.73017,-11.730171203613281
S003,P0004,2023-11-20,91,462.0,93.69693,-2.696929931640625
S003,P0004,2023-11-21,142,368.0,107.89104,34.10896301269531
S003,P0004,2023-11-22,149,250.0,121.46289,27.537109375
S003,P0004,2023-11-23,122,132.0,143.2763,-21.27630615234375
S003,P0004,2023-11-24,226,404.0,155.52885,70.47114562988281
S003,P0004,2023-11-25,112,148.0,106.65271,5.3472900390625
S003,P0004,2023-11-26,108,45.0,119.16316,-11.163162231445312
S003,P0004,2023-11-27,152,771.0,117.992325,34.00767517089844
S003,P0004,2023-11-28,121,648.0,137.66882,-16.6688232421875
S003,P0004,2023-11-29,128,563.0,121.20904,6.790962219238281
S003,P0004,2023-11-30,19,434.0,101.352936,-82.35293579101562
S003,P0004,2023-12-01,181,417.0,145.76994,35.23005676269531
S003,P0004,2023-12-02,141,226.0,114.63783,26.362167358398438
S003,P0004,2023-12-03,171,118.0,117.82794,53.17205810546875
S003,P0004,2023-12-04,78,601.0,101.62026,-23.620262145996094
S003,P0004,2023-12-05,159,549.0,158.8379,0.1620941162109375
S003,P0004,2023-12-06,222,437.0,164.39876,57.60124206542969
S003,P0004,2023-12-07,102,239.0,119.33745,-17.337448120117188
S003,P0004,2023-12-08,73,171.0,105.61671,-32.61670684814453
S003,P0004,2023-12-09,141,652.0,121.19702,19.802978515625
S003,P0004,2023-12-10,71,486.0,93.11176,-22.11176300048828
S003,P0004,2023-12-11,157,423.0,153.68378,3.31622314453125
S003,P0004,2023-12-12,91,253.0,137.19969,-46.19969177246094
S003,P0004,2023-12-13,170,195.0,117.86171,52.13829040527344
S003,P0004,2023-12-14,127,600.0,121.46279,5.537208557128906
S003,P0004,2023-12-15,143,457.0,122.01694,20.983062744140625
S003,P0004,2023-12-16,107,291.0,149.11095,-42.11094665527344
S003,P0004,2023-12-17,122,224.0,112.07881,9.921188354492188
S003,P0004,2023-12-18,114,526.0,121.9907,-7.990699768066406
S003,P0004,2023-12-19,148,414.0,122.05972,25.940277099609375
S003,P0004,2023-12-20,87,255.0,110.99016,-23.990158081054688
S003,P0004,2023-12-21,150,188.0,114.30711,35.69288635253906
S003,P0004,2023-12-22,198,562.0,154.75829,43.24171447753906
S003,P0004,2023-12-23,130,367.0,116.543495,13.456504821777344
S003,P0004,2023-12-24,176,246.0,153.98218,22.017822265625
S003,P0004,2023-12-25,134,793.0,140.78566,-6.7856597900390625
S003,P0004,2023-12-26,160,656.0,133.3391,26.660903930664062
S003,P0004,2023-12-27,48,559.0,71.98827,-23.98827362060547
S003,P0004,2023-12-28,86,514.0,115.044174,-29.044174194335938
S003,P0004,2023-12-29,57,416.0,70.44512,-13.445121765136719
S003,P0004,2023-12-30,72,349.0,76.360825,-4.3608245849609375
S003,P0004,2023-12-31,67,292.0,77.342155,-10.342155456542969
S003,P0004,2024-01-01,59,251.0,62.395115,-3.3951148986816406
S003,P0004,2024-01-02,112,193.0,69.09905,42.90094757080078
S003,P0004,2024-01-03,85,85.0,65.726135,19.27386474609375
S003,P0004,2024-01-04,31,13.0,68.61209,-37.612091064453125
S003,P0004,2024-01-05,96,382.0,59.331104,36.66889572143555
S003,P0004,2024-01-06,110,312.0,67.47528,42.52471923828125
S003,P0004,2024-01-07,114,213.0,63.82017,50.17982864379883
S003,P0004,2024-01-08,90,101.0,89.52537,0.47463226318359375
S003,P0004,2024-01-09,63,440.0,89.368454,-26.368453979492188
S003,P0004,2024-01-10,68,376.0,90.81223,-22.812232971191406
S003,P0004,2024-01-11,224,327.0,117.14551,106.8544921875
S003,P0004,2024-01-12,173,98.0,130.33495,42.66505432128906
S003,P0004,2024-01-13,217,0.0,110.61528,106.38471984863281
S003,P0004,2024-01-14,187,792.0,134.60378,52.39622497558594
S003,P0004,2024-01-15,168,585.0,127.54365,40.45635223388672
S003,P0004,2024-01-16,96,466.0,136.63684,-40.6368408203125
S003,P0004,2024-01-17,85,364.0,122.3549,-37.354896545410156
S003,P0004,2024-01-18,185,288.0,171.95717,13.042831420898438
S003,P0004,2024-01-19,91,168.0,103.12176,-12.121757507324219
S003,P0004,2024-01-20,174,79.0,163.30759,10.692413330078125
S003,P0004,2024-01-21,88,528.0,125.72807,-37.72807312011719
S003,P0004,2024-01-22,162,432.0,109.55923,52.440773010253906
S003,P0004,2024-01-23,93,292.0,105.59188,-12.591880798339844
S003,P0004,2024-01-24,92,220.0,103.29849,-11.298492431640625
S003,P0004,2024-01-25,162,591.0,108.3958,53.60420227050781
S003,P0004,2024-01-26,189,452.0,155.42822,33.57177734375
S003,P0004,2024-01-27,134,320.0,99.35998,34.64002227783203
S003,P0004,2024-01-28,175,239.0,149.63875,25.361251831054688
S003,P0004,2024-01-29,100,634.0,109.305466,-9.305465698242188
S003,P0004,2024-01-30,84,552.0,103.82255,-19.822547912597656
S003,P0005,2023-09-07,71,757.0,92.61431,-21.61431121826172
S003,P0005,2023-09-08,73,691.0,92.366554,-19.366554260253906
S003,P0005,2023-09-09,122,631.0,96.996735,25.003265380859375
S003,P0005,2023-09-10,128,545.0,95.99414,32.005859375
S003,P0005,2023-09-11,71,443.0,89.28451,-18.284507751464844
S003,P0005,2023-09-12,205,378.0,94.88487,110.11512756347656
S003,P0005,2023-09-13,62,163.0,77.59146,-15.591461181640625
S003,P0005,2023-09-14,134,593.0,124.505554,9.49444580078125
S003,P0005,2023-09-15,126,443.0,126.68941,-0.6894073486328125
S003,P0005,2023-09-16,70,1099.0,112.74071,-42.74070739746094
S003,P0005,2023-09-17,76,1027.0,91.34171,-15.341712951660156
S003,P0005,2023-09-18,74,971.0,84.109055,-10.109054565429688
S003,P0005,2023-09-19,84,888.0,85.8006,-1.80059814453125
S003,P0005,2023-09-20,108,823.0,91.83734,16.16265869140625
S003,P0005,2023-09-21,198,735.0,125.7428,72.2572021484375
S003,P0005,2023-09-22,140,583.0,118.2683,21.73169708251953
S003,P0005,2023-09-23,107,452.0,114.68859,-7.688591003417969
S003,P0005,2023-09-24,109,375.0,120.070595,-11.070594787597656
S003,P0005,2023-09-25,144,1188.0,124.639694,19.360305786132812
S003,P0005,2023-09-26,78,1021.0,98.13426,-20.134262084960938
S003,P0005,2023-09-27,101,944.0,115.8154,-14.815399169921875
S003,P0005,2023-09-28,70,834.0,90.7071,-20.70709991455078
S003,P0005,2023-09-29,83,787.0,86.004715,-3.0047149658203125
S003,P0005,2023-09-30,69,707.0,88.99613,-19.996131896972656
S003,P0005,2023-10-01,131,635.0,95.61751,35.38249206542969
S003,P0005,2023-10-02,61,555.0,86.701065,-25.701065063476562
S003,P0005,2023-10-03,92,482.0,112.17244,-20.172439575195312
S003,P0005,2023-10-04,92,379.0,93.32295,-1.3229522705078125
S003,P0005,2023-10-05,125,272.0,92.02772,32.97228240966797
S003,P0005,2023-10-06,62,161.0,85.752144,-23.75214385986328
S003,P0005,2023-10-07,25,91.0,78.24339,-53.24339294433594
S003,P0005,2023-10-08,46,476.0,70.10319,-24.103187561035156
S003,P0005,2023-10-09,27,439.0,81.17173,-54.171730041503906
S003,P0005,2023-10-10,22,409.0,69.05406,-47.05406188964844
S003,P0005,2023-10-11,29,391.0,41.239613,-12.239612579345703
S003,P0005,2023-10-12,14,356.0,30.321075,-16.321075439453125
S003,P0005,2023-10-13,79,345.0,42.219257,36.78074264526367
S003,P0005,2023-10-14,26,274.0,37.774345,-11.774345397949219
S003,P0005,2023-10-15,28,248.0,34.73071,-6.730709075927734
S003,P0005,2023-10-16,23,223.0,32.419933,-9.419933319091797
S003,P0005,2023-10-17,29,555.0,30.345612,-1.345611572265625
S003,P0005,2023-10-18,15,521.0,27.460926,-12.460926055908203
S003,P0005,2023-10-19,46,512.0,31.309008,14.69099235534668
S003,P0005,2023-10-20,27,473.0,29.29878,-2.2987804412841797
S003,P0005,2023-10-21,53,440.0,31.540455,21.459545135498047
S003,P0005,2023-10-22,13,394.0,33.34948,-20.34947967529297
S003,P0005,2023-10-23,32,382.0,35.162254,-3.1622543334960938
S003,P0005,2023-10-24,13,349.0,24.392601,-11.392601013183594
S003,P0005,2023-10-25,98,334.0,83.01613,14.983871459960938
S003,P0005,2023-10-26,191,263.0,96.10097,94.89903259277344
S003,P0005,2023-10-27,63,106.0,89.9999,-26.999900817871094
S003,P0005,2023-10-28,55,43.0,76.38436,-21.384361267089844
S003,P0005,2023-10-29,149,461.0,96.25195,52.748046875
S003,P0005,2023-10-30,51,985.0,83.76343,-32.763427734375
S003,P0005,2023-10-31,117,931.0,85.094185,31.90581512451172
S003,P0005,2023-11-01,165,807.0,121.03459,43.96540832519531
S003,P0005,2023-11-02,96,623.0,86.400764,9.599235534667969
S003,P0005,2023-11-03,135,562.0,116.96257,18.037429809570312
S003,P0005,2023-11-04,127,441.0,113.26971,13.730293273925781
S003,P0005,2023-11-05,165,322.0,118.210434,46.78956604003906
S003,P0005,2023-11-06,117,136.0,92.86081,24.139190673828125
S003,P0005,2023-11-07,95,600.0,89.08754,5.9124603271484375
S003,P0005,2023-11-08,82,520.0,90.44878,-8.448776245117188
S003,P0005,2023-11-09,45,453.0,80.36542,-35.36541748046875
S003,P0005,2023-11-10,64,413.0,86.7165,-22.71649932861328
S003,P0005,2023-11-11,148,351.0,84.79402,63.20597839355469
S003,P0005,2023-11-12,41,213.0,91.85653,-50.856529235839844
S003,P0005,2023-11-13,61,172.0,105.17793,-44.17793273925781
S003,P0005,2023-11-14,43,133.0,96.33193,-53.331932067871094
S003,P0005,2023-11-15,74,619.0,86.3638,-12.363800048828125
S003,P0005,2023-11-16,73,553.0,83.14448,-10.144477844238281
S003,P0005,2023-11-17,67,487.0,81.81092,-14.810920715332031
S003,P0005,2023-11-18,118,437.0,80.58631,37.41368865966797
S003,P0005,2023-11-19,122,344.0,109.81817,12.181831359863281
S003,P0005,2023-11-20,112,232.0,115.52338,-3.52337646484375
S003,P0005,2023-11-21,71,146.0,90.72822,-19.72821807861328
S003,P0005,2023-11-22,69,614.0,87.169754,-18.169754028320312
S003,P0005,2023-11-23,130,559.0,116.29729,13.702713012695312
S003,P0005,2023-11-24,89,456.0,90.96076,-1.9607620239257812
S003,P0005,2023-11-25,100,359.0,117.39461,-17.394607543945312
S003,P0005,2023-11-26,82,260.0,98.329056,-16.329055786132812
S003,P0005,2023-11-27,111,763.0,100.15604,10.843963623046875
S003,P0005,2023-11-28,95,649.0,97.97109,-2.9710922241210938
S003,P0005,2023-11-29,98,588.0,89.669136,8.330863952636719
S003,P0005,2023-11-30,133,516.0,94.17191,38.828086853027344
S003,P0005,2023-12-01,162,375.0,113.62537,48.3746337890625
S003,P0005,2023-12-02,162,244.0,96.57116,65.42884063720703
S003,P0005,2023-12-03,125,73.0,98.23899,26.761009216308594
S003,P0005,2023-12-04,153,530.0,111.28674,41.7132568359375
S003,P0005,2023-12-05,163,350.0,137.57095,25.429046630859375
S003,P0005,2023-12-06,68,247.0,110.561905,-42.56190490722656
S003,P0005,2023-12-07,83,171.0,98.526855,-15.52685546875
S003,P0005,2023-12-08,132,612.0,111.65175,20.348251342773438
S003,P0005,2023-12-09,89,465.0,96.080284,-7.080284118652344
S003,P0005,2023-12-10,99,379.0,89.7927,9.207298278808594
S003,P0005,2023-12-11,74,314.0,89.21134,-15.211341857910156
S003,P0005,2023-12-12,119,256.0,116.579185,2.4208145141601562
S003,P0005,2023-12-13,63,151.0,88.615746,-25.615745544433594
S003,P0005,2023-12-14,115,545.0,128.5459,-13.5458984375
S003,P0005,2023-12-15,110,434.0,121.8353,-11.835296630859375
S003,P0005,2023-12-16,52,352.0,124.37256,-72.37255859375
S003,P0005,2023-12-17,123,290.0,127.24459,-4.244590759277344
S003,P0005,2023-12-18,68,207.0,98.021774,-30.021774291992188
S003,P0005,2023-12-19,110,657.0,115.862854,-5.86285400390625
S003,P0005,2023-12-20,55,588.0,86.82951,-31.829513549804688
S003,P0005,2023-12-21,68,549.0,86.74692,-18.746917724609375
S003,P0005,2023-12-22,98,496.0,118.335266,-20.33526611328125
S003,P0005,2023-12-23,84,411.0,93.70637,-9.706367492675781
S003,P0005,2023-12-24,87,312.0,96.4096,-9.409599304199219
S003,P0005,2023-12-25,93,211.0,94.175735,-1.1757354736328125
S003,P0005,2023-12-26,163,134.0,90.81115,72.18885040283203
S003,P0005,2023-12-27,17,0.0,75.19429,-58.19429016113281
S003,P0005,2023-12-28,21,322.0,73.48826,-52.488258361816406
S003,P0005,2023-12-29,29,300.0,45.68847,-16.68846893310547
S003,P0005,2023-12-30,28,1058.0,51.703983,-23.703983306884766
S003,P0005,2023-12-31,17,1034.0,47.01118,-30.011180877685547
S003,P0005,2024-01-01,26,1024.0,9.375342,16.62465763092041
S003,P0005,2024-01-02,19,1006.0,16.646036,2.353963851928711
S003,P0005,2024-01-03,57,984.0,14.462233,42.53776741027832
S003,P0005,2024-01-04,50,934.0,22.25139,27.74860954284668
S003,P0005,2024-01-05,30,901.0,26.014263,3.985736846923828
S003,P0005,2024-01-06,38,882.0,12.659668,25.34033203125
S003,P0005,2024-01-07,7,841.0,10.618163,-3.6181631088256836
S003,P0005,2024-01-08,35,836.0,13.610897,21.389102935791016
S003,P0005,2024-01-09,12,815.0,87.24953,-75.24952697753906
S003,P0005,2024-01-10,130,803.0,94.92633,35.07366943359375
S003,P0005,2024-01-11,141,667.0,101.54001,39.459991455078125
S003,P0005,2024-01-12,140,564.0,102.16518,37.83482360839844
S003,P0005,2024-01-13,107,449.0,99.0421,7.9579010009765625
S003,P0005,2024-01-14,122,380.0,91.60817,30.391830444335938
S003,P0005,2024-01-15,140,301.0,102.78989,37.210113525390625
S003,P0005,2024-01-16,124,703.0,124.305374,-0.3053741455078125
S003,P0005,2024-01-17,84,627.0,99.10707,-15.107070922851562
S003,P0005,2024-01-18,113,573.0,93.30815,19.691848754882812
S003,P0005,2024-01-19,145,486.0,118.090645,26.90935516357422
S003,P0005,2024-01-20,111,322.0,117.19553,-6.195533752441406
S003,P0005,2024-01-21,42,232.0,103.43654,-61.43653869628906
S003,P0005,2024-01-22,128,191.0,88.708115,39.29188537597656
S003,P0005,2024-01-23,74,726.0,83.44136,-9.441360473632812
S003,P0005,2024-01-24,85,656.0,113.743324,-28.743324279785156
S003,P0005,2024-01-25,147,555.0,91.97995,55.020050048828125
S003,P0005,2024-01-26,86,396.0,111.65935,-25.659347534179688
S003,P0005,2024-01-27,109,337.0,116.71608,-7.7160797119140625
S003,P0005,2024-01-28,29,256.0,87.69851,-58.698509216308594
S003,P0005,2024-01-29,66,822.0,88.83986,-22.839859008789062
S003,P0005,2024-01-30,130,782.0,94.19668,35.803321838378906
S003,P0006,2023-09-07,159,171.0,123.993935,35.006065368652344
S003,P0006,2023-09-08,124,166.0,104.86103,19.13896942138672
S003,P0006,2023-09-09,112,232.0,128.1282,-16.128204345703125
S003,P0006,2023-09-10,111,123.0,100.75228,10.247718811035156
S003,P0006,2023-09-11,61,134.0,96.690506,-35.69050598144531
S003,P0006,2023-09-12,46,125.0,94.76505,-48.765052795410156
S003,P0006,2023-09-13,137,80.0,102.1245,34.87550354003906
S003,P0006,2023-09-14,41,151.0,89.446,-48.44599914550781
S003,P0006,2023-09-15,128,114.0,104.450966,23.549034118652344
S003,P0006,2023-09-16,65,120.0,93.56625,-28.566253662109375
S003,P0006,2023-09-17,83,124.0,91.522964,-8.522964477539062
S003,P0006,2023-09-18,73,116.0,87.1718,-14.171798706054688
S003,P0006,2023-09-19,81,113.0,94.07335,-13.073348999023438
S003,P0006,2023-09-20,57,100.0,90.57882,-33.578819274902344
S003,P0006,2023-09-21,104,91.0,97.87503,6.124969482421875
S003,P0006,2023-09-22,67,120.0,91.87859,-24.87859344482422
S003,P0006,2023-09-23,156,129.0,125.96542,30.034576416015625
S003,P0006,2023-09-24,46,189.0,93.80198,-47.801979064941406
S003,P0006,2023-09-25,141,158.0,123.47252,17.527481079101562
S003,P0006,2023-09-26,162,139.0,129.77122,32.22877502441406
S003,P0006,2023-09-27,154,172.0,133.35179,20.648208618164062
S003,P0006,2023-09-28,96,219.0,126.4686,-30.468597412109375
S003,P0006,2023-09-29,83,113.0,100.64374,-17.64373779296875
S003,P0006,2023-09-30,108,117.0,103.364876,4.635124206542969
S003,P0006,2023-10-01,104,107.0,98.93104,5.068962097167969
S003,P0006,2023-10-02,73,95.0,98.04888,-25.04888153076172
S003,P0006,2023-10-03,48,114.0,96.19072,-48.19071960449219
S003,P0006,2023-10-04,109,108.0,128.11038,-19.110382080078125
S003,P0006,2023-10-05,69,99.0,97.1051,-28.1051025390625
S003,P0006,2023-10-06,123,99.0,102.24363,20.756370544433594
S003,P0006,2023-10-07,25,143.0,83.885056,-58.88505554199219
S003,P0006,2023-10-08,15,128.0,66.83793,-51.837928771972656
S003,P0006,2023-10-09,25,117.0,55.49561,-30.495609283447266
S003,P0006,2023-10-10,32,97.0,56.665516,-24.665515899658203
S003,P0006,2023-10-11,54,117.0,56.90656,-2.9065589904785156
S003,P0006,2023-10-12,17,114.0,36.268066,-19.26806640625
S003,P0006,2023-10-13,36,95.0,37.43444,-1.4344406127929688
S003,P0006,2023-10-14,19,116.0,34.125317,-15.125316619873047
S003,P0006,2023-10-15,52,97.0,40.550915,11.449085235595703
S003,P0006,2023-10-16,31,113.0,41.19038,-10.190380096435547
S003,P0006,2023-10-17,34,91.0,34.12705,-0.12704849243164062
S003,P0006,2023-10-18,10,114.0,37.86986,-27.869861602783203
S003,P0006,2023-10-19,39,107.0,41.11755,-2.1175498962402344
S003,P0006,2023-10-20,18,129.0,34.58084,-16.580841064453125
S003,P0006,2023-10-21,24,114.0,37.989315,-13.989315032958984
S003,P0006,2023-10-22,21,94.0,42.4834,-21.4833984375
S003,P0006,2023-10-23,49,123.0,40.24201,8.757991790771484
S003,P0006,2023-10-24,42,143.0,38.12482,3.8751792907714844
S003,P0006,2023-10-25,155,101.0,137.76529,17.234710693359375
S003,P0006,2023-10-26,96,166.0,106.87538,-10.875381469726562
S003,P0006,2023-10-27,141,181.0,112.15403,28.845970153808594
S003,P0006,2023-10-28,104,187.0,96.13176,7.8682403564453125
S003,P0006,2023-10-29,78,80.0,91.760704,-13.760704040527344
S003,P0006,2023-10-30,113,106.0,99.87503,13.124969482421875
S003,P0006,2023-10-31,77,102.0,94.294044,-17.294044494628906
S003,P0006,2023-11-01,110,103.0,100.98122,9.018783569335938
S003,P0006,2023-11-02,56,115.0,90.7316,-34.731597900390625
S003,P0006,2023-11-03,89,141.0,107.8566,-18.856597900390625
S003,P0006,2023-11-04,138,139.0,102.65358,35.34642028808594
S003,P0006,2023-11-05,108,191.0,112.65131,-4.651313781738281
S003,P0006,2023-11-06,82,86.0,91.3055,-9.305496215820312
S003,P0006,2023-11-07,88,85.0,97.44873,-9.44873046875
S003,P0006,2023-11-08,60,100.0,88.194084,-28.19408416748047
S003,P0006,2023-11-09,138,123.0,118.926506,19.07349395751953
S003,P0006,2023-11-10,84,184.0,111.550385,-27.550384521484375
S003,P0006,2023-11-11,154,120.0,94.44104,59.5589599609375
S003,P0006,2023-11-12,116,129.0,110.93004,5.0699615478515625
S003,P0006,2023-11-13,134,189.0,133.50671,0.4932861328125
S003,P0006,2023-11-14,104,152.0,98.85281,5.147186279296875
S003,P0006,2023-11-15,156,116.0,130.47841,25.521591186523438
S003,P0006,2023-11-16,108,159.0,108.32693,-0.32692718505859375
S003,P0006,2023-11-17,167,152.0,141.57907,25.420928955078125
S003,P0006,2023-11-18,183,173.0,131.4385,51.561492919921875
S003,P0006,2023-11-19,103,212.0,102.788376,0.2116241455078125
S003,P0006,2023-11-20,60,94.0,101.08819,-41.08818817138672
S003,P0006,2023-11-21,135,95.0,110.61349,24.386512756347656
S003,P0006,2023-11-22,161,152.0,140.57407,20.425933837890625
S003,P0006,2023-11-23,70,200.0,101.90996,-31.909957885742188
S003,P0006,2023-11-24,67,142.0,106.24385,-39.24385070800781
S003,P0006,2023-11-25,96,141.0,99.41543,-3.4154281616210938
S003,P0006,2023-11-26,84,173.0,94.934395,-10.934394836425781
S003,P0006,2023-11-27,95,116.0,132.65804,-37.65803527832031
S003,P0006,2023-11-28,115,111.0,122.320244,-7.320243835449219
S003,P0006,2023-11-29,126,128.0,103.07768,22.922317504882812
S003,P0006,2023-11-30,102,102.0,97.51034,4.489662170410156
S003,P0006,2023-12-01,118,108.0,100.47078,17.529220581054688
S003,P0006,2023-12-02,60,123.0,108.04111,-48.041107177734375
S003,P0006,2023-12-03,110,136.0,130.24646,-20.2464599609375
S003,P0006,2023-12-04,128,180.0,121.09462,6.9053802490234375
S003,P0006,2023-12-05,59,189.0,109.810425,-50.8104248046875
S003,P0006,2023-12-06,191,126.0,140.41109,50.58891296386719
S003,P0006,2023-12-07,111,203.0,126.42912,-15.429122924804688
S003,P0006,2023-12-08,116,118.0,145.23097,-29.230972290039062
S003,P0006,2023-12-09,155,157.0,130.17285,24.8271484375
S003,P0006,2023-12-10,110,221.0,109.56826,0.43173980712890625
S003,P0006,2023-12-11,119,108.0,108.03959,10.960411071777344
S003,P0006,2023-12-12,136,146.0,144.68036,-8.68035888671875
S003,P0006,2023-12-13,123,155.0,109.047066,13.952934265136719
S003,P0006,2023-12-14,65,189.0,102.42227,-37.422271728515625
S003,P0006,2023-12-15,97,142.0,134.34619,-37.34619140625
S003,P0006,2023-12-16,87,156.0,103.51106,-16.511062622070312
S003,P0006,2023-12-17,138,171.0,132.27246,5.7275390625
S003,P0006,2023-12-18,94,181.0,128.679,-34.67900085449219
S003,P0006,2023-12-19,55,71.0,103.9226,-48.92259979248047
S003,P0006,2023-12-20,132,64.0,113.89391,18.10608673095703
S003,P0006,2023-12-21,173,118.0,130.53561,42.464385986328125
S003,P0006,2023-12-22,90,183.0,101.27765,-11.27764892578125
S003,P0006,2023-12-23,57,93.0,102.94969,-45.94969177246094
S003,P0006,2023-12-24,127,109.0,110.355606,16.644393920898438
S003,P0006,2023-12-25,75,104.0,103.84691,-28.846908569335938
S003,P0006,2023-12-26,102,129.0,109.807655,-7.807655334472656
S003,P0006,2023-12-27,5,170.0,85.908844,-80.90884399414062
S003,P0006,2023-12-28,30,165.0,52.536354,-22.536354064941406
S003,P0006,2023-12-29,33,143.0,47.032215,-14.032215118408203
S003,P0006,2023-12-30,26,104.0,46.871742,-20.871742248535156
S003,P0006,2023-12-31,49,75.0,50.478302,-1.478302001953125
S003,P0006,2024-01-01,57,100.0,24.989975,32.01002502441406
S003,P0006,2024-01-02,41,103.0,34.34988,6.650119781494141
S003,P0006,2024-01-03,27,115.0,29.534803,-2.5348033905029297
S003,P0006,2024-01-04,42,86.0,39.07159,2.9284095764160156
S003,P0006,2024-01-05,26,91.0,24.712648,1.2873516082763672
S003,P0006,2024-01-06,7,119.0,33.237797,-26.237796783447266
S003,P0006,2024-01-07,34,111.0,22.58711,11.41288948059082
S003,P0006,2024-01-08,10,79.0,24.619587,-14.619586944580078
S003,P0006,2024-01-09,91,121.0,95.27706,-4.277061462402344
S003,P0006,2024-01-10,100,132.0,117.57556,-17.5755615234375
S003,P0006,2024-01-11,140,106.0,125.640724,14.359275817871094
S003,P0006,2024-01-12,85,117.0,124.060394,-39.060394287109375
S003,P0006,2024-01-13,90,128.0,100.49572,-10.495719909667969
S003,P0006,2024-01-14,46,121.0,94.22554,-48.22554016113281
S003,P0006,2024-01-15,80,142.0,99.87667,-19.876670837402344
S003,P0006,2024-01-16,66,123.0,95.45453,-29.45452880859375
S003,P0006,2024-01-17,84,147.0,93.68161,-9.681610107421875
S003,P0006,2024-01-18,85,153.0,96.21855,-11.218551635742188
S003,P0006,2024-01-19,72,167.0,92.81387,-20.813873291015625
S003,P0006,2024-01-20,79,87.0,96.30234,-17.302337646484375
S003,P0006,2024-01-21,63,82.0,108.699234,-45.69923400878906
S003,P0006,2024-01-22,114,97.0,106.48079,7.5192108154296875
S003,P0006,2024-01-23,179,119.0,116.663925,62.33607482910156
S003,P0006,2024-01-24,105,181.0,123.319786,-18.319786071777344
S003,P0006,2024-01-25,103,193.0,122.314415,-19.314414978027344
S003,P0006,2024-01-26,120,75.0,100.7709,19.229103088378906
S003,P0006,2024-01-27,122,126.0,111.68892,10.311080932617188
S003,P0006,2024-01-28,111,137.0,120.14279,-9.142791748046875
S003,P0006,2024-01-29,88,151.0,95.80355,-7.803550720214844
S003,P0006,2024-01-30,147,156.0,96.36158,50.63842010498047
S003,P0007,2023-09-07,134,665.0,126.467735,7.532264709472656
S003,P0007,2023-09-08,196,553.0,132.01541,63.984588623046875
S003,P0007,2023-09-09,137,343.0,138.35464,-1.354644775390625
S003,P0007,2023-09-10,109,187.0,96.134544,12.865455627441406
S003,P0007,2023-09-11,119,96.0,91.39421,27.605789184570312
S003,P0007,2023-09-12,99,934.0,100.59542,-1.5954208374023438
S003,P0007,2023-09-13,107,818.0,94.82287,12.177131652832031
S003,P0007,2023-09-14,95,743.0,137.10506,-42.10505676269531
S003,P0007,2023-09-15,136,657.0,123.87942,12.120582580566406
S003,P0007,2023-09-16,93,548.0,101.122574,-8.122573852539062
S003,P0007,2023-09-17,174,484.0,91.41891,82.58109283447266
S003,P0007,2023-09-18,156,319.0,128.14987,27.850128173828125
S003,P0007,2023-09-19,142,217.0,129.9961,12.00390625
S003,P0007,2023-09-20,84,52.0,117.110344,-33.11034393310547
S003,P0007,2023-09-21,109,721.0,93.708824,15.291175842285156
S003,P0007,2023-09-22,141,609.0,97.21981,43.780189514160156
S003,P0007,2023-09-23,192,471.0,122.600655,69.39934539794922
S003,P0007,2023-09-24,76,331.0,98.64835,-22.648353576660156
S003,P0007,2023-09-25,132,244.0,101.62707,30.37293243408203
S003,P0007,2023-09-26,74,573.0,105.30774,-31.3077392578125
S003,P0007,2023-09-27,83,514.0,99.583115,-16.583114624023438
S003,P0007,2023-09-28,82,441.0,141.597,-59.59700012207031
S003,P0007,2023-09-29,71,388.0,91.147736,-20.147735595703125
S003,P0007,2023-09-30,184,324.0,96.08996,87.91004180908203
S003,P0007,2023-10-01,180,181.0,131.28783,48.71217346191406
S003,P0007,2023-10-02,149,0.0,131.98146,17.018539428710938
S003,P0007,2023-10-03,132,0.0,95.90502,36.09497833251953
S003,P0007,2023-10-04,116,868.0,106.364716,9.635284423828125
S003,P0007,2023-10-05,111,751.0,102.6598,8.340202331542969
S003,P0007,2023-10-06,187,653.0,131.80794,55.19206237792969
S003,P0007,2023-10-07,58,507.0,99.81421,-41.814208984375
S003,P0007,2023-10-08,78,462.0,75.14489,2.8551101684570312
S003,P0007,2023-10-09,105,402.0,71.88767,33.112327575683594
S003,P0007,2023-10-10,65,1116.0,109.19345,-44.193450927734375
S003,P0007,2023-10-11,102,1070.0,106.343506,-4.343505859375
S003,P0007,2023-10-12,62,969.0,83.51994,-21.519943237304688
S003,P0007,2023-10-13,82,899.0,83.68376,-1.6837615966796875
S003,P0007,2023-10-14,59,838.0,100.87186,-41.871856689453125
S003,P0007,2023-10-15,71,802.0,88.75672,-17.75672149658203
S003,P0007,2023-10-16,64,754.0,81.23857,-17.238571166992188
S003,P0007,2023-10-17,56,700.0,78.14573,-22.145729064941406
S003,P0007,2023-10-18,78,646.0,78.74144,-0.7414398193359375
S003,P0007,2023-10-19,42,561.0,68.79587,-26.795867919921875
S003,P0007,2023-10-20,30,530.0,61.968224,-31.968223571777344
S003,P0007,2023-10-21,109,508.0,65.75932,43.24067687988281
S003,P0007,2023-10-22,65,440.0,60.05661,4.943389892578125
S003,P0007,2023-10-23,34,390.0,63.988693,-29.988693237304688
S003,P0007,2023-10-24,79,369.0,50.448647,28.551353454589844
S003,P0007,2023-10-25,187,789.0,98.286674,88.71332550048828
S003,P0007,2023-10-26,118,648.0,95.287544,22.71245574951172
S003,P0007,2023-10-27,131,535.0,90.40488,40.595123291015625
S003,P0007,2023-10-28,111,383.0,93.97452,17.025482177734375
S003,P0007,2023-10-29,197,864.0,94.18554,102.81446075439453
S003,P0007,2023-10-30,87,737.0,95.979,-8.978996276855469
S003,P0007,2023-10-31,112,675.0,87.312485,24.687515258789062
S003,P0007,2023-11-01,147,606.0,88.49386,58.506141662597656
S003,P0007,2023-11-02,196,1343.0,95.51513,100.48487091064453
S003,P0007,2023-11-03,155,1164.0,86.29307,68.7069320678711
S003,P0007,2023-11-04,202,1039.0,103.364914,98.63508605957031
S003,P0007,2023-11-05,218,811.0,95.96729,122.03270721435547
S003,P0007,2023-11-06,133,676.0,91.32241,41.677589416503906
S003,P0007,2023-11-07,167,581.0,119.345795,47.654205322265625
S003,P0007,2023-11-08,148,468.0,99.702705,48.29729461669922
S003,P0007,2023-11-09,171,1269.0,112.99432,58.00567626953125
S003,P0007,2023-11-10,160,1072.0,106.783485,53.216514587402344
S003,P0007,2023-11-11,197,946.0,108.74692,88.25308227539062
S003,P0007,2023-11-12,167,764.0,119.833405,47.166595458984375
S003,P0007,2023-11-13,112,572.0,131.01642,-19.01641845703125
S003,P0007,2023-11-14,91,493.0,97.101944,-6.1019439697265625
S003,P0007,2023-11-15,138,402.0,103.31003,34.689971923828125
S003,P0007,2023-11-16,153,314.0,149.12918,3.870819091796875
S003,P0007,2023-11-17,109,212.0,142.52524,-33.525238037109375
S003,P0007,2023-11-18,125,112.0,138.17282,-13.172821044921875
S003,P0007,2023-11-19,157,542.0,99.11283,57.887168884277344
S003,P0007,2023-11-20,74,394.0,105.42587,-31.425872802734375
S003,P0007,2023-11-21,209,329.0,127.17152,81.82848358154297
S003,P0007,2023-11-22,248,99.0,139.99138,108.00862121582031
S003,P0007,2023-11-23,157,552.0,122.377655,34.622344970703125
S003,P0007,2023-11-24,118,430.0,99.14834,18.851661682128906
S003,P0007,2023-11-25,121,1057.0,93.24055,27.75945281982422
S003,P0007,2023-11-26,75,950.0,142.82831,-67.82830810546875
S003,P0007,2023-11-27,146,878.0,93.57684,52.42315673828125
S003,P0007,2023-11-28,108,769.0,101.852715,6.147285461425781
S003,P0007,2023-11-29,149,688.0,74.70597,74.29402923583984
S003,P0007,2023-11-30,137,556.0,91.973495,45.02650451660156
S003,P0007,2023-12-01,72,449.0,94.087555,-22.087554931640625
S003,P0007,2023-12-02,102,396.0,128.63104,-26.63104248046875
S003,P0007,2023-12-03,142,784.0,99.43601,42.563987731933594
S003,P0007,2023-12-04,75,683.0,114.03256,-39.032562255859375
S003,P0007,2023-12-05,102,638.0,106.32249,-4.322486877441406
S003,P0007,2023-12-06,98,575.0,151.74347,-53.74346923828125
S003,P0007,2023-12-07,152,475.0,131.44414,20.555862426757812
S003,P0007,2023-12-08,143,375.0,104.518295,38.48170471191406
S003,P0007,2023-12-09,110,232.0,100.515434,9.484565734863281
S003,P0007,2023-12-10,174,136.0,135.07535,38.924652099609375
S003,P0007,2023-12-11,167,503.0,132.62692,34.373077392578125
S003,P0007,2023-12-12,121,356.0,107.21694,13.783058166503906
S003,P0007,2023-12-13,115,277.0,115.533066,-0.5330657958984375
S003,P0007,2023-12-14,109,804.0,111.6949,-2.6949005126953125
S003,P0007,2023-12-15,164,704.0,138.78267,25.217330932617188
S003,P0007,2023-12-16,20,584.0,130.3101,-110.31010437011719
S003,P0007,2023-12-17,106,571.0,106.03776,-0.03775787353515625
S003,P0007,2023-12-18,141,495.0,100.65548,40.344520568847656
S003,P0007,2023-12-19,53,1052.0,143.04454,-90.04454040527344
S003,P0007,2023-12-20,71,994.0,113.05667,-42.056671142578125
S003,P0007,2023-12-21,166,938.0,95.94382,70.05618286132812
S003,P0007,2023-12-22,114,820.0,96.12319,17.876808166503906
S003,P0007,2023-12-23,109,729.0,139.63405,-30.634048461914062
S003,P0007,2023-12-24,199,633.0,125.37136,73.6286392211914
S003,P0007,2023-12-25,130,397.0,90.04873,39.951271057128906
S003,P0007,2023-12-26,91,288.0,99.80679,-8.806793212890625
S003,P0007,2023-12-27,74,194.0,77.2324,-3.2323989868164062
S003,P0007,2023-12-28,86,809.0,71.98985,14.010147094726562
S003,P0007,2023-12-29,76,723.0,65.75815,10.241851806640625
S003,P0007,2023-12-30,59,652.0,84.21754,-25.21753692626953
S003,P0007,2023-12-31,25,589.0,82.198326,-57.198326110839844
S003,P0007,2024-01-01,78,565.0,80.25906,-2.259063720703125
S003,P0007,2024-01-02,80,513.0,53.242336,26.75766372680664
S003,P0007,2024-01-03,48,454.0,68.84082,-20.8408203125
S003,P0007,2024-01-04,28,419.0,65.43163,-37.43163299560547
S003,P0007,2024-01-05,64,396.0,30.632502,33.36749839782715
S003,P0007,2024-01-06,92,354.0,29.454647,62.545352935791016
S003,P0007,2024-01-07,79,249.0,49.63002,29.369979858398438
S003,P0007,2024-01-08,67,184.0,46.954773,20.04522705078125
S003,P0007,2024-01-09,105,105.0,86.626564,18.373435974121094
S003,P0007,2024-01-10,166,353.0,112.58824,53.41175842285156
S003,P0007,2024-01-11,76,243.0,84.494255,-8.494255065917969
S003,P0007,2024-01-12,152,158.0,92.59164,59.408363342285156
S003,P0007,2024-01-13,158,400.0,108.11168,49.88832092285156
S003,P0007,2024-01-14,128,1036.0,89.45527,38.54473114013672
S003,P0007,2024-01-15,143,900.0,96.857025,46.142974853515625
S003,P0007,2024-01-16,131,777.0,126.45351,4.5464935302734375
S003,P0007,2024-01-17,75,622.0,121.67195,-46.67195129394531
S003,P0007,2024-01-18,99,561.0,92.25181,6.748191833496094
S003,P0007,2024-01-19,81,456.0,92.64188,-11.641876220703125
S003,P0007,2024-01-20,162,372.0,117.7822,44.217796325683594
S003,P0007,2024-01-21,87,215.0,95.99204,-8.992042541503906
S003,P0007,2024-01-22,65,121.0,82.66904,-17.669036865234375
S003,P0007,2024-01-23,65,54.0,87.86118,-22.861183166503906
S003,P0007,2024-01-24,56,755.0,87.5133,-31.51329803466797
S003,P0007,2024-01-25,145,715.0,107.34426,37.655738830566406
S003,P0007,2024-01-26,83,592.0,92.01947,-9.01947021484375
S003,P0007,2024-01-27,162,533.0,113.22193,48.77806854248047
S003,P0007,2024-01-28,123,435.0,84.02891,38.971092224121094
S003,P0007,2024-01-29,113,322.0,89.96488,23.035118103027344
S003,P0007,2024-01-30,114,187.0,88.602425,25.39757537841797
S003,P0008,2023-09-07,112,127.0,129.90886,-17.908859252929688
S003,P0008,2023-09-08,81,176.0,120.70846,-39.708457946777344
S003,P0008,2023-09-09,133,297.0,109.42103,23.57897186279297
S003,P0008,2023-09-10,115,177.0,142.49883,-27.498825073242188
S003,P0008,2023-09-11,92,356.0,95.76996,-3.76995849609375
S003,P0008,2023-09-12,144,286.0,138.26837,5.73162841796875
S003,P0008,2023-09-13,114,116.0,110.56,3.44000244140625
S003,P0008,2023-09-14,112,241.0,100.358734,11.641265869140625
S003,P0008,2023-09-15,23,162.0,89.022644,-66.02264404296875
S003,P0008,2023-09-16,65,361.0,98.44395,-33.443946838378906
S003,P0008,2023-09-17,81,289.0,92.56026,-11.560256958007812
S003,P0008,2023-09-18,32,203.0,85.55432,-53.5543212890625
S003,P0008,2023-09-19,150,178.0,124.85149,25.148513793945312
S003,P0008,2023-09-20,80,14.0,88.40338,-8.40338134765625
S003,P0008,2023-09-21,120,273.0,122.38408,-2.3840789794921875
S003,P0008,2023-09-22,121,161.0,124.279396,-3.2793960571289062
S003,P0008,2023-09-23,102,313.0,93.84069,8.159309387207031
S003,P0008,2023-09-24,68,201.0,90.50525,-22.5052490234375
S003,P0008,2023-09-25,135,147.0,131.86432,3.13568115234375
S003,P0008,2023-09-26,102,178.0,96.61724,5.382759094238281
S003,P0008,2023-09-27,143,351.0,127.385704,15.614295959472656
S003,P0008,2023-09-28,88,264.0,89.566414,-1.5664138793945312
S003,P0008,2023-09-29,103,510.0,92.37448,10.625518798828125
S003,P0008,2023-09-30,72,442.0,96.64079,-24.640792846679688
S003,P0008,2023-10-01,175,389.0,136.45859,38.541412353515625
S003,P0008,2023-10-02,112,236.0,134.91685,-22.916854858398438
S003,P0008,2023-10-03,37,476.0,100.29469,-63.29469299316406
S003,P0008,2023-10-04,120,442.0,140.3348,-20.334793090820312
S003,P0008,2023-10-05,116,353.0,110.72893,5.2710723876953125
S003,P0008,2023-10-06,138,231.0,118.78558,19.21441650390625
S003,P0008,2023-10-07,85,136.0,117.2885,-32.28849792480469
S003,P0008,2023-10-08,96,308.0,136.06738,-40.0673828125
S003,P0008,2023-10-09,66,198.0,103.51467,-37.514671325683594
S003,P0008,2023-10-10,88,153.0,111.558266,-23.558265686035156
S003,P0008,2023-10-11,72,200.0,100.45063,-28.45063018798828
S003,P0008,2023-10-12,88,154.0,128.54369,-40.54368591308594
S003,P0008,2023-10-13,88,247.0,95.9886,-7.9886016845703125
S003,P0008,2023-10-14,70,186.0,99.9654,-29.96540069580078
S003,P0008,2023-10-15,94,268.0,102.09948,-8.099479675292969
S003,P0008,2023-10-16,63,192.0,91.31963,-28.31963348388672
S003,P0008,2023-10-17,55,124.0,91.38967,-36.389671325683594
S003,P0008,2023-10-18,133,201.0,116.68961,16.310386657714844
S003,P0008,2023-10-19,114,68.0,130.19804,-16.198043823242188
S003,P0008,2023-10-20,92,234.0,94.44791,-2.447906494140625
S003,P0008,2023-10-21,151,132.0,127.44995,23.550048828125
S003,P0008,2023-10-22,91,219.0,103.877075,-12.8770751953125
S003,P0008,2023-10-23,148,451.0,143.26372,4.7362823486328125
S003,P0008,2023-10-24,123,287.0,111.63554,11.364463806152344
S003,P0008,2023-10-25,77,198.0,99.56721,-22.56720733642578
S003,P0008,2023-10-26,128,372.0,98.72212,29.277877807617188
S003,P0008,2023-10-27,144,239.0,149.81485,-5.814849853515625
S003,P0008,2023-10-28,126,106.0,119.659325,6.340675354003906
S003,P0008,2023-10-29,110,338.0,110.45818,-0.45818328857421875
S003,P0008,2023-10-30,98,254.0,108.79954,-10.799537658691406
S003,P0008,2023-10-31,118,173.0,107.00193,10.998069763183594
S003,P0008,2023-11-01,86,307.0,108.21056,-22.21056365966797
S003,P0008,2023-11-02,94,215.0,109.84345,-15.843452453613281
S003,P0008,2023-11-03,169,148.0,164.10107,4.89892578125
S003,P0008,2023-11-04,122,208.0,119.72164,2.2783584594726562
S003,P0008,2023-11-05,110,401.0,153.08015,-43.08015441894531
S003,P0008,2023-11-06,135,328.0,121.86896,13.13104248046875
S003,P0008,2023-11-07,91,205.0,108.645874,-17.6458740234375
S003,P0008,2023-11-08,58,372.0,100.884125,-42.884124755859375
S003,P0008,2023-11-09,87,310.0,136.55234,-49.552337646484375
S003,P0008,2023-11-10,76,243.0,130.86874,-54.868743896484375
S003,P0008,2023-11-11,118,176.0,120.967804,-2.967803955078125
S003,P0008,2023-11-12,160,85.0,170.8776,-10.877593994140625
S003,P0008,2023-11-13,77,275.0,139.05228,-62.052276611328125
S003,P0008,2023-11-14,40,572.0,98.65897,-58.658973693847656
S003,P0008,2023-11-15,190,529.0,143.09183,46.908172607421875
S003,P0008,2023-11-16,131,346.0,116.89723,14.102767944335938
S003,P0008,2023-11-17,79,206.0,140.10799,-61.10798645019531
S003,P0008,2023-11-18,100,151.0,141.66232,-41.662322998046875
S003,P0008,2023-11-19,108,204.0,101.13988,6.8601226806640625
S003,P0008,2023-11-20,113,125.0,154.44772,-41.447723388671875
S003,P0008,2023-11-21,90,257.0,99.56116,-9.5611572265625
S003,P0008,2023-11-22,97,161.0,104.53511,-7.5351104736328125
S003,P0008,2023-11-23,95,82.0,105.265465,-10.265464782714844
S003,P0008,2023-11-24,113,185.0,144.71039,-31.71038818359375
S003,P0008,2023-11-25,128,250.0,117.121,10.878997802734375
S003,P0008,2023-11-26,81,161.0,99.95187,-18.951873779296875
S003,P0008,2023-11-27,57,332.0,92.68576,-35.685760498046875
S003,P0008,2023-11-28,77,264.0,99.47845,-22.47844696044922
S003,P0008,2023-11-29,89,197.0,97.17047,-8.17047119140625
S003,P0008,2023-11-30,115,133.0,114.41476,0.5852432250976562
S003,P0008,2023-12-01,71,209.0,97.81603,-26.81603240966797
S003,P0008,2023-12-02,128,133.0,104.426895,23.573104858398438
S003,P0008,2023-12-03,106,177.0,102.45976,3.5402374267578125
S003,P0008,2023-12-04,197,356.0,157.66827,39.33172607421875
S003,P0008,2023-12-05,83,222.0,133.07512,-50.07511901855469
S003,P0008,2023-12-06,108,568.0,110.277725,-2.2777252197265625
S003,P0008,2023-12-07,124,497.0,115.3631,8.63690185546875
S003,P0008,2023-12-08,54,371.0,102.817635,-48.81763458251953
S003,P0008,2023-12-09,102,309.0,114.620316,-12.620315551757812
S003,P0008,2023-12-10,114,226.0,103.90046,10.099540710449219
S003,P0008,2023-12-11,72,94.0,103.85724,-31.85723876953125
S003,P0008,2023-12-12,151,252.0,151.24763,-0.2476348876953125
S003,P0008,2023-12-13,85,109.0,102.70343,-17.70343017578125
S003,P0008,2023-12-14,166,384.0,159.68959,6.3104095458984375
S003,P0008,2023-12-15,192,230.0,178.74066,13.25933837890625
S003,P0008,2023-12-16,64,472.0,108.27722,-44.2772216796875
S003,P0008,2023-12-17,104,427.0,152.87337,-48.87336730957031
S003,P0008,2023-12-18,106,356.0,117.39565,-11.395652770996094
S003,P0008,2023-12-19,135,273.0,117.134796,17.865203857421875
S003,P0008,2023-12-20,224,171.0,192.47906,31.52093505859375
S003,P0008,2023-12-21,150,322.0,150.0702,-0.0702056884765625
S003,P0008,2023-12-22,135,565.0,182.28508,-47.28507995605469
S003,P0008,2023-12-23,159,447.0,169.6444,-10.644393920898438
S003,P0008,2023-12-24,133,340.0,158.77092,-25.770919799804688
S003,P0008,2023-12-25,103,203.0,143.13928,-40.1392822265625
S003,P0008,2023-12-26,112,133.0,183.56729,-71.56729125976562
S003,P0008,2023-12-27,53,253.0,109.74103,-56.74102783203125
S003,P0008,2023-12-28,77,191.0,112.46755,-35.467552185058594
S003,P0008,2023-12-29,103,102.0,117.56823,-14.568229675292969
S003,P0008,2023-12-30,128,191.0,124.95691,3.0430908203125
S003,P0008,2023-12-31,178,234.0,150.18538,27.814620971679688
S003,P0008,2024-01-01,38,49.0,96.43325,-58.433250427246094
S003,P0008,2024-01-02,120,430.0,110.68971,9.310287475585938
S003,P0008,2024-01-03,115,315.0,152.87927,-37.8792724609375
S003,P0008,2024-01-04,121,228.0,158.7888,-37.78880310058594
S003,P0008,2024-01-05,212,135.0,188.14087,23.859130859375
S003,P0008,2024-01-06,189,276.0,154.85284,34.14715576171875
S003,P0008,2024-01-07,93,443.0,108.99652,-15.99652099609375
S003,P0008,2024-01-08,191,385.0,168.32599,22.67401123046875
S003,P0008,2024-01-09,93,196.0,179.73744,-86.73744201660156
S003,P0008,2024-01-10,118,507.0,144.66356,-26.663558959960938
S003,P0008,2024-01-11,107,428.0,176.47125,-69.47125244140625
S003,P0008,2024-01-12,75,305.0,129.41963,-54.41963195800781
S003,P0008,2024-01-13,168,239.0,153.34305,14.656951904296875
S003,P0008,2024-01-14,111,59.0,146.26987,-35.269866943359375
S003,P0008,2024-01-15,129,275.0,144.17421,-15.174209594726562
S003,P0008,2024-01-16,120,168.0,185.58972,-65.5897216796875
S003,P0008,2024-01-17,155,326.0,188.04616,-33.04615783691406
S003,P0008,2024-01-18,50,171.0,127.59895,-77.59895324707031
S003,P0008,2024-01-19,106,424.0,132.16199,-26.1619873046875
S003,P0008,2024-01-20,116,337.0,127.0352,-11.035202026367188
S003,P0008,2024-01-21,107,214.0,125.66837,-18.668373107910156
S003,P0008,2024-01-22,122,140.0,128.6056,-6.6056060791015625
S003,P0008,2024-01-23,88,207.0,139.60316,-51.60316467285156
S003,P0008,2024-01-24,187,374.0,168.00009,18.999908447265625
S003,P0008,2024-01-25,109,156.0,129.63223,-20.632232666015625
S003,P0008,2024-01-26,135,379.0,141.54468,-6.544677734375
S003,P0008,2024-01-27,149,233.0,184.33374,-35.333740234375
S003,P0008,2024-01-28,74,102.0,130.55363,-56.55363464355469
S003,P0008,2024-01-29,166,322.0,147.5676,18.432403564453125
S003,P0008,2024-01-30,114,170.0,145.6065,-31.60650634765625
S003,P0009,2023-09-07,71,163.0,89.922966,-18.92296600341797
S003,P0009,2023-09-08,113,104.0,96.41382,16.586181640625
S003,P0009,2023-09-09,177,136.0,151.62549,25.37451171875
S003,P0009,2023-09-10,137,192.0,109.69783,27.302169799804688
S003,P0009,2023-09-11,151,74.0,126.87323,24.12677001953125
S003,P0009,2023-09-12,116,159.0,127.19325,-11.193252563476562
S003,P0009,2023-09-13,253,48.0,151.21632,101.78367614746094
S003,P0009,2023-09-14,92,231.0,88.50387,3.4961318969726562
S003,P0009,2023-09-15,192,136.0,143.78564,48.21435546875
S003,P0009,2023-09-16,86,167.0,88.02932,-2.0293197631835938
S003,P0009,2023-09-17,111,111.0,129.73749,-18.73748779296875
S003,P0009,2023-09-18,114,145.0,130.06093,-16.060928344726562
S003,P0009,2023-09-19,132,131.0,108.72418,23.27581787109375
S003,P0009,2023-09-20,103,128.0,85.48412,17.51587677001953
S003,P0009,2023-09-21,184,129.0,112.00017,71.99983215332031
S003,P0009,2023-09-22,141,149.0,98.689835,42.31016540527344
S003,P0009,2023-09-23,104,178.0,123.46659,-19.466590881347656
S003,P0009,2023-09-24,124,78.0,99.280556,24.719444274902344
S003,P0009,2023-09-25,106,147.0,94.46195,11.538047790527344
S003,P0009,2023-09-26,150,184.0,104.38119,45.618812561035156
S003,P0009,2023-09-27,114,149.0,106.51472,7.485282897949219
S003,P0009,2023-09-28,74,146.0,88.303635,-14.303634643554688
S003,P0009,2023-09-29,156,100.0,118.94178,37.05821990966797
S003,P0009,2023-09-30,113,146.0,103.477875,9.522125244140625
S003,P0009,2023-10-01,105,109.0,90.236725,14.763275146484375
S003,P0009,2023-10-02,166,118.0,146.13852,19.861480712890625
S003,P0009,2023-10-03,42,198.0,149.5913,-107.59129333496094
S003,P0009,2023-10-04,144,158.0,114.21502,29.78498077392578
S003,P0009,2023-10-05,81,163.0,94.2924,-13.292396545410156
S003,P0009,2023-10-06,147,104.0,112.77566,34.224342346191406
S003,P0009,2023-10-07,92,161.0,78.2163,13.783699035644531
S003,P0009,2023-10-08,87,54.0,97.06575,-10.065750122070312
S003,P0009,2023-10-09,51,71.0,79.5237,-28.523696899414062
S003,P0009,2023-10-10,96,68.0,83.71798,12.282020568847656
S003,P0009,2023-10-11,61,113.0,82.35672,-21.356719970703125
S003,P0009,2023-10-12,97,44.0,76.65802,20.34197998046875
S003,P0009,2023-10-13,30,88.0,85.76745,-55.76744842529297
S003,P0009,2023-10-14,67,52.0,87.83339,-20.833389282226562
S003,P0009,2023-10-15,77,64.0,70.151085,6.848915100097656
S003,P0009,2023-10-16,70,71.0,67.58647,2.4135284423828125
S003,P0009,2023-10-17,59,97.0,74.76163,-15.761627197265625
S003,P0009,2023-10-18,82,106.0,98.633354,-16.63335418701172
S003,P0009,2023-10-19,46,120.0,64.855515,-18.855514526367188
S003,P0009,2023-10-20,61,75.0,60.275368,0.7246322631835938
S003,P0009,2023-10-21,111,102.0,91.43493,19.56507110595703
S003,P0009,2023-10-22,92,136.0,70.23403,21.765968322753906
S003,P0009,2023-10-23,129,39.0,86.14911,42.85089111328125
S003,P0009,2023-10-24,82,153.0,74.84849,7.151512145996094
S003,P0009,2023-10-25,163,68.0,80.43285,82.56714630126953
S003,P0009,2023-10-26,185,133.0,112.637314,72.36268615722656
S003,P0009,2023-10-27,169,195.0,109.90198,59.0980224609375
S003,P0009,2023-10-28,147,201.0,115.07594,31.924057006835938
S003,P0009,2023-10-29,171,25.0,107.52156,63.47843933105469
S003,P0009,2023-10-30,107,148.0,99.11795,7.882049560546875
S003,P0009,2023-10-31,120,78.0,97.4766,22.523399353027344
S003,P0009,2023-11-01,95,127.0,91.23561,3.7643890380859375
S003,P0009,2023-11-02,148,141.0,124.06518,23.93482208251953
S003,P0009,2023-11-03,158,203.0,114.36053,43.63947296142578
S003,P0009,2023-11-04,115,78.0,126.20845,-11.208450317382812
S003,P0009,2023-11-05,133,124.0,95.474266,37.525733947753906
S003,P0009,2023-11-06,119,154.0,86.73295,32.267051696777344
S003,P0009,2023-11-07,141,195.0,94.34767,46.65232849121094
S003,P0009,2023-11-08,111,40.0,136.67181,-25.67181396484375
S003,P0009,2023-11-09,172,94.0,109.77736,62.22264099121094
S003,P0009,2023-11-10,121,160.0,91.416954,29.583045959472656
S003,P0009,2023-11-11,185,148.0,119.81406,65.18594360351562
S003,P0009,2023-11-12,101,207.0,93.99529,7.004707336425781
S003,P0009,2023-11-13,108,129.0,129.4074,-21.407394409179688
S003,P0009,2023-11-14,188,131.0,140.50742,47.492584228515625
S003,P0009,2023-11-15,190,191.0,121.30881,68.69119262695312
S003,P0009,2023-11-16,126,224.0,101.97747,24.02252960205078
S003,P0009,2023-11-17,39,143.0,115.149925,-76.1499252319336
S003,P0009,2023-11-18,155,102.0,132.06508,22.934921264648438
S003,P0009,2023-11-19,181,149.0,118.066345,62.93365478515625
S003,P0009,2023-11-20,133,195.0,106.3234,26.676597595214844
S003,P0009,2023-11-21,108,63.0,125.241295,-17.241294860839844
S003,P0009,2023-11-22,100,87.0,92.71838,7.2816162109375
S003,P0009,2023-11-23,138,115.0,100.26172,37.73828125
S003,P0009,2023-11-24,90,179.0,97.79653,-7.796531677246094
S003,P0009,2023-11-25,144,115.0,126.5189,17.481101989746094
S003,P0009,2023-11-26,89,161.0,94.476204,-5.476203918457031
S003,P0009,2023-11-27,109,87.0,99.03967,9.9603271484375
S003,P0009,2023-11-28,172,112.0,133.97908,38.02091979980469
S003,P0009,2023-11-29,204,183.0,112.83587,91.16413116455078
S003,P0009,2023-11-30,91,185.0,95.243935,-4.243934631347656
S003,P0009,2023-12-01,83,80.0,138.33385,-55.33384704589844
S003,P0009,2023-12-02,94,95.0,105.97435,-11.974349975585938
S003,P0009,2023-12-03,169,142.0,137.80843,31.191574096679688
S003,P0009,2023-12-04,162,215.0,138.51613,23.483871459960938
S003,P0009,2023-12-05,118,117.0,86.56,31.44000244140625
S003,P0009,2023-12-06,265,129.0,158.86635,106.13365173339844
S003,P0009,2023-12-07,179,301.0,105.49904,73.50096130371094
S003,P0009,2023-12-08,183,129.0,118.83092,64.16908264160156
S003,P0009,2023-12-09,140,195.0,96.949425,43.050575256347656
S003,P0009,2023-12-10,165,92.0,126.3528,38.64720153808594
S003,P0009,2023-12-11,167,175.0,123.85673,43.143272399902344
S003,P0009,2023-12-12,150,189.0,134.48457,15.515426635742188
S003,P0009,2023-12-13,239,208.0,153.18196,85.81803894042969
S003,P0009,2023-12-14,130,198.0,95.914055,34.08594512939453
S003,P0009,2023-12-15,97,58.0,106.98785,-9.987846374511719
S003,P0009,2023-12-16,69,108.0,93.610085,-24.610084533691406
S003,P0009,2023-12-17,172,117.0,145.95776,26.042236328125
S003,P0009,2023-12-18,152,161.0,133.47212,18.527877807617188
S003,P0009,2023-12-19,106,217.0,97.780365,8.219635009765625
S003,P0009,2023-12-20,113,96.0,99.46797,13.532028198242188
S003,P0009,2023-12-21,116,103.0,133.20085,-17.200851440429688
S003,P0009,2023-12-22,70,127.0,101.03235,-31.0323486328125
S003,P0009,2023-12-23,126,76.0,105.18743,20.81256866455078
S003,P0009,2023-12-24,125,134.0,107.78653,17.213470458984375
S003,P0009,2023-12-25,60,153.0,111.526955,-51.526954650878906
S003,P0009,2023-12-26,203,90.0,147.32008,55.67991638183594
S003,P0009,2023-12-27,39,165.0,84.2483,-45.24829864501953
S003,P0009,2023-12-28,59,129.0,83.07591,-24.075912475585938
S003,P0009,2023-12-29,92,77.0,74.288185,17.711814880371094
S003,P0009,2023-12-30,76,98.0,69.93138,6.0686187744140625
S003,P0009,2023-12-31,68,121.0,77.77866,-9.778663635253906
S003,P0009,2024-01-01,86,50.0,68.92027,17.079727172851562
S003,P0009,2024-01-02,59,83.0,100.06338,-41.063377380371094
S003,P0009,2024-01-03,73,106.0,66.463844,6.536155700683594
S003,P0009,2024-01-04,49,96.0,64.33364,-15.333641052246094
S003,P0009,2024-01-05,69,62.0,54.686413,14.313587188720703
S003,P0009,2024-01-06,57,66.0,85.33827,-28.338272094726562
S003,P0009,2024-01-07,40,66.0,60.634422,-20.634422302246094
S003,P0009,2024-01-08,47,88.0,57.431572,-10.431571960449219
S003,P0009,2024-01-09,138,47.0,110.64123,27.35877227783203
S003,P0009,2024-01-10,88,164.0,87.18148,0.8185195922851562
S003,P0009,2024-01-11,175,107.0,98.08514,76.91486358642578
S003,P0009,2024-01-12,106,155.0,89.19604,16.80396270751953
S003,P0009,2024-01-13,102,45.0,89.21446,12.785537719726562
S003,P0009,2024-01-14,81,105.0,92.527885,-11.527885437011719
S003,P0009,2024-01-15,131,85.0,90.72768,40.27232360839844
S003,P0009,2024-01-16,110,143.0,107.55969,2.4403076171875
S003,P0009,2024-01-17,161,156.0,110.78196,50.218040466308594
S003,P0009,2024-01-18,24,197.0,112.44392,-88.44391632080078
S003,P0009,2024-01-19,128,176.0,92.29212,35.70787811279297
S003,P0009,2024-01-20,106,72.0,119.94026,-13.940261840820312
S003,P0009,2024-01-21,133,98.0,111.792435,21.207565307617188
S003,P0009,2024-01-22,106,124.0,85.955986,20.04401397705078
S003,P0009,2024-01-23,121,98.0,86.47973,34.52027130126953
S003,P0009,2024-01-24,193,127.0,120.30565,72.69435119628906
S003,P0009,2024-01-25,180,159.0,111.055405,68.94459533691406
S003,P0009,2024-01-26,94,201.0,91.8114,2.1885986328125
S003,P0009,2024-01-27,164,97.0,127.112236,36.88776397705078
S003,P0009,2024-01-28,103,146.0,91.596214,11.403785705566406
S003,P0009,2024-01-29,138,40.0,101.79703,36.202972412109375
S003,P0009,2024-01-30,151,123.0,111.958015,39.04198455810547
S003,P0010,2023-09-07,119,100.0,141.9218,-22.921798706054688
S003,P0010,2023-09-08,81,96.0,107.47479,-26.47479248046875
S003,P0010,2023-09-09,116,84.0,109.08505,6.914947509765625
S003,P0010,2023-09-10,117,112.0,106.347176,10.652824401855469
S003,P0010,2023-09-11,85,107.0,110.772865,-25.772865295410156
S003,P0010,2023-09-12,138,141.0,116.57377,21.426231384277344
S003,P0010,2023-09-13,129,118.0,142.93091,-13.930908203125
S003,P0010,2023-09-14,76,143.0,114.98829,-38.98828887939453
S003,P0010,2023-09-15,164,147.0,141.16109,22.838912963867188
S003,P0010,2023-09-16,167,158.0,109.40866,57.591339111328125
S003,P0010,2023-09-17,127,160.0,141.31255,-14.312545776367188
S003,P0010,2023-09-18,101,179.0,118.35753,-17.357528686523438
S003,P0010,2023-09-19,83,66.0,146.68497,-63.684967041015625
S003,P0010,2023-09-20,95,84.0,114.74367,-19.743667602539062
S003,P0010,2023-09-21,201,100.0,128.94955,72.05044555664062
S003,P0010,2023-09-22,101,172.0,106.99891,-5.998908996582031
S003,P0010,2023-09-23,94,85.0,109.28871,-15.288711547851562
S003,P0010,2023-09-24,99,113.0,107.51,-8.510002136230469
S003,P0010,2023-09-25,174,80.0,107.562965,66.4370346069336
S003,P0010,2023-09-26,88,184.0,112.25499,-24.254989624023438
S003,P0010,2023-09-27,75,80.0,108.63274,-33.63273620605469
S003,P0010,2023-09-28,141,110.0,111.63868,29.36132049560547
S003,P0010,2023-09-29,74,170.0,102.43611,-28.436111450195312
S003,P0010,2023-09-30,108,108.0,107.45253,0.5474700927734375
S003,P0010,2023-10-01,219,130.0,86.879814,132.12018585205078
S003,P0010,2023-10-02,103,206.0,143.58847,-40.588470458984375
S003,P0010,2023-10-03,103,112.0,142.0322,-39.032196044921875
S003,P0010,2023-10-04,153,157.0,144.00703,8.992965698242188
S003,P0010,2023-10-05,91,187.0,113.71897,-22.718971252441406
S003,P0010,2023-10-06,180,89.0,94.88788,85.11212158203125
S003,P0010,2023-10-07,67,209.0,119.54447,-52.544471740722656
S003,P0010,2023-10-08,57,140.0,82.23049,-25.230491638183594
S003,P0010,2023-10-09,53,85.0,92.0211,-39.02110290527344
S003,P0010,2023-10-10,61,100.0,85.719734,-24.71973419189453
S003,P0010,2023-10-11,70,106.0,80.217834,-10.21783447265625
S003,P0010,2023-10-12,85,134.0,101.053375,-16.053375244140625
S003,P0010,2023-10-13,101,149.0,79.07514,21.92485809326172
S003,P0010,2023-10-14,80,165.0,106.781845,-26.781845092773438
S003,P0010,2023-10-15,62,103.0,77.847885,-15.847885131835938
S003,P0010,2023-10-16,105,103.0,81.14736,23.852638244628906
S003,P0010,2023-10-17,31,118.0,81.77909,-50.779090881347656
S003,P0010,2023-10-18,78,86.0,72.288376,5.7116241455078125
S003,P0010,2023-10-19,113,104.0,100.81015,12.189849853515625
S003,P0010,2023-10-20,97,121.0,81.42573,15.574272155761719
S003,P0010,2023-10-21,92,134.0,98.22942,-6.229423522949219
S003,P0010,2023-10-22,125,127.0,102.127,22.873001098632812
S003,P0010,2023-10-23,63,181.0,89.40465,-26.404647827148438
S003,P0010,2023-10-24,58,126.0,77.64925,-19.649246215820312
S003,P0010,2023-10-25,111,79.0,100.70171,10.298286437988281
S003,P0010,2023-10-26,137,130.0,104.40638,32.59362030029297
S003,P0010,2023-10-27,134,151.0,103.39083,30.609169006347656
S003,P0010,2023-10-28,121,117.0,126.947845,-5.947845458984375
S003,P0010,2023-10-29,160,138.0,97.573524,62.426475524902344
S003,P0010,2023-10-30,157,145.0,106.02698,50.9730224609375
S003,P0010,2023-10-31,116,164.0,111.666565,4.33343505859375
S003,P0010,2023-11-01,99,185.0,106.71562,-7.7156219482421875
S003,P0010,2023-11-02,111,93.0,139.26363,-28.263626098632812
S003,P0010,2023-11-03,153,134.0,101.24368,51.756317138671875
S003,P0010,2023-11-04,270,142.0,118.54037,151.45963287353516
S003,P0010,2023-11-05,78,304.0,105.32741,-27.327407836914062
S003,P0010,2023-11-06,70,210.0,106.9288,-36.928802490234375
S003,P0010,2023-11-07,90,161.0,135.43985,-45.439849853515625
S003,P0010,2023-11-08,204,62.0,148.34235,55.65765380859375
S003,P0010,2023-11-09,133,219.0,144.83372,-11.833724975585938
S003,P0010,2023-11-10,131,107.0,111.64633,19.353668212890625
S003,P0010,2023-11-11,219,138.0,96.7918,122.20819854736328
S003,P0010,2023-11-12,130,206.0,145.58409,-15.584091186523438
S003,P0010,2023-11-13,136,105.0,116.68815,19.311851501464844
S003,P0010,2023-11-14,69,121.0,126.09435,-57.09435272216797
S003,P0010,2023-11-15,174,114.0,153.74448,20.255523681640625
S003,P0010,2023-11-16,125,141.0,112.4773,12.522697448730469
S003,P0010,2023-11-17,100,101.0,115.205894,-15.205894470214844
S003,P0010,2023-11-18,171,105.0,102.81422,68.18578338623047
S003,P0010,2023-11-19,200,199.0,127.71011,72.28988647460938
S003,P0010,2023-11-20,76,186.0,108.81846,-32.818458557128906
S003,P0010,2023-11-21,139,121.0,111.33879,27.661209106445312
S003,P0010,2023-11-22,204,149.0,137.68298,66.3170166015625
S003,P0010,2023-11-23,69,185.0,147.76552,-78.76551818847656
S003,P0010,2023-11-24,116,111.0,122.30142,-6.301422119140625
S003,P0010,2023-11-25,125,97.0,114.6741,10.325897216796875
S003,P0010,2023-11-26,48,131.0,117.70052,-69.70052337646484
S003,P0010,2023-11-27,152,84.0,115.24533,36.754669189453125
S003,P0010,2023-11-28,131,180.0,115.96283,15.03717041015625
S003,P0010,2023-11-29,125,206.0,116.058716,8.9412841796875
S003,P0010,2023-11-30,85,124.0,109.11481,-24.11480712890625
S003,P0010,2023-12-01,161,137.0,108.90106,52.09893798828125
S003,P0010,2023-12-02,100,178.0,124.76357,-24.763572692871094
S003,P0010,2023-12-03,118,110.0,125.86466,-7.864662170410156
S003,P0010,2023-12-04,131,124.0,126.09861,4.901390075683594
S003,P0010,2023-12-05,97,169.0,127.926155,-30.92615509033203
S003,P0010,2023-12-06,182,100.0,96.09696,85.90303802490234
S003,P0010,2023-12-07,109,189.0,116.79455,-7.794548034667969
S003,P0010,2023-12-08,176,68.0,148.61635,27.383651733398438
S003,P0010,2023-12-09,108,152.0,165.42792,-57.42791748046875
S003,P0010,2023-12-10,146,152.0,147.4673,-1.4673004150390625
S003,P0010,2023-12-11,77,128.0,156.31964,-79.31964111328125
S003,P0010,2023-12-12,129,137.0,121.22281,7.777191162109375
S003,P0010,2023-12-13,144,178.0,114.48941,29.510589599609375
S003,P0010,2023-12-14,79,191.0,114.85056,-35.850563049316406
S003,P0010,2023-12-15,51,113.0,111.32776,-60.3277587890625
S003,P0010,2023-12-16,52,131.0,121.679306,-69.67930603027344
S003,P0010,2023-12-17,106,88.0,139.36665,-33.36665344238281
S003,P0010,2023-12-18,100,130.0,148.95535,-48.955352783203125
S003,P0010,2023-12-19,38,164.0,103.36897,-65.36897277832031
S003,P0010,2023-12-20,224,135.0,110.79853,113.20146942138672
S003,P0010,2023-12-21,181,200.0,91.78697,89.21302795410156
S003,P0010,2023-12-22,104,160.0,109.387764,-5.387763977050781
S003,P0010,2023-12-23,84,160.0,109.30083,-25.300827026367188
S003,P0010,2023-12-24,207,90.0,141.0013,65.99870300292969
S003,P0010,2023-12-25,4,197.0,135.41689,-131.41688537597656
S003,P0010,2023-12-26,172,193.0,104.40112,67.598876953125
S003,P0010,2023-12-27,96,236.0,115.211586,-19.211585998535156
S003,P0010,2023-12-28,123,162.0,80.47666,42.523338317871094
S003,P0010,2023-12-29,66,188.0,77.503265,-11.503265380859375
S003,P0010,2023-12-30,86,113.0,82.35506,3.6449432373046875
S003,P0010,2023-12-31,95,155.0,79.89458,15.105422973632812
S003,P0010,2024-01-01,94,168.0,98.858055,-4.858055114746094
S003,P0010,2024-01-02,52,81.0,68.01151,-16.011512756347656
S003,P0010,2024-01-03,58,78.0,70.23017,-12.230171203613281
S003,P0010,2024-01-04,45,97.0,77.1275,-32.12750244140625
S003,P0010,2024-01-05,193,109.0,73.43066,119.56934356689453
S003,P0010,2024-01-06,75,209.0,62.466133,12.533866882324219
S003,P0010,2024-01-07,68,123.0,93.6669,-25.666900634765625
S003,P0010,2024-01-08,56,133.0,54.523872,1.4761276245117188
S003,P0010,2024-01-09,161,71.0,98.80989,62.19010925292969
S003,P0010,2024-01-10,186,181.0,131.14214,54.85786437988281
S003,P0010,2024-01-11,124,257.0,111.208755,12.791244506835938
S003,P0010,2024-01-12,116,122.0,100.63581,15.364189147949219
S003,P0010,2024-01-13,107,127.0,101.23312,5.766876220703125
S003,P0010,2024-01-14,114,126.0,101.430595,12.569404602050781
S003,P0010,2024-01-15,119,129.0,108.340004,10.659996032714844
S003,P0010,2024-01-16,142,184.0,132.36888,9.631118774414062
S003,P0010,2024-01-17,98,252.0,133.11371,-35.11370849609375
S003,P0010,2024-01-18,122,180.0,107.67963,14.32037353515625
S003,P0010,2024-01-19,116,192.0,108.90395,7.096046447753906
S003,P0010,2024-01-20,58,95.0,99.413216,-41.41321563720703
S003,P0010,2024-01-21,77,87.0,126.4833,-49.483299255371094
S003,P0010,2024-01-22,94,99.0,97.79903,-3.7990264892578125
S003,P0010,2024-01-23,96,148.0,96.80437,-0.8043670654296875
S003,P0010,2024-01-24,228,159.0,125.751465,102.24853515625
S003,P0010,2024-01-25,90,195.0,108.5212,-18.521202087402344
S003,P0010,2024-01-26,18,132.0,94.14917,-76.149169921875
S003,P0010,2024-01-27,137,120.0,131.84714,5.152862548828125
S003,P0010,2024-01-28,104,151.0,99.96209,4.037910461425781
S003,P0010,2024-01-29,94,135.0,99.75849,-5.758491516113281
S003,P0010,2024-01-30,132,111.0,105.308975,26.691024780273438
S003,P0011,2023-09-07,97,409.0,170.48955,-73.48954772949219
S003,P0011,2023-09-08,69,300.0,148.6781,-79.6781005859375
S003,P0011,2023-09-09,39,234.0,99.91043,-60.910430908203125
S003,P0011,2023-09-10,165,198.0,161.8654,3.1345977783203125
S003,P0011,2023-09-11,131,43.0,152.9522,-21.952194213867188
S003,P0011,2023-09-12,115,335.0,125.08953,-10.089530944824219
S003,P0011,2023-09-13,105,226.0,130.66992,-25.669921875
S003,P0011,2023-09-14,89,132.0,117.99501,-28.995010375976562
S003,P0011,2023-09-15,137,212.0,140.24333,-3.2433319091796875
S003,P0011,2023-09-16,183,108.0,181.22281,1.777191162109375
S003,P0011,2023-09-17,104,311.0,162.37103,-58.37103271484375
S003,P0011,2023-09-18,112,578.0,140.1856,-28.185592651367188
S003,P0011,2023-09-19,122,496.0,119.62969,2.3703079223632812
S003,P0011,2023-09-20,70,410.0,114.009224,-44.00922393798828
S003,P0011,2023-09-21,123,343.0,118.85829,4.1417083740234375
S003,P0011,2023-09-22,177,258.0,170.76524,6.2347564697265625
S003,P0011,2023-09-23,92,116.0,130.51529,-38.515289306640625
S003,P0011,2023-09-24,86,427.0,117.15933,-31.159332275390625
S003,P0011,2023-09-25,141,366.0,149.03897,-8.038970947265625
S003,P0011,2023-09-26,82,248.0,118.59909,-36.599090576171875
S003,P0011,2023-09-27,83,150.0,130.39583,-47.39582824707031
S003,P0011,2023-09-28,134,51.0,153.3444,-19.344406127929688
S003,P0011,2023-09-29,88,171.0,127.04726,-39.04725646972656
S003,P0011,2023-09-30,84,395.0,131.13268,-47.13267517089844
S003,P0011,2023-10-01,146,307.0,179.19827,-33.198272705078125
S003,P0011,2023-10-02,78,144.0,124.07428,-46.07427978515625
S003,P0011,2023-10-03,107,356.0,121.5921,-14.59210205078125
S003,P0011,2023-10-04,65,239.0,101.590004,-36.590003967285156
S003,P0011,2023-10-05,204,193.0,143.8274,60.172607421875
S003,P0011,2023-10-06,51,60.0,109.04324,-58.043243408203125
S003,P0011,2023-10-07,49,399.0,130.88037,-81.88037109375
S003,P0011,2023-10-08,72,355.0,141.50621,-69.50621032714844
S003,P0011,2023-10-09,38,280.0,98.1843,-60.184303283691406
S003,P0011,2023-10-10,158,255.0,114.3955,43.60449981689453
S003,P0011,2023-10-11,35,102.0,103.80686,-68.8068618774414
S003,P0011,2023-10-12,51,336.0,100.31003,-49.310028076171875
S003,P0011,2023-10-13,64,283.0,77.30614,-13.306137084960938
S003,P0011,2023-10-14,54,208.0,81.3309,-27.330902099609375
S003,P0011,2023-10-15,49,159.0,74.02462,-25.024620056152344
S003,P0011,2023-10-16,62,115.0,65.68074,-3.6807403564453125
S003,P0011,2023-10-17,148,148.0,105.68005,42.3199462890625
S003,P0011,2023-10-18,75,47.0,72.5045,2.4954986572265625
S003,P0011,2023-10-19,78,268.0,107.44266,-29.442657470703125
S003,P0011,2023-10-20,56,213.0,82.77515,-26.775146484375
S003,P0011,2023-10-21,99,150.0,99.839165,-0.8391647338867188
S003,P0011,2023-10-22,78,72.0,78.62379,-0.6237869262695312
S003,P0011,2023-10-23,64,237.0,103.19982,-39.19982147216797
S003,P0011,2023-10-24,57,181.0,67.70043,-10.700431823730469
S003,P0011,2023-10-25,177,115.0,78.16338,98.83661651611328
S003,P0011,2023-10-26,99,0.0,103.47708,-4.477081298828125
S003,P0011,2023-10-27,77,376.0,72.73203,4.267967224121094
S003,P0011,2023-10-28,114,314.0,78.261734,35.73826599121094
S003,P0011,2023-10-29,41,190.0,76.14429,-35.144287109375
S003,P0011,2023-10-30,84,147.0,79.369705,4.6302947998046875
S003,P0011,2023-10-31,134,77.0,79.99725,54.00274658203125
S003,P0011,2023-11-01,93,156.0,80.14117,12.858833312988281
S003,P0011,2023-11-02,142,383.0,86.754364,55.245635986328125
S003,P0011,2023-11-03,108,222.0,81.280464,26.71953582763672
S003,P0011,2023-11-04,151,110.0,122.76533,28.23467254638672
S003,P0011,2023-11-05,145,215.0,96.64945,48.350547790527344
S003,P0011,2023-11-06,181,316.0,150.30354,30.696456909179688
S003,P0011,2023-11-07,104,190.0,126.3031,-22.3031005859375
S003,P0011,2023-11-08,113,418.0,112.83221,0.16779327392578125
S003,P0011,2023-11-09,76,318.0,112.31504,-36.315040588378906
S003,P0011,2023-11-10,139,254.0,111.76099,27.239013671875
S003,P0011,2023-11-11,190,164.0,185.49355,4.5064544677734375
S003,P0011,2023-11-12,48,305.0,114.60973,-66.60973358154297
S003,P0011,2023-11-13,104,275.0,128.15349,-24.153488159179688
S003,P0011,2023-11-14,150,161.0,138.58005,11.419952392578125
S003,P0011,2023-11-15,98,42.0,157.61401,-59.614013671875
S003,P0011,2023-11-16,100,258.0,123.74948,-23.749481201171875
S003,P0011,2023-11-17,188,139.0,193.50569,-5.5056915283203125
S003,P0011,2023-11-18,56,168.0,146.09167,-90.0916748046875
S003,P0011,2023-11-19,122,463.0,128.84029,-6.8402862548828125
S003,P0011,2023-11-20,109,346.0,115.44415,-6.44415283203125
S003,P0011,2023-11-21,84,227.0,152.64037,-68.64036560058594
S003,P0011,2023-11-22,138,166.0,141.6372,-3.63720703125
S003,P0011,2023-11-23,77,211.0,113.43331,-36.433311462402344
S003,P0011,2023-11-24,136,453.0,166.13486,-30.134857177734375
S003,P0011,2023-11-25,127,353.0,180.65862,-53.65861511230469
S003,P0011,2023-11-26,123,209.0,163.36142,-40.361419677734375
S003,P0011,2023-11-27,96,129.0,133.95042,-37.95042419433594
S003,P0011,2023-11-28,92,289.0,127.00715,-35.00714874267578
S003,P0011,2023-11-29,142,201.0,141.66801,0.3319854736328125
S003,P0011,2023-11-30,140,108.0,149.04987,-9.04986572265625
S003,P0011,2023-12-01,199,341.0,181.81519,17.184814453125
S003,P0011,2023-12-02,105,214.0,150.26111,-45.2611083984375
S003,P0011,2023-12-03,156,569.0,175.86761,-19.86761474609375
S003,P0011,2023-12-04,94,423.0,175.65631,-81.65631103515625
S003,P0011,2023-12-05,59,351.0,135.85278,-76.852783203125
S003,P0011,2023-12-06,215,292.0,221.91302,-6.91302490234375
S003,P0011,2023-12-07,169,58.0,203.81389,-34.81388854980469
S003,P0011,2023-12-08,120,413.0,147.47495,-27.474945068359375
S003,P0011,2023-12-09,69,313.0,152.89891,-83.89891052246094
S003,P0011,2023-12-10,67,265.0,128.57999,-61.579986572265625
S003,P0011,2023-12-11,146,196.0,193.70737,-47.707366943359375
S003,P0011,2023-12-12,97,69.0,137.82883,-40.828826904296875
S003,P0011,2023-12-13,103,269.0,136.74617,-33.74617004394531
S003,P0011,2023-12-14,138,151.0,156.69624,-18.696243286132812
S003,P0011,2023-12-15,104,0.0,140.4743,-36.47430419921875
S003,P0011,2023-12-16,66,229.0,149.4847,-83.48469543457031
S003,P0011,2023-12-17,144,351.0,159.5293,-15.529296875
S003,P0011,2023-12-18,121,214.0,138.0141,-17.01409912109375
S003,P0011,2023-12-19,124,81.0,176.81247,-52.812469482421875
S003,P0011,2023-12-20,141,248.0,147.71849,-6.7184906005859375
S003,P0011,2023-12-21,131,97.0,144.88292,-13.882919311523438
S003,P0011,2023-12-22,73,249.0,161.62001,-88.62001037597656
S003,P0011,2023-12-23,111,175.0,138.59854,-27.598541259765625
S003,P0011,2023-12-24,65,49.0,129.95035,-64.95034790039062
S003,P0011,2023-12-25,131,230.0,154.46065,-23.460647583007812
S003,P0011,2023-12-26,122,120.0,175.90475,-53.904754638671875
S003,P0011,2023-12-27,37,253.0,107.497986,-70.49798583984375
S003,P0011,2023-12-28,64,219.0,121.07388,-57.073883056640625
S003,P0011,2023-12-29,96,153.0,106.83328,-10.833282470703125
S003,P0011,2023-12-30,18,78.0,89.94041,-71.9404067993164
S003,P0011,2023-12-31,31,292.0,71.51599,-40.5159912109375
S003,P0011,2024-01-01,53,263.0,56.49335,-3.4933509826660156
S003,P0011,2024-01-02,57,214.0,40.944267,16.05573272705078
S003,P0011,2024-01-03,40,147.0,60.09621,-20.096210479736328
S003,P0011,2024-01-04,67,102.0,61.040764,5.959236145019531
S003,P0011,2024-01-05,48,60.0,41.856205,6.143795013427734
S003,P0011,2024-01-06,108,126.0,54.102493,53.89750671386719
S003,P0011,2024-01-07,54,0.0,44.272236,9.727764129638672
S003,P0011,2024-01-08,53,240.0,48.659275,4.340724945068359
S003,P0011,2024-01-09,56,197.0,66.53003,-10.530029296875
S003,P0011,2024-01-10,46,141.0,70.09029,-24.090286254882812
S003,P0011,2024-01-11,157,99.0,98.05177,58.94822692871094
S003,P0011,2024-01-12,72,77.0,77.475914,-5.475914001464844
S003,P0011,2024-01-13,64,393.0,80.015526,-16.015525817871094
S003,P0011,2024-01-14,116,350.0,81.59224,34.40776062011719
S003,P0011,2024-01-15,87,278.0,88.05464,-1.0546417236328125
S003,P0011,2024-01-16,66,198.0,71.28858,-5.288581848144531
S003,P0011,2024-01-17,194,140.0,112.39178,81.60822296142578
S003,P0011,2024-01-18,108,0.0,100.11653,7.8834686279296875
S003,P0011,2024-01-19,133,417.0,92.257164,40.742835998535156
S003,P0011,2024-01-20,166,324.0,126.95224,39.047760009765625
S003,P0011,2024-01-21,75,211.0,99.82883,-24.828826904296875
S003,P0011,2024-01-22,141,427.0,110.097916,30.902084350585938
S003,P0011,2024-01-23,102,309.0,106.00427,-4.0042724609375
S003,P0011,2024-01-24,81,194.0,100.14252,-19.14251708984375
S003,P0011,2024-01-25,106,103.0,101.71659,4.283409118652344
S003,P0011,2024-01-26,91,130.0,91.062584,-0.06258392333984375
S003,P0011,2024-01-27,101,226.0,84.809425,16.190574645996094
S003,P0011,2024-01-28,106,165.0,91.12517,14.874832153320312
S003,P0011,2024-01-29,114,250.0,90.0563,23.943702697753906
S003,P0011,2024-01-30,134,143.0,98.30303,35.69696807861328
S003,P0012,2023-09-07,96,204.0,73.09476,22.905242919921875
S003,P0012,2023-09-08,74,102.0,99.113846,-25.113845825195312
S003,P0012,2023-09-09,37,206.0,69.381775,-32.38177490234375
S003,P0012,2023-09-10,124,180.0,91.37138,32.62861633300781
S003,P0012,2023-09-11,75,66.0,68.33989,6.6601104736328125
S003,P0012,2023-09-12,58,238.0,66.325554,-8.325553894042969
S003,P0012,2023-09-13,66,184.0,85.47208,-19.472076416015625
S003,P0012,2023-09-14,55,138.0,61.325855,-6.325855255126953
S003,P0012,2023-09-15,60,235.0,62.325096,-2.3250961303710938
S003,P0012,2023-09-16,85,198.0,64.55377,20.44622802734375
S003,P0012,2023-09-17,118,136.0,83.49207,34.50792694091797
S003,P0012,2023-09-18,108,188.0,84.424545,23.575454711914062
S003,P0012,2023-09-19,59,358.0,60.716206,-1.7162055969238281
S003,P0012,2023-09-20,82,302.0,62.414364,19.585636138916016
S003,P0012,2023-09-21,76,233.0,61.924515,14.075485229492188
S003,P0012,2023-09-22,86,163.0,79.53093,6.4690704345703125
S003,P0012,2023-09-23,84,97.0,67.74651,16.25348663330078
S003,P0012,2023-09-24,49,203.0,65.70768,-16.707679748535156
S003,P0012,2023-09-25,54,153.0,78.70105,-24.7010498046875
S003,P0012,2023-09-26,62,121.0,63.042988,-1.0429878234863281
S003,P0012,2023-09-27,74,172.0,61.771606,12.2283935546875
S003,P0012,2023-09-28,92,127.0,82.34424,9.65576171875
S003,P0012,2023-09-29,42,166.0,63.781857,-21.781856536865234
S003,P0012,2023-09-30,67,338.0,60.611443,6.388557434082031
S003,P0012,2023-10-01,74,277.0,58.339283,15.660717010498047
S003,P0012,2023-10-02,65,195.0,82.76256,-17.762557983398438
S003,P0012,2023-10-03,144,135.0,86.764755,57.23524475097656
S003,P0012,2023-10-04,68,159.0,71.82616,-3.8261566162109375
S003,P0012,2023-10-05,70,429.0,62.54691,7.453090667724609
S003,P0012,2023-10-06,76,367.0,62.276764,13.723236083984375
S003,P0012,2023-10-07,50,321.0,62.099064,-12.099063873291016
S003,P0012,2023-10-08,38,280.0,57.14979,-19.149791717529297
S003,P0012,2023-10-09,42,243.0,46.54097,-4.5409698486328125
S003,P0012,2023-10-10,67,193.0,60.026768,6.973232269287109
S003,P0012,2023-10-11,28,131.0,41.370983,-13.370983123779297
S003,P0012,2023-10-12,50,229.0,48.409878,1.5901222229003906
S003,P0012,2023-10-13,70,169.0,52.16828,17.83171844482422
S003,P0012,2023-10-14,45,88.0,47.935806,-2.9358062744140625
S003,P0012,2023-10-15,30,184.0,39.027565,-9.027565002441406
S003,P0012,2023-10-16,16,163.0,34.06603,-18.066028594970703
S003,P0012,2023-10-17,35,148.0,30.026459,4.973541259765625
S003,P0012,2023-10-18,47,115.0,41.344997,5.655002593994141
S003,P0012,2023-10-19,38,76.0,35.11701,2.8829917907714844
S003,P0012,2023-10-20,39,126.0,44.676575,-5.67657470703125
S003,P0012,2023-10-21,35,80.0,48.490013,-13.490013122558594
S003,P0012,2023-10-22,25,109.0,33.72057,-8.720569610595703
S003,P0012,2023-10-23,35,79.0,30.66927,4.330730438232422
S003,P0012,2023-10-24,25,102.0,34.741066,-9.741065979003906
S003,P0012,2023-10-25,98,130.0,72.423904,25.576095581054688
S003,P0012,2023-10-26,99,60.0,71.89203,27.10797119140625
S003,P0012,2023-10-27,68,178.0,62.158844,5.841156005859375
S003,P0012,2023-10-28,82,355.0,61.39152,20.608478546142578
S003,P0012,2023-10-29,79,272.0,62.0694,16.930599212646484
S003,P0012,2023-10-30,83,182.0,63.812206,19.187793731689453
S003,P0012,2023-10-31,107,124.0,72.59228,34.40772247314453
S003,P0012,2023-11-01,72,184.0,82.41005,-10.410049438476562
S003,P0012,2023-11-02,56,356.0,62.39825,-6.398250579833984
S003,P0012,2023-11-03,29,294.0,79.22257,-50.222572326660156
S003,P0012,2023-11-04,116,262.0,58.972088,57.02791213989258
S003,P0012,2023-11-05,32,158.0,76.05947,-44.059471130371094
S003,P0012,2023-11-06,81,373.0,56.321762,24.678237915039062
S003,P0012,2023-11-07,32,281.0,61.85079,-29.850788116455078
S003,P0012,2023-11-08,51,245.0,61.73013,-10.73012924194336
S003,P0012,2023-11-09,105,189.0,73.31933,31.68067169189453
S003,P0012,2023-11-10,91,81.0,83.77612,7.223876953125
S003,P0012,2023-11-11,81,193.0,60.44951,20.550491333007812
S003,P0012,2023-11-12,71,102.0,63.848705,7.151294708251953
S003,P0012,2023-11-13,74,171.0,66.55711,7.4428863525390625
S003,P0012,2023-11-14,58,117.0,79.74113,-21.741127014160156
S003,P0012,2023-11-15,71,231.0,61.65308,9.346920013427734
S003,P0012,2023-11-16,74,184.0,62.775333,11.224666595458984
S003,P0012,2023-11-17,73,99.0,62.18622,10.81378173828125
S003,P0012,2023-11-18,152,166.0,90.295685,61.704315185546875
S003,P0012,2023-11-19,85,0.0,83.99205,1.0079498291015625
S003,P0012,2023-11-20,116,335.0,63.297676,52.70232391357422
S003,P0012,2023-11-21,100,254.0,68.692055,31.307945251464844
S003,P0012,2023-11-22,91,192.0,69.538506,21.46149444580078
S003,P0012,2023-11-23,158,273.0,96.33886,61.66114044189453
S003,P0012,2023-11-24,146,158.0,107.67101,38.32898712158203
S003,P0012,2023-11-25,108,376.0,77.754906,30.245094299316406
S003,P0012,2023-11-26,126,253.0,108.10482,17.895179748535156
S003,P0012,2023-11-27,70,131.0,84.79386,-14.793861389160156
S003,P0012,2023-11-28,52,311.0,82.35138,-30.35137939453125
S003,P0012,2023-11-29,102,264.0,82.777176,19.222824096679688
S003,P0012,2023-11-30,84,173.0,82.815186,1.184814453125
S003,P0012,2023-12-01,95,325.0,77.940796,17.0592041015625
S003,P0012,2023-12-02,165,265.0,114.02843,50.97157287597656
S003,P0012,2023-12-03,100,165.0,119.795555,-19.795555114746094
S003,P0012,2023-12-04,92,423.0,101.48207,-9.482070922851562
S003,P0012,2023-12-05,57,325.0,106.19362,-49.19361877441406
S003,P0012,2023-12-06,72,267.0,99.10755,-27.10755157470703
S003,P0012,2023-12-07,93,205.0,99.23752,-6.237518310546875
S003,P0012,2023-12-08,78,107.0,96.18932,-18.18932342529297
S003,P0012,2023-12-09,85,196.0,119.50705,-34.507049560546875
S003,P0012,2023-12-10,73,134.0,116.06947,-43.06947326660156
S003,P0012,2023-12-11,54,261.0,111.44114,-57.441139221191406
S003,P0012,2023-12-12,79,224.0,79.75616,-0.7561569213867188
S003,P0012,2023-12-13,89,138.0,84.57838,4.421623229980469
S003,P0012,2023-12-14,82,200.0,84.93589,-2.9358901977539062
S003,P0012,2023-12-15,113,125.0,115.55829,-2.55828857421875
S003,P0012,2023-12-16,77,184.0,80.98058,-3.9805831909179688
S003,P0012,2023-12-17,122,289.0,109.93642,12.063583374023438
S003,P0012,2023-12-18,55,180.0,91.84633,-36.84632873535156
S003,P0012,2023-12-19,79,366.0,108.73518,-29.735183715820312
S003,P0012,2023-12-20,49,283.0,77.44174,-28.441741943359375
S003,P0012,2023-12-21,37,252.0,72.945366,-35.94536590576172
S003,P0012,2023-12-22,102,220.0,85.31681,16.683189392089844
S003,P0012,2023-12-23,81,116.0,69.43519,11.564811706542969
S003,P0012,2023-12-24,53,256.0,65.44176,-12.441757202148438
S003,P0012,2023-12-25,76,207.0,85.33773,-9.337730407714844
S003,P0012,2023-12-26,113,144.0,67.024284,45.97571563720703
S003,P0012,2023-12-27,30,223.0,59.073887,-29.07388687133789
S003,P0012,2023-12-28,43,455.0,38.820744,4.179256439208984
S003,P0012,2023-12-29,29,423.0,34.810493,-5.810493469238281
S003,P0012,2023-12-30,44,398.0,29.608843,14.391157150268555
S003,P0012,2023-12-31,37,367.0,32.911987,4.0880126953125
S003,P0012,2024-01-01,23,325.0,25.32795,-2.3279495239257812
S003,P0012,2024-01-02,28,299.0,20.263481,7.736518859863281
S003,P0012,2024-01-03,35,277.0,19.086441,15.913558959960938
S003,P0012,2024-01-04,22,256.0,20.154682,1.8453178405761719
S003,P0012,2024-01-05,46,232.0,25.626228,20.37377166748047
S003,P0012,2024-01-06,35,180.0,22.24552,12.754480361938477
S003,P0012,2024-01-07,41,146.0,29.13656,11.863439559936523
S003,P0012,2024-01-08,22,111.0,20.85704,1.1429595947265625
S003,P0012,2024-01-09,139,163.0,82.65805,56.341949462890625
S003,P0012,2024-01-10,67,33.0,66.435425,0.5645751953125
S003,P0012,2024-01-11,87,307.0,82.605064,4.394935607910156
S003,P0012,2024-01-12,102,221.0,80.17089,21.82910919189453
S003,P0012,2024-01-13,69,119.0,87.261604,-18.26160430908203
S003,P0012,2024-01-14,58,267.0,66.091194,-8.091194152832031
S003,P0012,2024-01-15,98,219.0,68.481575,29.51842498779297
S003,P0012,2024-01-16,106,135.0,72.707275,33.292724609375
S003,P0012,2024-01-17,66,227.0,74.89356,-8.893562316894531
S003,P0012,2024-01-18,91,185.0,71.947716,19.052284240722656
S003,P0012,2024-01-19,87,121.0,71.91716,15.082839965820312
S003,P0012,2024-01-20,133,201.0,70.0839,62.916099548339844
S003,P0012,2024-01-21,92,72.0,69.24693,22.753067016601562
S003,P0012,2024-01-22,94,298.0,82.79848,11.201522827148438
S003,P0012,2024-01-23,109,220.0,91.828674,17.17132568359375
S003,P0012,2024-01-24,111,152.0,73.00915,37.99085235595703
S003,P0012,2024-01-25,85,300.0,86.94603,-1.9460296630859375
S003,P0012,2024-01-26,93,204.0,72.39925,20.600753784179688
S003,P0012,2024-01-27,107,117.0,72.19042,34.80957794189453
S003,P0012,2024-01-28,112,222.0,67.691284,44.3087158203125
S003,P0012,2024-01-29,43,121.0,68.70075,-25.70075225830078
S003,P0012,2024-01-30,49,286.0,68.11688,-19.11688232421875
S003,P0013,2023-09-07,63,655.0,120.5554,-57.555397033691406
S003,P0013,2023-09-08,96,597.0,108.78854,-12.788543701171875
S003,P0013,2023-09-09,263,511.0,168.23723,94.76277160644531
S003,P0013,2023-09-10,154,309.0,149.20108,4.798919677734375
S003,P0013,2023-09-11,100,178.0,121.14399,-21.14398956298828
S003,P0013,2023-09-12,68,69.0,116.51443,-48.514427185058594
S003,P0013,2023-09-13,119,1001.0,124.34176,-5.341758728027344
S003,P0013,2023-09-14,105,865.0,158.5101,-53.510101318359375
S003,P0013,2023-09-15,100,790.0,149.9613,-49.9613037109375
S003,P0013,2023-09-16,193,685.0,161.69225,31.307754516601562
S003,P0013,2023-09-17,134,469.0,104.65033,29.34967041015625
S003,P0013,2023-09-18,72,349.0,102.05943,-30.059432983398438
S003,P0013,2023-09-19,113,266.0,108.41221,4.587791442871094
S003,P0013,2023-09-20,65,1033.0,107.59177,-42.591766357421875
S003,P0013,2023-09-21,153,993.0,122.52146,30.478538513183594
S003,P0013,2023-09-22,127,842.0,145.32938,-18.329376220703125
S003,P0013,2023-09-23,106,728.0,115.44329,-9.443290710449219
S003,P0013,2023-09-24,181,662.0,142.13191,38.86808776855469
S003,P0013,2023-09-25,145,464.0,111.144005,33.855995178222656
S003,P0013,2023-09-26,83,305.0,134.8166,-51.81660461425781
S003,P0013,2023-09-27,89,230.0,110.356735,-21.356735229492188
S003,P0013,2023-09-28,78,839.0,118.671844,-40.671844482421875
S003,P0013,2023-09-29,111,771.0,112.81862,-1.8186187744140625
S003,P0013,2023-09-30,133,692.0,113.386284,19.61371612548828
S003,P0013,2023-10-01,140,608.0,103.72648,36.273521423339844
S003,P0013,2023-10-02,158,459.0,145.43857,12.561431884765625
S003,P0013,2023-10-03,96,306.0,144.11986,-48.11985778808594
S003,P0013,2023-10-04,125,207.0,115.21581,9.784187316894531
S003,P0013,2023-10-05,83,716.0,119.26318,-36.26318359375
S003,P0013,2023-10-06,116,637.0,117.59006,-1.590057373046875
S003,P0013,2023-10-07,17,517.0,87.82946,-70.82946014404297
S003,P0013,2023-10-08,92,503.0,100.25558,-8.255577087402344
S003,P0013,2023-10-09,70,407.0,86.44129,-16.44129180908203
S003,P0013,2023-10-10,87,334.0,99.02322,-12.023216247558594
S003,P0013,2023-10-11,80,251.0,86.50613,-6.506126403808594
S003,P0013,2023-10-12,119,175.0,103.80334,15.196662902832031
S003,P0013,2023-10-13,76,96.0,90.19592,-14.1959228515625
S003,P0013,2023-10-14,107,464.0,87.83688,19.163116455078125
S003,P0013,2023-10-15,94,348.0,87.817085,6.182914733886719
S003,P0013,2023-10-16,90,264.0,105.06638,-15.066383361816406
S003,P0013,2023-10-17,97,180.0,102.62967,-5.629669189453125
S003,P0013,2023-10-18,98,495.0,82.82498,15.175018310546875
S003,P0013,2023-10-19,61,383.0,78.61801,-17.618011474609375
S003,P0013,2023-10-20,143,322.0,101.20147,41.79853057861328
S003,P0013,2023-10-21,26,192.0,72.53641,-46.536407470703125
S003,P0013,2023-10-22,122,174.0,92.86067,29.139328002929688
S003,P0013,2023-10-23,89,40.0,103.75709,-14.757087707519531
S003,P0013,2023-10-24,76,488.0,81.27999,-5.279991149902344
S003,P0013,2023-10-25,158,435.0,112.883865,45.11613464355469
S003,P0013,2023-10-26,84,269.0,93.207855,-9.207855224609375
S003,P0013,2023-10-27,167,187.0,90.317726,76.6822738647461
S003,P0013,2023-10-28,198,79.0,102.08548,95.91452026367188
S003,P0013,2023-10-29,110,638.0,107.08467,2.9153289794921875
S003,P0013,2023-10-30,132,510.0,111.1802,20.819801330566406
S003,P0013,2023-10-31,107,384.0,101.57175,5.428253173828125
S003,P0013,2023-11-01,118,940.0,137.16907,-19.1690673828125
S003,P0013,2023-11-02,181,815.0,111.77666,69.22334289550781
S003,P0013,2023-11-03,103,631.0,118.60583,-15.605827331542969
S003,P0013,2023-11-04,95,558.0,107.080956,-12.080955505371094
S003,P0013,2023-11-05,88,492.0,123.86691,-35.866912841796875
S003,P0013,2023-11-06,133,431.0,98.895004,34.10499572753906
S003,P0013,2023-11-07,84,329.0,97.28635,-13.286346435546875
S003,P0013,2023-11-08,128,274.0,131.94357,-3.943572998046875
S003,P0013,2023-11-09,32,154.0,80.67497,-48.67497253417969
S003,P0013,2023-11-10,75,706.0,98.801384,-23.80138397216797
S003,P0013,2023-11-11,94,624.0,96.08464,-2.0846405029296875
S003,P0013,2023-11-12,94,520.0,95.70231,-1.7023086547851562
S003,P0013,2023-11-13,82,417.0,93.89268,-11.892677307128906
S003,P0013,2023-11-14,92,332.0,108.67651,-16.676513671875
S003,P0013,2023-11-15,101,262.0,92.99549,8.004508972167969
S003,P0013,2023-11-16,264,173.0,122.82762,141.17237854003906
S003,P0013,2023-11-17,54,0.0,101.06404,-47.06404113769531
S003,P0013,2023-11-18,169,378.0,140.67279,28.32720947265625
S003,P0013,2023-11-19,125,243.0,111.63701,13.362991333007812
S003,P0013,2023-11-20,118,1040.0,140.83163,-22.831634521484375
S003,P0013,2023-11-21,152,951.0,155.26202,-3.26202392578125
S003,P0013,2023-11-22,111,801.0,121.824455,-10.824455261230469
S003,P0013,2023-11-23,107,733.0,128.90489,-21.904891967773438
S003,P0013,2023-11-24,105,614.0,107.949036,-2.94903564453125
S003,P0013,2023-11-25,102,540.0,138.768,-36.76800537109375
S003,P0013,2023-11-26,87,477.0,101.916626,-14.9166259765625
S003,P0013,2023-11-27,149,377.0,93.472015,55.527984619140625
S003,P0013,2023-11-28,117,232.0,100.452286,16.547714233398438
S003,P0013,2023-11-29,126,104.0,103.8203,22.179702758789062
S003,P0013,2023-11-30,134,19.0,108.576935,25.423065185546875
S003,P0013,2023-12-01,160,584.0,124.75596,35.244041442871094
S003,P0013,2023-12-02,114,473.0,137.82298,-23.822982788085938
S003,P0013,2023-12-03,113,352.0,112.88233,0.11766815185546875
S003,P0013,2023-12-04,141,858.0,160.37703,-19.377029418945312
S003,P0013,2023-12-05,138,726.0,156.7065,-18.706497192382812
S003,P0013,2023-12-06,80,612.0,146.07458,-66.0745849609375
S003,P0013,2023-12-07,132,553.0,106.04281,25.957191467285156
S003,P0013,2023-12-08,140,445.0,116.1457,23.85430145263672
S003,P0013,2023-12-09,93,296.0,115.631615,-22.631614685058594
S003,P0013,2023-12-10,149,215.0,109.63509,39.364906311035156
S003,P0013,2023-12-11,94,607.0,119.44811,-25.44811248779297
S003,P0013,2023-12-12,137,543.0,120.86002,16.139976501464844
S003,P0013,2023-12-13,117,442.0,145.99242,-28.992416381835938
S003,P0013,2023-12-14,102,370.0,138.93262,-36.9326171875
S003,P0013,2023-12-15,105,260.0,123.763535,-18.763534545898438
S003,P0013,2023-12-16,152,787.0,116.62939,35.37061309814453
S003,P0013,2023-12-17,152,693.0,154.67038,-2.670379638671875
S003,P0013,2023-12-18,106,525.0,120.34665,-14.346649169921875
S003,P0013,2023-12-19,116,417.0,117.009445,-1.0094451904296875
S003,P0013,2023-12-20,15,334.0,136.11584,-121.1158447265625
S003,P0013,2023-12-21,153,322.0,117.99528,35.004722595214844
S003,P0013,2023-12-22,125,216.0,143.54164,-18.541641235351562
S003,P0013,2023-12-23,141,657.0,111.876785,29.123214721679688
S003,P0013,2023-12-24,157,529.0,109.94646,47.05354309082031
S003,P0013,2023-12-25,129,396.0,103.16678,25.833221435546875
S003,P0013,2023-12-26,55,256.0,99.8707,-44.870697021484375
S003,P0013,2023-12-27,85,214.0,135.2336,-50.23359680175781
S003,P0013,2023-12-28,92,804.0,100.077156,-8.077156066894531
S003,P0013,2023-12-29,45,732.0,85.006905,-40.00690460205078
S003,P0013,2023-12-30,72,689.0,98.14546,-26.145462036132812
S003,P0013,2023-12-31,105,603.0,92.135506,12.864494323730469
S003,P0013,2024-01-01,67,492.0,66.95175,0.048248291015625
S003,P0013,2024-01-02,82,448.0,87.45623,-5.456230163574219
S003,P0013,2024-01-03,36,391.0,53.198036,-17.198036193847656
S003,P0013,2024-01-04,85,366.0,55.716892,29.28310775756836
S003,P0013,2024-01-05,95,270.0,89.10719,5.8928070068359375
S003,P0013,2024-01-06,90,195.0,64.77751,25.222488403320312
S003,P0013,2024-01-07,140,92.0,92.260864,47.7391357421875
S003,P0013,2024-01-08,69,350.0,56.749817,12.25018310546875
S003,P0013,2024-01-09,162,292.0,114.220375,47.779624938964844
S003,P0013,2024-01-10,117,193.0,126.77917,-9.779167175292969
S003,P0013,2024-01-11,83,734.0,94.88081,-11.880813598632812
S003,P0013,2024-01-12,88,671.0,95.45887,-7.458869934082031
S003,P0013,2024-01-13,124,603.0,101.11263,22.887367248535156
S003,P0013,2024-01-14,151,507.0,93.25502,57.74497985839844
S003,P0013,2024-01-15,87,387.0,97.197266,-10.197265625
S003,P0013,2024-01-16,148,308.0,122.87307,25.126930236816406
S003,P0013,2024-01-17,144,135.0,131.5633,12.43670654296875
S003,P0013,2024-01-18,111,539.0,104.723885,6.276115417480469
S003,P0013,2024-01-19,137,428.0,100.157326,36.842674255371094
S003,P0013,2024-01-20,206,286.0,103.78966,102.21034240722656
S003,P0013,2024-01-21,112,54.0,114.88476,-2.8847579956054688
S003,P0013,2024-01-22,174,0.0,97.3808,76.61920166015625
S003,P0013,2024-01-23,57,558.0,136.94138,-79.94137573242188
S003,P0013,2024-01-24,70,1308.0,101.042366,-31.04236602783203
S003,P0013,2024-01-25,220,1262.0,138.26576,81.73423767089844
S003,P0013,2024-01-26,52,1116.0,112.603424,-60.603424072265625
S003,P0013,2024-01-27,152,1066.0,148.44925,3.550750732421875
S003,P0013,2024-01-28,121,969.0,109.13079,11.869209289550781
S003,P0013,2024-01-29,109,852.0,113.69481,-4.6948089599609375
S003,P0013,2024-01-30,121,781.0,111.18234,9.817657470703125
S003,P0014,2023-09-07,116,257.0,118.474815,-2.4748153686523438
S003,P0014,2023-09-08,103,677.0,122.036575,-19.036575317382812
S003,P0014,2023-09-09,59,592.0,115.45106,-56.45105743408203
S003,P0014,2023-09-10,63,525.0,111.082466,-48.08246612548828
S003,P0014,2023-09-11,131,469.0,146.67824,-15.678237915039062
S003,P0014,2023-09-12,60,332.0,100.67199,-40.67198944091797
S003,P0014,2023-09-13,128,292.0,137.05186,-9.051864624023438
S003,P0014,2023-09-14,70,177.0,102.98742,-32.98741912841797
S003,P0014,2023-09-15,86,132.0,127.5088,-41.50879669189453
S003,P0014,2023-09-16,102,372.0,98.757454,3.2425460815429688
S003,P0014,2023-09-17,96,254.0,97.87327,-1.8732681274414062
S003,P0014,2023-09-18,126,148.0,128.42406,-2.4240570068359375
S003,P0014,2023-09-19,189,371.0,117.57506,71.42494201660156
S003,P0014,2023-09-20,115,228.0,108.005035,6.994964599609375
S003,P0014,2023-09-21,88,138.0,98.38497,-10.384971618652344
S003,P0014,2023-09-22,106,621.0,95.009125,10.990875244140625
S003,P0014,2023-09-23,80,509.0,100.55365,-20.55364990234375
S003,P0014,2023-09-24,159,441.0,101.93057,57.069427490234375
S003,P0014,2023-09-25,129,294.0,107.16535,21.83464813232422
S003,P0014,2023-09-26,176,163.0,158.0649,17.935104370117188
S003,P0014,2023-09-27,205,500.0,157.87906,47.120941162109375
S003,P0014,2023-09-28,119,348.0,140.9963,-21.996307373046875
S003,P0014,2023-09-29,74,267.0,99.096375,-25.09637451171875
S003,P0014,2023-09-30,80,947.0,111.44441,-31.444412231445312
S003,P0014,2023-10-01,113,875.0,116.468056,-3.4680557250976562
S003,P0014,2023-10-02,131,752.0,126.81971,4.180290222167969
S003,P0014,2023-10-03,90,599.0,112.91655,-22.916549682617188
S003,P0014,2023-10-04,134,499.0,104.55063,29.449371337890625
S003,P0014,2023-10-05,86,360.0,101.90178,-15.901779174804688
S003,P0014,2023-10-06,84,295.0,98.27264,-14.272636413574219
S003,P0014,2023-10-07,86,198.0,96.443146,-10.443145751953125
S003,P0014,2023-10-08,86,106.0,133.58276,-47.582763671875
S003,P0014,2023-10-09,48,210.0,125.65368,-77.65367889404297
S003,P0014,2023-10-10,71,172.0,85.159615,-14.159614562988281
S003,P0014,2023-10-11,59,417.0,100.48383,-41.48383331298828
S003,P0014,2023-10-12,96,358.0,106.481125,-10.481124877929688
S003,P0014,2023-10-13,130,244.0,93.639145,36.36085510253906
S003,P0014,2023-10-14,92,123.0,108.91898,-16.918983459472656
S003,P0014,2023-10-15,100,50.0,109.755844,-9.755844116210938
S003,P0014,2023-10-16,48,345.0,85.208786,-37.20878601074219
S003,P0014,2023-10-17,136,304.0,106.247154,29.752845764160156
S003,P0014,2023-10-18,62,149.0,122.4176,-60.4176025390625
S003,P0014,2023-10-19,82,80.0,110.017525,-28.01752471923828
S003,P0014,2023-10-20,60,425.0,84.65337,-24.65337371826172
S003,P0014,2023-10-21,49,369.0,80.39085,-31.390846252441406
S003,P0014,2023-10-22,65,330.0,100.53075,-35.53074645996094
S003,P0014,2023-10-23,93,279.0,80.54663,12.453369140625
S003,P0014,2023-10-24,51,222.0,82.94688,-31.946876525878906
S003,P0014,2023-10-25,150,184.0,77.53938,72.46061706542969
S003,P0014,2023-10-26,100,292.0,73.36058,26.639419555664062
S003,P0014,2023-10-27,175,218.0,73.114235,101.8857650756836
S003,P0014,2023-10-28,115,459.0,91.165886,23.83411407470703
S003,P0014,2023-10-29,95,373.0,88.409584,6.590415954589844
S003,P0014,2023-10-30,67,291.0,84.85829,-17.858291625976562
S003,P0014,2023-10-31,68,222.0,80.428116,-12.428115844726562
S003,P0014,2023-11-01,107,164.0,85.29512,21.704879760742188
S003,P0014,2023-11-02,67,80.0,111.16694,-44.16693878173828
S003,P0014,2023-11-03,59,225.0,101.4368,-42.436798095703125
S003,P0014,2023-11-04,185,530.0,91.16712,93.83287811279297
S003,P0014,2023-11-05,120,369.0,111.471245,8.528755187988281
S003,P0014,2023-11-06,68,294.0,84.86762,-16.86762237548828
S003,P0014,2023-11-07,122,795.0,85.92524,36.07476043701172
S003,P0014,2023-11-08,213,686.0,141.64844,71.3515625
S003,P0014,2023-11-09,157,464.0,120.70512,36.294883728027344
S003,P0014,2023-11-10,146,313.0,135.13591,10.864089965820312
S003,P0014,2023-11-11,200,688.0,162.13022,37.869781494140625
S003,P0014,2023-11-12,192,469.0,154.74872,37.25128173828125
S003,P0014,2023-11-13,103,321.0,105.75153,-2.7515335083007812
S003,P0014,2023-11-14,182,223.0,168.66792,13.332077026367188
S003,P0014,2023-11-15,171,630.0,173.71568,-2.7156829833984375
S003,P0014,2023-11-16,116,452.0,133.74503,-17.745025634765625
S003,P0014,2023-11-17,109,360.0,125.92725,-16.92725372314453
S003,P0014,2023-11-18,80,246.0,115.74525,-35.74524688720703
S003,P0014,2023-11-19,96,181.0,110.45618,-14.4561767578125
S003,P0014,2023-11-20,113,449.0,107.61515,5.384849548339844
S003,P0014,2023-11-21,101,332.0,107.73516,-6.735160827636719
S003,P0014,2023-11-22,85,252.0,101.29631,-16.296310424804688
S003,P0014,2023-11-23,129,161.0,120.18513,8.814872741699219
S003,P0014,2023-11-24,128,332.0,114.99245,13.007553100585938
S003,P0014,2023-11-25,80,181.0,103.81101,-23.811012268066406
S003,P0014,2023-11-26,158,459.0,119.045235,38.95476531982422
S003,P0014,2023-11-27,107,304.0,110.691635,-3.6916351318359375
S003,P0014,2023-11-28,147,181.0,125.982124,21.01787567138672
S003,P0014,2023-11-29,127,467.0,117.38032,9.619682312011719
S003,P0014,2023-11-30,120,347.0,118.5626,1.4374008178710938
S003,P0014,2023-12-01,149,219.0,126.66621,22.33379364013672
S003,P0014,2023-12-02,136,69.0,132.66588,3.3341217041015625
S003,P0014,2023-12-03,185,376.0,187.25363,-2.253631591796875
S003,P0014,2023-12-04,124,175.0,143.04698,-19.046981811523438
S003,P0014,2023-12-05,121,377.0,139.00572,-18.005722045898438
S003,P0014,2023-12-06,94,265.0,130.6813,-36.681304931640625
S003,P0014,2023-12-07,42,153.0,129.07344,-87.07344055175781
S003,P0014,2023-12-08,79,522.0,121.626854,-42.626853942871094
S003,P0014,2023-12-09,137,449.0,147.14032,-10.14031982421875
S003,P0014,2023-12-10,142,302.0,154.93805,-12.93804931640625
S003,P0014,2023-12-11,198,155.0,175.50288,22.497116088867188
S003,P0014,2023-12-12,167,342.0,162.7998,4.2001953125
S003,P0014,2023-12-13,104,177.0,117.64602,-13.646018981933594
S003,P0014,2023-12-14,124,640.0,163.60234,-39.60234069824219
S003,P0014,2023-12-15,97,499.0,112.453094,-15.453094482421875
S003,P0014,2023-12-16,153,413.0,165.34795,-12.347946166992188
S003,P0014,2023-12-17,108,258.0,129.49797,-21.497970581054688
S003,P0014,2023-12-18,99,186.0,114.37065,-15.370651245117188
S003,P0014,2023-12-19,168,578.0,129.69373,38.3062744140625
S003,P0014,2023-12-20,171,386.0,129.81195,41.18804931640625
S003,P0014,2023-12-21,211,235.0,193.52101,17.478988647460938
S003,P0014,2023-12-22,141,78.0,138.48477,2.515228271484375
S003,P0014,2023-12-23,220,549.0,211.34372,8.656280517578125
S003,P0014,2023-12-24,130,370.0,169.61623,-39.61622619628906
S003,P0014,2023-12-25,70,274.0,117.0364,-47.036399841308594
S003,P0014,2023-12-26,63,874.0,127.40798,-64.4079818725586
S003,P0014,2023-12-27,66,804.0,113.34896,-47.348960876464844
S003,P0014,2023-12-28,79,751.0,106.04511,-27.04511260986328
S003,P0014,2023-12-29,69,676.0,95.44581,-26.44580841064453
S003,P0014,2023-12-30,86,594.0,109.929665,-23.929664611816406
S003,P0014,2023-12-31,73,510.0,86.80189,-13.801887512207031
S003,P0014,2024-01-01,115,440.0,119.214035,-4.2140350341796875
S003,P0014,2024-01-02,128,341.0,75.88209,52.11791229248047
S003,P0014,2024-01-03,64,230.0,84.56943,-20.569427490234375
S003,P0014,2024-01-04,101,157.0,80.03104,20.968963623046875
S003,P0014,2024-01-05,135,345.0,119.56411,15.435890197753906
S003,P0014,2024-01-06,62,200.0,94.72604,-32.726043701171875
S003,P0014,2024-01-07,78,136.0,84.326614,-6.3266143798828125
S003,P0014,2024-01-08,25,485.0,74.988365,-49.988365173339844
S003,P0014,2024-01-09,127,464.0,117.82822,9.171783447265625
S003,P0014,2024-01-10,119,367.0,93.0204,25.979598999023438
S003,P0014,2024-01-11,66,236.0,97.37821,-31.378211975097656
S003,P0014,2024-01-12,112,187.0,91.72699,20.27301025390625
S003,P0014,2024-01-13,92,480.0,96.066475,-4.066474914550781
S003,P0014,2024-01-14,183,374.0,91.39839,91.60160827636719
S003,P0014,2024-01-15,154,181.0,111.2462,42.75379943847656
S003,P0014,2024-01-16,144,46.0,127.436516,16.56348419189453
S003,P0014,2024-01-17,75,618.0,106.71975,-31.719749450683594
S003,P0014,2024-01-18,172,541.0,139.57135,32.42864990234375
S003,P0014,2024-01-19,160,380.0,149.20103,10.798965454101562
S003,P0014,2024-01-20,151,217.0,155.32112,-4.3211212158203125
S003,P0014,2024-01-21,218,590.0,187.09775,30.902252197265625
S003,P0014,2024-01-22,86,408.0,159.03816,-73.03816223144531
S003,P0014,2024-01-23,115,337.0,123.54651,-8.5465087890625
S003,P0014,2024-01-24,104,890.0,119.64875,-15.648750305175781
S003,P0014,2024-01-25,115,816.0,120.64982,-5.649818420410156
S003,P0014,2024-01-26,128,713.0,115.49676,12.503242492675781
S003,P0014,2024-01-27,65,598.0,140.261,-75.26100158691406
S003,P0014,2024-01-28,138,533.0,121.50109,16.49890899658203
S003,P0014,2024-01-29,96,410.0,107.6629,-11.66290283203125
S003,P0014,2024-01-30,157,350.0,112.43832,44.561683654785156
S003,P0015,2023-09-07,116,939.0,167.93329,-51.93328857421875
S003,P0015,2023-09-08,125,850.0,140.2986,-15.298599243164062
S003,P0015,2023-09-09,139,704.0,172.28911,-33.28910827636719
S003,P0015,2023-09-10,132,550.0,169.67337,-37.673370361328125
S003,P0015,2023-09-11,85,399.0,115.66131,-30.66130828857422
S003,P0015,2023-09-12,114,321.0,133.93814,-19.938140869140625
S003,P0015,2023-09-13,70,238.0,112.13348,-42.13347625732422
S003,P0015,2023-09-14,142,643.0,171.65707,-29.657073974609375
S003,P0015,2023-09-15,112,495.0,130.37633,-18.376327514648438
S003,P0015,2023-09-16,78,418.0,109.76828,-31.768280029296875
S003,P0015,2023-09-17,135,338.0,151.76257,-16.7625732421875
S003,P0015,2023-09-18,55,191.0,142.65633,-87.65632629394531
S003,P0015,2023-09-19,149,148.0,133.57281,15.42718505859375
S003,P0015,2023-09-20,132,13.0,123.81046,8.189537048339844
S003,P0015,2023-09-21,114,505.0,112.7475,1.25250244140625
S003,P0015,2023-09-22,170,386.0,163.81628,6.1837158203125
S003,P0015,2023-09-23,138,188.0,160.4028,-22.402801513671875
S003,P0015,2023-09-24,76,593.0,110.17275,-34.172752380371094
S003,P0015,2023-09-25,102,518.0,129.4547,-27.454696655273438
S003,P0015,2023-09-26,117,424.0,116.308914,0.6910858154296875
S003,P0015,2023-09-27,123,319.0,159.10701,-36.10700988769531
S003,P0015,2023-09-28,118,232.0,161.23982,-43.23982238769531
S003,P0015,2023-09-29,86,90.0,105.46341,-19.463409423828125
S003,P0015,2023-09-30,97,449.0,111.712135,-14.712135314941406
S003,P0015,2023-10-01,152,380.0,133.43024,18.56976318359375
S003,P0015,2023-10-02,138,215.0,127.89255,10.107452392578125
S003,P0015,2023-10-03,58,116.0,110.19276,-52.19275665283203
S003,P0015,2023-10-04,66,57.0,116.305275,-50.305274963378906
S003,P0015,2023-10-05,70,707.0,102.74441,-32.744407653808594
S003,P0015,2023-10-06,129,641.0,134.84833,-5.84832763671875
S003,P0015,2023-10-07,25,534.0,114.42813,-89.42813110351562
S003,P0015,2023-10-08,78,512.0,106.49166,-28.491661071777344
S003,P0015,2023-10-09,114,438.0,113.41016,0.58984375
S003,P0015,2023-10-10,95,306.0,93.964775,1.0352249145507812
S003,P0015,2023-10-11,125,244.0,94.82544,30.174560546875
S003,P0015,2023-10-12,132,142.0,104.39834,27.601661682128906
S003,P0015,2023-10-13,102,491.0,96.7918,5.208198547363281
S003,P0015,2023-10-14,82,383.0,94.88955,-12.889549255371094
S003,P0015,2023-10-15,197,325.0,155.92273,41.0772705078125
S003,P0015,2023-10-16,67,171.0,101.78784,-34.787841796875
S003,P0015,2023-10-17,145,115.0,114.637505,30.36249542236328
S003,P0015,2023-10-18,76,18.0,92.93297,-16.932968139648438
S003,P0015,2023-10-19,44,722.0,90.57893,-46.57893371582031
S003,P0015,2023-10-20,55,690.0,97.97121,-42.97120666503906
S003,P0015,2023-10-21,67,641.0,97.495155,-30.495155334472656
S003,P0015,2023-10-22,45,568.0,112.39565,-67.3956527709961
S003,P0015,2023-10-23,45,520.0,72.585785,-27.585784912109375
S003,P0015,2023-10-24,88,466.0,87.60396,0.3960418701171875
S003,P0015,2023-10-25,83,371.0,77.61538,5.384620666503906
S003,P0015,2023-10-26,52,290.0,108.70957,-56.709571838378906
S003,P0015,2023-10-27,89,248.0,62.83729,26.162708282470703
S003,P0015,2023-10-28,119,182.0,87.108604,31.891395568847656
S003,P0015,2023-10-29,112,92.0,79.43499,32.56501007080078
S003,P0015,2023-10-30,134,8.0,70.70438,63.295623779296875
S003,P0015,2023-10-31,109,333.0,70.685974,38.31402587890625
S003,P0015,2023-11-01,125,677.0,101.621605,23.378395080566406
S003,P0015,2023-11-02,170,550.0,127.84457,42.155433654785156
S003,P0015,2023-11-03,144,382.0,105.35704,38.64295959472656
S003,P0015,2023-11-04,114,218.0,103.018265,10.981735229492188
S003,P0015,2023-11-05,77,128.0,106.29206,-29.29206085205078
S003,P0015,2023-11-06,77,691.0,101.697845,-24.697845458984375
S003,P0015,2023-11-07,104,630.0,95.99612,8.003883361816406
S003,P0015,2023-11-08,116,550.0,99.06989,16.93010711669922
S003,P0015,2023-11-09,109,444.0,98.6783,10.321701049804688
S003,P0015,2023-11-10,27,336.0,95.37701,-68.37700653076172
S003,P0015,2023-11-11,118,313.0,120.006294,-2.0062942504882812
S003,P0015,2023-11-12,117,214.0,99.28503,17.71497344970703
S003,P0015,2023-11-13,118,525.0,95.81207,22.18792724609375
S003,P0015,2023-11-14,144,414.0,98.06582,45.934181213378906
S003,P0015,2023-11-15,117,245.0,98.41301,18.586990356445312
S003,P0015,2023-11-16,101,158.0,100.4686,0.531402587890625
S003,P0015,2023-11-17,69,94.0,95.27071,-26.270713806152344
S003,P0015,2023-11-18,149,597.0,96.18477,52.81523132324219
S003,P0015,2023-11-19,119,438.0,88.36684,30.633163452148438
S003,P0015,2023-11-20,200,352.0,141.34581,58.65419006347656
S003,P0015,2023-11-21,104,116.0,124.94778,-20.947776794433594
S003,P0015,2023-11-22,193,546.0,156.47963,36.52037048339844
S003,P0015,2023-11-23,205,355.0,164.54314,40.45686340332031
S003,P0015,2023-11-24,75,224.0,110.7581,-35.75810241699219
S003,P0015,2023-11-25,73,159.0,115.62064,-42.620643615722656
S003,P0015,2023-11-26,111,873.0,156.56792,-45.56791687011719
S003,P0015,2023-11-27,136,751.0,152.84373,-16.843734741210938
S003,P0015,2023-11-28,156,642.0,157.28949,-1.28948974609375
S003,P0015,2023-11-29,80,504.0,104.9037,-24.903701782226562
S003,P0015,2023-11-30,144,416.0,129.32632,14.673675537109375
S003,P0015,2023-12-01,108,307.0,115.531136,-7.531135559082031
S003,P0015,2023-12-02,110,919.0,159.02322,-49.023223876953125
S003,P0015,2023-12-03,128,795.0,165.541,-37.54100036621094
S003,P0015,2023-12-04,160,665.0,143.25024,16.749755859375
S003,P0015,2023-12-05,96,524.0,124.400215,-28.40021514892578
S003,P0015,2023-12-06,144,445.0,166.51971,-22.51971435546875
S003,P0015,2023-12-07,70,329.0,120.51316,-50.513160705566406
S003,P0015,2023-12-08,49,859.0,116.409546,-67.4095458984375
S003,P0015,2023-12-09,50,812.0,123.92584,-73.92584228515625
S003,P0015,2023-12-10,93,767.0,118.26398,-25.26397705078125
S003,P0015,2023-12-11,78,671.0,114.18924,-36.189239501953125
S003,P0015,2023-12-12,87,593.0,106.96207,-19.962066650390625
S003,P0015,2023-12-13,90,505.0,128.70628,-38.70628356933594
S003,P0015,2023-12-14,73,451.0,125.42074,-52.420738220214844
S003,P0015,2023-12-15,49,373.0,90.01842,-41.01841735839844
S003,P0015,2023-12-16,189,335.0,132.42242,56.57757568359375
S003,P0015,2023-12-17,184,154.0,150.5986,33.401397705078125
S003,P0015,2023-12-18,124,1.0,121.559616,2.4403839111328125
S003,P0015,2023-12-19,92,0.0,100.02676,-8.026756286621094
S003,P0015,2023-12-20,138,860.0,113.54371,24.45629119873047
S003,P0015,2023-12-21,142,698.0,105.80409,36.19590759277344
S003,P0015,2023-12-22,91,554.0,108.3624,-17.362396240234375
S003,P0015,2023-12-23,75,481.0,101.75341,-26.75341033935547
S003,P0015,2023-12-24,167,428.0,104.32637,62.67362976074219
S003,P0015,2023-12-25,91,326.0,136.72148,-45.72148132324219
S003,P0015,2023-12-26,105,223.0,103.464005,1.5359954833984375
S003,P0015,2023-12-27,122,159.0,131.5391,-9.539093017578125
S003,P0015,2023-12-28,78,640.0,134.39244,-56.39244079589844
S003,P0015,2023-12-29,94,548.0,97.23984,-3.239837646484375
S003,P0015,2023-12-30,118,474.0,97.47443,20.52557373046875
S003,P0015,2023-12-31,75,364.0,90.95725,-15.957252502441406
S003,P0015,2024-01-01,58,297.0,113.438416,-55.43841552734375
S003,P0015,2024-01-02,18,239.0,72.47682,-54.47682189941406
S003,P0015,2024-01-03,78,755.0,83.28316,-5.2831573486328125
S003,P0015,2024-01-04,69,664.0,63.5422,5.457801818847656
S003,P0015,2024-01-05,61,599.0,52.88288,8.117118835449219
S003,P0015,2024-01-06,41,538.0,43.51301,-2.5130081176757812
S003,P0015,2024-01-07,88,502.0,59.890427,28.109573364257812
S003,P0015,2024-01-08,46,447.0,51.035526,-5.035526275634766
S003,P0015,2024-01-09,150,408.0,92.00263,57.99736785888672
S003,P0015,2024-01-10,100,279.0,85.3646,14.635398864746094
S003,P0015,2024-01-11,111,180.0,84.70302,26.296981811523438
S003,P0015,2024-01-12,142,101.0,115.543434,26.456565856933594
S003,P0015,2024-01-13,226,707.0,139.54564,86.45436096191406
S003,P0015,2024-01-14,115,571.0,113.994064,1.0059356689453125
S003,P0015,2024-01-15,101,455.0,107.71855,-6.7185516357421875
S003,P0015,2024-01-16,88,356.0,98.150406,-10.150405883789062
S003,P0015,2024-01-17,79,1305.0,111.057755,-32.05775451660156
S003,P0015,2024-01-18,142,1236.0,116.40686,25.5931396484375
S003,P0015,2024-01-19,93,1082.0,107.15073,-14.150726318359375
S003,P0015,2024-01-20,237,999.0,144.10098,92.89901733398438
S003,P0015,2024-01-21,68,820.0,119.27254,-51.27253723144531
S003,P0015,2024-01-22,188,750.0,130.63356,57.36643981933594
S003,P0015,2024-01-23,112,589.0,125.11096,-13.1109619140625
S003,P0015,2024-01-24,154,509.0,122.05251,31.947486877441406
S003,P0015,2024-01-25,188,330.0,142.15886,45.84114074707031
S003,P0015,2024-01-26,146,867.0,170.96332,-24.96331787109375
S003,P0015,2024-01-27,183,728.0,179.68018,3.31982421875
S003,P0015,2024-01-28,126,609.0,162.59888,-36.598876953125
S003,P0015,2024-01-29,81,464.0,118.62432,-37.62432098388672
S003,P0015,2024-01-30,134,413.0,127.133255,6.8667449951171875
S003,P0016,2023-09-07,56,118.0,101.37312,-45.37312316894531
S003,P0016,2023-09-08,125,491.0,108.58774,16.412261962890625
S003,P0016,2023-09-09,89,357.0,137.83795,-48.83795166015625
S003,P0016,2023-09-10,164,280.0,156.52939,7.470611572265625
S003,P0016,2023-09-11,83,163.0,105.76843,-22.7684326171875
S003,P0016,2023-09-12,152,393.0,142.73729,9.262710571289062
S003,P0016,2023-09-13,120,291.0,114.11674,5.883262634277344
S003,P0016,2023-09-14,87,158.0,104.97596,-17.97595977783203
S003,P0016,2023-09-15,177,298.0,126.24348,50.75652313232422
S003,P0016,2023-09-16,123,89.0,156.4465,-33.446502685546875
S003,P0016,2023-09-17,115,321.0,108.53108,6.4689178466796875
S003,P0016,2023-09-18,80,194.0,110.57011,-30.570106506347656
S003,P0016,2023-09-19,135,140.0,113.83208,21.167922973632812
S003,P0016,2023-09-20,63,182.0,99.81298,-36.81298065185547
S003,P0016,2023-09-21,95,386.0,94.31975,0.6802520751953125
S003,P0016,2023-09-22,130,284.0,130.11343,-0.113433837890625
S003,P0016,2023-09-23,108,196.0,108.304886,-0.3048858642578125
S003,P0016,2023-09-24,138,342.0,149.54684,-11.546844482421875
S003,P0016,2023-09-25,119,180.0,100.48705,18.51294708251953
S003,P0016,2023-09-26,74,326.0,93.14515,-19.14514923095703
S003,P0016,2023-09-27,116,256.0,129.85902,-13.859024047851562
S003,P0016,2023-09-28,135,149.0,143.52798,-8.527984619140625
S003,P0016,2023-09-29,90,298.0,107.86042,-17.86042022705078
S003,P0016,2023-09-30,89,243.0,96.554405,-7.554405212402344
S003,P0016,2023-10-01,124,153.0,114.240204,9.759796142578125
S003,P0016,2023-10-02,146,168.0,140.15439,5.845611572265625
S003,P0016,2023-10-03,41,293.0,110.294815,-69.29481506347656
S003,P0016,2023-10-04,95,259.0,136.08383,-41.083831787109375
S003,P0016,2023-10-05,93,178.0,129.57326,-36.57325744628906
S003,P0016,2023-10-06,149,331.0,143.27142,5.72857666015625
S003,P0016,2023-10-07,35,179.0,137.20868,-102.20867919921875
S003,P0016,2023-10-08,49,427.0,93.42553,-44.42552947998047
S003,P0016,2023-10-09,24,380.0,90.54102,-66.54102325439453
S003,P0016,2023-10-10,64,352.0,68.24648,-4.246482849121094
S003,P0016,2023-10-11,55,275.0,78.44889,-23.448890686035156
S003,P0016,2023-10-12,101,224.0,70.9403,30.05970001220703
S003,P0016,2023-10-13,70,119.0,102.44026,-32.44026184082031
S003,P0016,2023-10-14,93,225.0,62.643234,30.356765747070312
S003,P0016,2023-10-15,67,140.0,77.313835,-10.313835144042969
S003,P0016,2023-10-16,52,272.0,67.18552,-15.185516357421875
S003,P0016,2023-10-17,52,220.0,61.675137,-9.67513656616211
S003,P0016,2023-10-18,65,182.0,81.3519,-16.351898193359375
S003,P0016,2023-10-19,51,134.0,58.920113,-7.920112609863281
S003,P0016,2023-10-20,42,197.0,55.85288,-13.85287857055664
S003,P0016,2023-10-21,85,167.0,49.74624,35.253761291503906
S003,P0016,2023-10-22,29,99.0,50.41467,-21.414669036865234
S003,P0016,2023-10-23,59,263.0,49.499413,9.500587463378906
S003,P0016,2023-10-24,35,201.0,36.101185,-1.1011848449707031
S003,P0016,2023-10-25,111,176.0,57.2009,53.79909896850586
S003,P0016,2023-10-26,172,66.0,78.63111,93.36888885498047
S003,P0016,2023-10-27,147,250.0,80.76042,66.23957824707031
S003,P0016,2023-10-28,110,489.0,94.10327,15.896728515625
S003,P0016,2023-10-29,61,406.0,72.94793,-11.947929382324219
S003,P0016,2023-10-30,121,340.0,78.45601,42.54399108886719
S003,P0016,2023-10-31,127,218.0,85.581345,41.41865539550781
S003,P0016,2023-11-01,120,96.0,112.02538,7.974617004394531
S003,P0016,2023-11-02,112,263.0,85.67295,26.327049255371094
S003,P0016,2023-11-03,159,187.0,118.93268,40.06732177734375
S003,P0016,2023-11-04,90,254.0,84.73199,5.268013000488281
S003,P0016,2023-11-05,148,194.0,116.41291,31.58708953857422
S003,P0016,2023-11-06,116,234.0,94.659,21.34100341796875
S003,P0016,2023-11-07,165,355.0,104.18577,60.814231872558594
S003,P0016,2023-11-08,95,196.0,100.28566,-5.2856597900390625
S003,P0016,2023-11-09,102,447.0,130.6139,-28.613906860351562
S003,P0016,2023-11-10,100,367.0,99.87774,0.12226104736328125
S003,P0016,2023-11-11,107,252.0,100.11863,6.881370544433594
S003,P0016,2023-11-12,120,125.0,130.06892,-10.068923950195312
S003,P0016,2023-11-13,67,219.0,122.44564,-55.445640563964844
S003,P0016,2023-11-14,85,148.0,96.29341,-11.293411254882812
S003,P0016,2023-11-15,82,49.0,90.80316,-8.80316162109375
S003,P0016,2023-11-16,88,182.0,95.5525,-7.552497863769531
S003,P0016,2023-11-17,95,269.0,126.30639,-31.30638885498047
S003,P0016,2023-11-18,137,182.0,101.011185,35.98881530761719
S003,P0016,2023-11-19,131,48.0,125.17188,5.828117370605469
S003,P0016,2023-11-20,149,227.0,108.05893,40.941070556640625
S003,P0016,2023-11-21,115,339.0,140.20255,-25.202545166015625
S003,P0016,2023-11-22,96,227.0,109.15029,-13.150291442871094
S003,P0016,2023-11-23,143,137.0,152.12564,-9.125640869140625
S003,P0016,2023-11-24,93,224.0,104.60951,-11.609512329101562
S003,P0016,2023-11-25,134,142.0,116.151855,17.84814453125
S003,P0016,2023-11-26,120,196.0,115.63416,4.365837097167969
S003,P0016,2023-11-27,94,335.0,108.43126,-14.431259155273438
S003,P0016,2023-11-28,97,258.0,103.873505,-6.873504638671875
S003,P0016,2023-11-29,184,199.0,125.031845,58.96815490722656
S003,P0016,2023-11-30,93,199.0,114.27509,-21.27509307861328
S003,P0016,2023-12-01,176,427.0,169.10968,6.89031982421875
S003,P0016,2023-12-02,173,258.0,138.46127,34.538726806640625
S003,P0016,2023-12-03,152,82.0,161.50215,-9.502151489257812
S003,P0016,2023-12-04,129,347.0,165.85551,-36.85551452636719
S003,P0016,2023-12-05,100,211.0,156.97202,-56.972015380859375
S003,P0016,2023-12-06,109,110.0,136.77905,-27.779052734375
S003,P0016,2023-12-07,103,187.0,161.57552,-58.57551574707031
S003,P0016,2023-12-08,156,92.0,173.12811,-17.12811279296875
S003,P0016,2023-12-09,53,165.0,117.6083,-64.6082992553711
S003,P0016,2023-12-10,97,454.0,126.30713,-29.30712890625
S003,P0016,2023-12-11,112,366.0,118.305145,-6.305145263671875
S003,P0016,2023-12-12,165,266.0,134.25163,30.748367309570312
S003,P0016,2023-12-13,74,88.0,116.264885,-42.26488494873047
S003,P0016,2023-12-14,86,333.0,118.08264,-32.0826416015625
S003,P0016,2023-12-15,123,231.0,128.78581,-5.7858123779296875
S003,P0016,2023-12-16,105,91.0,130.63359,-25.633590698242188
S003,P0016,2023-12-17,99,197.0,125.055786,-26.0557861328125
S003,P0016,2023-12-18,221,87.0,180.43597,40.56402587890625
S003,P0016,2023-12-19,65,203.0,104.624626,-39.62462615966797
S003,P0016,2023-12-20,54,602.0,110.354095,-56.354095458984375
S003,P0016,2023-12-21,132,552.0,125.92034,6.079658508300781
S003,P0016,2023-12-22,158,415.0,165.0713,-7.0713043212890625
S003,P0016,2023-12-23,105,282.0,156.05951,-51.05950927734375
S003,P0016,2023-12-24,82,191.0,115.75804,-33.75804138183594
S003,P0016,2023-12-25,34,335.0,112.6136,-78.61360168457031
S003,P0016,2023-12-26,246,308.0,183.9484,62.051605224609375
S003,P0016,2023-12-27,74,56.0,100.025475,-26.025474548339844
S003,P0016,2023-12-28,39,468.0,107.55695,-68.55695343017578
S003,P0016,2023-12-29,63,432.0,100.114044,-37.114044189453125
S003,P0016,2023-12-30,40,358.0,92.7012,-52.701202392578125
S003,P0016,2023-12-31,99,328.0,101.75083,-2.7508316040039062
S003,P0016,2024-01-01,49,214.0,78.48826,-29.488258361816406
S003,P0016,2024-01-02,65,178.0,56.46998,8.530021667480469
S003,P0016,2024-01-03,38,121.0,50.65578,-12.655780792236328
S003,P0016,2024-01-04,92,241.0,50.273296,41.72670364379883
S003,P0016,2024-01-05,75,179.0,59.24517,15.754829406738281
S003,P0016,2024-01-06,64,306.0,53.54384,10.456161499023438
S003,P0016,2024-01-07,19,257.0,75.792465,-56.79246520996094
S003,P0016,2024-01-08,76,239.0,56.058514,19.941486358642578
S003,P0016,2024-01-09,73,175.0,85.46874,-12.468742370605469
S003,P0016,2024-01-10,139,125.0,82.41808,56.58191680908203
S003,P0016,2024-01-11,59,190.0,69.459625,-10.459625244140625
S003,P0016,2024-01-12,167,452.0,70.9657,96.0343017578125
S003,P0016,2024-01-13,119,331.0,104.335014,14.664985656738281
S003,P0016,2024-01-14,123,200.0,104.58371,18.416290283203125
S003,P0016,2024-01-15,100,61.0,123.51671,-23.516708374023438
S003,P0016,2024-01-16,124,248.0,107.02708,16.972923278808594
S003,P0016,2024-01-17,105,136.0,92.347466,12.652534484863281
S003,P0016,2024-01-18,205,356.0,118.7083,86.29170227050781
S003,P0016,2024-01-19,57,227.0,104.45431,-47.454307556152344
S003,P0016,2024-01-20,99,536.0,93.31402,5.685981750488281
S003,P0016,2024-01-21,135,445.0,85.82279,49.177207946777344
S003,P0016,2024-01-22,156,300.0,96.00928,59.99072265625
S003,P0016,2024-01-23,111,195.0,136.56305,-25.56304931640625
S003,P0016,2024-01-24,82,432.0,97.17274,-15.172737121582031
S003,P0016,2024-01-25,151,356.0,104.16103,46.838966369628906
S003,P0016,2024-01-26,157,220.0,110.42498,46.57501983642578
S003,P0016,2024-01-27,88,403.0,99.60163,-11.601631164550781
S003,P0016,2024-01-28,65,327.0,97.10107,-32.10106658935547
S003,P0016,2024-01-29,111,267.0,97.632935,13.3670654296875
S003,P0016,2024-01-30,124,161.0,105.73297,18.26702880859375
S003,P0017,2023-09-07,116,316.0,81.481895,34.518104553222656
S003,P0017,2023-09-08,104,218.0,76.3208,27.67919921875
S003,P0017,2023-09-09,71,519.0,94.66654,-23.666542053222656
S003,P0017,2023-09-10,73,443.0,90.17048,-17.17047882080078
S003,P0017,2023-09-11,101,374.0,91.33032,9.669677734375
S003,P0017,2023-09-12,87,283.0,73.493866,13.506134033203125
S003,P0017,2023-09-13,98,214.0,73.6018,24.39820098876953
S003,P0017,2023-09-14,39,98.0,71.39799,-32.397987365722656
S003,P0017,2023-09-15,73,530.0,63.255585,9.744415283203125
S003,P0017,2023-09-16,114,477.0,99.71999,14.280006408691406
S003,P0017,2023-09-17,73,379.0,88.59244,-15.592437744140625
S003,P0017,2023-09-18,48,327.0,64.61274,-16.61273956298828
S003,P0017,2023-09-19,110,296.0,94.151405,15.848594665527344
S003,P0017,2023-09-20,61,670.0,68.63989,-7.639892578125
S003,P0017,2023-09-21,95,616.0,85.58667,9.413330078125
S003,P0017,2023-09-22,171,537.0,114.99133,56.0086669921875
S003,P0017,2023-09-23,91,373.0,75.851036,15.148963928222656
S003,P0017,2023-09-24,50,264.0,68.295456,-18.295455932617188
S003,P0017,2023-09-25,56,220.0,93.52667,-37.52667236328125
S003,P0017,2023-09-26,91,731.0,93.41248,-2.4124832153320312
S003,P0017,2023-09-27,57,632.0,68.24103,-11.24102783203125
S003,P0017,2023-09-28,84,572.0,69.790596,14.209403991699219
S003,P0017,2023-09-29,90,473.0,65.92826,24.071739196777344
S003,P0017,2023-09-30,111,397.0,77.336334,33.663665771484375
S003,P0017,2023-10-01,126,314.0,75.49719,50.5028076171875
S003,P0017,2023-10-02,96,197.0,77.72287,18.277130126953125
S003,P0017,2023-10-03,91,112.0,78.60064,12.399360656738281
S003,P0017,2023-10-04,91,471.0,78.21409,12.785911560058594
S003,P0017,2023-10-05,67,368.0,73.10514,-6.105140686035156
S003,P0017,2023-10-06,30,289.0,71.197556,-41.19755554199219
S003,P0017,2023-10-07,30,262.0,59.934048,-29.93404769897461
S003,P0017,2023-10-08,45,239.0,65.179214,-20.179214477539062
S003,P0017,2023-10-09,32,202.0,47.23946,-15.239459991455078
S003,P0017,2023-10-10,35,165.0,50.82583,-15.825828552246094
S003,P0017,2023-10-11,21,125.0,35.236122,-14.236122131347656
S003,P0017,2023-10-12,23,297.0,36.734383,-13.734382629394531
S003,P0017,2023-10-13,38,271.0,32.266396,5.733604431152344
S003,P0017,2023-10-14,16,232.0,34.378296,-18.3782958984375
S003,P0017,2023-10-15,38,220.0,35.79205,2.2079505920410156
S003,P0017,2023-10-16,35,190.0,33.840656,1.1593437194824219
S003,P0017,2023-10-17,64,168.0,42.151653,21.848346710205078
S003,P0017,2023-10-18,34,118.0,42.652546,-8.652545928955078
S003,P0017,2023-10-19,71,228.0,40.881016,30.11898422241211
S003,P0017,2023-10-20,35,167.0,44.45085,-9.450851440429688
S003,P0017,2023-10-21,21,425.0,29.141521,-8.141521453857422
S003,P0017,2023-10-22,20,410.0,32.312458,-12.312458038330078
S003,P0017,2023-10-23,46,390.0,27.70712,18.292879104614258
S003,P0017,2023-10-24,38,360.0,35.255886,2.7441139221191406
S003,P0017,2023-10-25,71,337.0,65.83375,5.166252136230469
S003,P0017,2023-10-26,131,260.0,95.34145,35.658546447753906
S003,P0017,2023-10-27,53,122.0,69.811714,-16.81171417236328
S003,P0017,2023-10-28,93,67.0,84.56518,8.434822082519531
S003,P0017,2023-10-29,88,303.0,73.16645,14.833549499511719
S003,P0017,2023-10-30,59,655.0,60.84182,-1.8418197631835938
S003,P0017,2023-10-31,65,589.0,61.441944,3.558055877685547
S003,P0017,2023-11-01,106,548.0,68.094795,37.90520477294922
S003,P0017,2023-11-02,86,437.0,80.84893,5.151069641113281
S003,P0017,2023-11-03,75,377.0,64.287346,10.712654113769531
S003,P0017,2023-11-04,162,289.0,101.02738,60.972618103027344
S003,P0017,2023-11-05,93,114.0,79.35932,13.640678405761719
S003,P0017,2023-11-06,27,31.0,68.19531,-41.1953125
S003,P0017,2023-11-07,100,267.0,93.42789,6.572113037109375
S003,P0017,2023-11-08,106,886.0,98.88632,7.113677978515625
S003,P0017,2023-11-09,81,779.0,92.34598,-11.345977783203125
S003,P0017,2023-11-10,39,689.0,65.015305,-26.015304565429688
S003,P0017,2023-11-11,67,644.0,63.125782,3.874217987060547
S003,P0017,2023-11-12,85,587.0,70.943405,14.056594848632812
S003,P0017,2023-11-13,74,502.0,66.18809,7.811912536621094
S003,P0017,2023-11-14,89,428.0,86.586876,2.4131240844726562
S003,P0017,2023-11-15,92,322.0,82.43387,9.566131591796875
S003,P0017,2023-11-16,82,231.0,71.12023,10.879768371582031
S003,P0017,2023-11-17,100,179.0,73.506874,26.493125915527344
S003,P0017,2023-11-18,61,418.0,64.73682,-3.73681640625
S003,P0017,2023-11-19,72,379.0,67.004944,4.99505615234375
S003,P0017,2023-11-20,82,305.0,66.29944,15.7005615234375
S003,P0017,2023-11-21,78,233.0,64.95055,13.049453735351562
S003,P0017,2023-11-22,131,164.0,94.24763,36.75237274169922
S003,P0017,2023-11-23,97,32.0,98.462036,-1.4620361328125
S003,P0017,2023-11-24,96,277.0,70.74285,25.25714874267578
S003,P0017,2023-11-25,65,211.0,70.32642,-5.326423645019531
S003,P0017,2023-11-26,98,735.0,94.133156,3.8668441772460938
S003,P0017,2023-11-27,78,641.0,72.068436,5.9315643310546875
S003,P0017,2023-11-28,74,589.0,68.70654,5.29345703125
S003,P0017,2023-11-29,84,520.0,74.07125,9.928749084472656
S003,P0017,2023-11-30,60,466.0,65.61859,-5.61859130859375
S003,P0017,2023-12-01,22,398.0,58.142998,-36.14299774169922
S003,P0017,2023-12-02,51,379.0,61.349472,-10.349472045898438
S003,P0017,2023-12-03,91,321.0,74.088776,16.911224365234375
S003,P0017,2023-12-04,77,235.0,72.129196,4.8708038330078125
S003,P0017,2023-12-05,41,154.0,68.38446,-27.38446044921875
S003,P0017,2023-12-06,142,113.0,102.23906,39.76094055175781
S003,P0017,2023-12-07,34,370.0,64.80195,-30.80194854736328
S003,P0017,2023-12-08,110,332.0,94.61794,15.382057189941406
S003,P0017,2023-12-09,35,231.0,69.126755,-34.12675476074219
S003,P0017,2023-12-10,74,859.0,72.132095,1.8679046630859375
S003,P0017,2023-12-11,61,774.0,77.62344,-16.623443603515625
S003,P0017,2023-12-12,117,702.0,96.43154,20.568458557128906
S003,P0017,2023-12-13,87,585.0,76.31939,10.680610656738281
S003,P0017,2023-12-14,88,481.0,73.659065,14.340934753417969
S003,P0017,2023-12-15,91,401.0,84.70293,6.2970733642578125
S003,P0017,2023-12-16,68,341.0,85.62609,-17.62609100341797
S003,P0017,2023-12-17,74,298.0,72.02544,1.9745635986328125
S003,P0017,2023-12-18,82,246.0,74.06546,7.934539794921875
S003,P0017,2023-12-19,59,543.0,66.78512,-7.785118103027344
S003,P0017,2023-12-20,130,494.0,106.80898,23.191017150878906
S003,P0017,2023-12-21,103,415.0,73.64074,29.35926055908203
S003,P0017,2023-12-22,109,305.0,97.31179,11.688209533691406
S003,P0017,2023-12-23,91,190.0,71.75132,19.248680114746094
S003,P0017,2023-12-24,87,545.0,91.547,-4.5469970703125
S003,P0017,2023-12-25,65,479.0,69.58454,-4.584541320800781
S003,P0017,2023-12-26,67,418.0,69.889725,-2.8897247314453125
S003,P0017,2023-12-27,52,347.0,94.14039,-42.14038848876953
S003,P0017,2023-12-28,36,302.0,52.83525,-16.835250854492188
S003,P0017,2023-12-29,43,280.0,40.68702,2.3129806518554688
S003,P0017,2023-12-30,10,231.0,38.62154,-28.621540069580078
S003,P0017,2023-12-31,51,224.0,36.531197,14.468803405761719
S003,P0017,2024-01-01,16,167.0,19.94399,-3.943990707397461
S003,P0017,2024-01-02,27,149.0,24.25083,2.7491703033447266
S003,P0017,2024-01-03,27,131.0,30.232212,-3.2322120666503906
S003,P0017,2024-01-04,13,267.0,22.421726,-9.42172622680664
S003,P0017,2024-01-05,15,256.0,26.574879,-11.574878692626953
S003,P0017,2024-01-06,34,241.0,21.681444,12.31855583190918
S003,P0017,2024-01-07,20,209.0,27.000225,-7.000225067138672
S003,P0017,2024-01-08,18,186.0,25.59448,-7.594480514526367
S003,P0017,2024-01-09,50,168.0,64.75254,-14.752540588378906
S003,P0017,2024-01-10,69,133.0,85.8599,-16.859901428222656
S003,P0017,2024-01-11,120,61.0,81.418465,38.58153533935547
S003,P0017,2024-01-12,94,0.0,83.62327,10.376731872558594
S003,P0017,2024-01-13,109,167.0,91.85378,17.146217346191406
S003,P0017,2024-01-14,65,391.0,67.055145,-2.055145263671875
S003,P0017,2024-01-15,68,888.0,72.6111,-4.6110992431640625
S003,P0017,2024-01-16,70,824.0,72.91418,-2.9141769409179688
S003,P0017,2024-01-17,95,752.0,79.93136,15.068641662597656
S003,P0017,2024-01-18,87,658.0,70.16367,16.836326599121094
S003,P0017,2024-01-19,79,569.0,72.501724,6.4982757568359375
S003,P0017,2024-01-20,101,507.0,80.351585,20.648414611816406
S003,P0017,2024-01-21,61,387.0,76.0682,-15.068199157714844
S003,P0017,2024-01-22,129,339.0,99.108604,29.891395568847656
S003,P0017,2024-01-23,101,248.0,78.51413,22.485870361328125
S003,P0017,2024-01-24,79,143.0,86.96808,-7.96807861328125
S003,P0017,2024-01-25,64,72.0,68.866,-4.865997314453125
S003,P0017,2024-01-26,118,576.0,85.47166,32.528343200683594
S003,P0017,2024-01-27,117,488.0,100.02918,16.97081756591797
S003,P0017,2024-01-28,131,401.0,108.44085,22.55915069580078
S003,P0017,2024-01-29,77,317.0,77.661285,-0.661285400390625
S003,P0017,2024-01-30,118,239.0,80.78424,37.21575927734375
S003,P0018,2023-09-07,39,630.0,69.704926,-30.704925537109375
S003,P0018,2023-09-08,92,588.0,102.305984,-10.305984497070312
S003,P0018,2023-09-09,80,488.0,75.19843,4.801567077636719
S003,P0018,2023-09-10,58,420.0,68.31909,-10.319091796875
S003,P0018,2023-09-11,62,373.0,66.8619,-4.861900329589844
S003,P0018,2023-09-12,78,321.0,77.36539,0.634613037109375
S003,P0018,2023-09-13,78,237.0,71.88265,6.117347717285156
S003,P0018,2023-09-14,64,175.0,93.59531,-29.595306396484375
S003,P0018,2023-09-15,88,103.0,74.94589,13.054107666015625
S003,P0018,2023-09-16,12,368.0,78.529884,-66.5298843383789
S003,P0018,2023-09-17,127,355.0,111.17653,15.823471069335938
S003,P0018,2023-09-18,68,225.0,72.89138,-4.891380310058594
S003,P0018,2023-09-19,64,171.0,72.16682,-8.166816711425781
S003,P0018,2023-09-20,85,120.0,73.17508,11.824920654296875
S003,P0018,2023-09-21,142,571.0,93.94617,48.0538330078125
S003,P0018,2023-09-22,110,422.0,101.23994,8.760063171386719
S003,P0018,2023-09-23,147,296.0,120.5183,26.48169708251953
S003,P0018,2023-09-24,76,152.0,118.33166,-42.33165740966797
S003,P0018,2023-09-25,91,686.0,87.92427,3.0757293701171875
S003,P0018,2023-09-26,57,585.0,76.779465,-19.779464721679688
S003,P0018,2023-09-27,74,541.0,86.15099,-12.150993347167969
S003,P0018,2023-09-28,117,489.0,111.795425,5.2045745849609375
S003,P0018,2023-09-29,39,387.0,74.17921,-35.17920684814453
S003,P0018,2023-09-30,94,360.0,80.135704,13.864295959472656
S003,P0018,2023-10-01,112,251.0,77.00595,34.994049072265625
S003,P0018,2023-10-02,110,690.0,107.38905,2.6109466552734375
S003,P0018,2023-10-03,71,619.0,75.99758,-4.997581481933594
S003,P0018,2023-10-04,66,538.0,75.503555,-9.503555297851562
S003,P0018,2023-10-05,72,483.0,85.60867,-13.608673095703125
S003,P0018,2023-10-06,104,428.0,88.651634,15.348365783691406
S003,P0018,2023-10-07,74,313.0,120.6593,-46.6593017578125
S003,P0018,2023-10-08,43,237.0,103.0935,-60.09349822998047
S003,P0018,2023-10-09,20,198.0,61.040043,-41.040042877197266
S003,P0018,2023-10-10,65,572.0,63.735706,1.2642936706542969
S003,P0018,2023-10-11,63,508.0,66.77378,-3.7737808227539062
S003,P0018,2023-10-12,73,459.0,87.880775,-14.880775451660156
S003,P0018,2023-10-13,35,382.0,76.94086,-41.94085693359375
S003,P0018,2023-10-14,59,361.0,49.682465,9.317535400390625
S003,P0018,2023-10-15,34,321.0,53.82963,-19.829631805419922
S003,P0018,2023-10-16,64,298.0,42.999104,21.000896453857422
S003,P0018,2023-10-17,56,241.0,52.550354,3.44964599609375
S003,P0018,2023-10-18,22,174.0,45.866756,-23.866756439208984
S003,P0018,2023-10-19,69,157.0,53.307514,15.692485809326172
S003,P0018,2023-10-20,33,366.0,53.392174,-20.392173767089844
S003,P0018,2023-10-21,29,341.0,46.269234,-17.26923370361328
S003,P0018,2023-10-22,70,312.0,39.889297,30.110702514648438
S003,P0018,2023-10-23,25,241.0,37.206406,-12.206405639648438
S003,P0018,2023-10-24,12,219.0,33.553806,-21.55380630493164
S003,P0018,2023-10-25,89,210.0,74.6258,14.374198913574219
S003,P0018,2023-10-26,92,445.0,91.4008,0.5991973876953125
S003,P0018,2023-10-27,95,367.0,85.56276,9.437240600585938
S003,P0018,2023-10-28,85,257.0,97.28055,-12.280548095703125
S003,P0018,2023-10-29,48,161.0,71.048,-23.047996520996094
S003,P0018,2023-10-30,38,440.0,64.605415,-26.60541534423828
S003,P0018,2023-10-31,44,397.0,70.833855,-26.83385467529297
S003,P0018,2023-11-01,96,359.0,78.95447,17.0455322265625
S003,P0018,2023-11-02,127,284.0,102.25288,24.74712371826172
S003,P0018,2023-11-03,27,181.0,83.67868,-56.678680419921875
S003,P0018,2023-11-04,54,165.0,66.225426,-12.225425720214844
S003,P0018,2023-11-05,75,436.0,83.40591,-8.405906677246094
S003,P0018,2023-11-06,52,382.0,65.436935,-13.436935424804688
S003,P0018,2023-11-07,73,344.0,66.826546,6.173454284667969
S003,P0018,2023-11-08,108,296.0,99.92647,8.073532104492188
S003,P0018,2023-11-09,81,214.0,88.14773,-7.147727966308594
S003,P0018,2023-11-10,100,149.0,77.66568,22.334320068359375
S003,P0018,2023-11-11,113,277.0,78.1237,34.87629699707031
S003,P0018,2023-11-12,149,151.0,112.56605,36.43395233154297
S003,P0018,2023-11-13,96,42.0,83.25795,12.742050170898438
S003,P0018,2023-11-14,58,359.0,71.35805,-13.358047485351562
S003,P0018,2023-11-15,146,306.0,116.5395,29.46050262451172
S003,P0018,2023-11-16,82,727.0,99.76011,-17.760108947753906
S003,P0018,2023-11-17,88,656.0,90.20361,-2.20361328125
S003,P0018,2023-11-18,40,563.0,74.68955,-34.689552307128906
S003,P0018,2023-11-19,81,519.0,96.89659,-15.896591186523438
S003,P0018,2023-11-20,93,433.0,80.47988,12.520118713378906
S003,P0018,2023-11-21,70,371.0,78.99912,-8.999122619628906
S003,P0018,2023-11-22,120,323.0,106.92328,13.07672119140625
S003,P0018,2023-11-23,84,196.0,74.04284,9.957160949707031
S003,P0018,2023-11-24,132,500.0,85.68801,46.311988830566406
S003,P0018,2023-11-25,93,396.0,107.98877,-14.98876953125
S003,P0018,2023-11-26,73,306.0,81.46012,-8.460121154785156
S003,P0018,2023-11-27,71,223.0,79.6319,-8.63189697265625
S003,P0018,2023-11-28,67,765.0,87.88586,-20.88585662841797
S003,P0018,2023-11-29,117,712.0,88.86486,28.13513946533203
S003,P0018,2023-11-30,62,598.0,81.423294,-19.423294067382812
S003,P0018,2023-12-01,36,552.0,64.52874,-28.52873992919922
S003,P0018,2023-12-02,90,526.0,104.38572,-14.385719299316406
S003,P0018,2023-12-03,122,470.0,87.05498,34.94502258300781
S003,P0018,2023-12-04,54,327.0,76.69387,-22.693870544433594
S003,P0018,2023-12-05,92,272.0,103.58803,-11.588027954101562
S003,P0018,2023-12-06,97,199.0,83.57472,13.425277709960938
S003,P0018,2023-12-07,48,511.0,75.48301,-27.483009338378906
S003,P0018,2023-12-08,70,477.0,75.80319,-5.803192138671875
S003,P0018,2023-12-09,56,406.0,72.758,-16.75800323486328
S003,P0018,2023-12-10,104,359.0,105.84646,-1.8464584350585938
S003,P0018,2023-12-11,78,241.0,73.12703,4.8729705810546875
S003,P0018,2023-12-12,77,149.0,77.65649,-0.6564865112304688
S003,P0018,2023-12-13,80,100.0,97.69195,-17.69194793701172
S003,P0018,2023-12-14,58,487.0,82.455124,-24.455123901367188
S003,P0018,2023-12-15,45,442.0,83.09275,-38.092750549316406
S003,P0018,2023-12-16,18,396.0,60.940395,-42.94039535522461
S003,P0018,2023-12-17,67,374.0,90.344635,-23.344635009765625
S003,P0018,2023-12-18,114,329.0,82.01377,31.986228942871094
S003,P0018,2023-12-19,120,251.0,104.09323,15.906768798828125
S003,P0018,2023-12-20,117,172.0,77.87323,39.12677001953125
S003,P0018,2023-12-21,101,45.0,98.42199,2.5780105590820312
S003,P0018,2023-12-22,82,442.0,86.73981,-4.73980712890625
S003,P0018,2023-12-23,102,379.0,106.510735,-4.510734558105469
S003,P0018,2023-12-24,54,315.0,76.679474,-22.679473876953125
S003,P0018,2023-12-25,55,734.0,77.60569,-22.605690002441406
S003,P0018,2023-12-26,103,692.0,94.31565,8.684349060058594
S003,P0018,2023-12-27,49,616.0,66.78336,-17.783363342285156
S003,P0018,2023-12-28,40,584.0,74.73728,-34.737281799316406
S003,P0018,2023-12-29,30,544.0,40.273956,-10.273956298828125
S003,P0018,2023-12-30,42,510.0,36.14061,5.8593902587890625
S003,P0018,2023-12-31,15,473.0,36.495808,-21.495807647705078
S003,P0018,2024-01-01,26,462.0,33.641865,-7.641864776611328
S003,P0018,2024-01-02,21,444.0,22.769535,-1.7695350646972656
S003,P0018,2024-01-03,50,424.0,30.36089,19.639110565185547
S003,P0018,2024-01-04,42,364.0,25.830196,16.169803619384766
S003,P0018,2024-01-05,71,318.0,34.621517,36.378482818603516
S003,P0018,2024-01-06,45,257.0,23.119654,21.880346298217773
S003,P0018,2024-01-07,21,216.0,24.522856,-3.522855758666992
S003,P0018,2024-01-08,23,199.0,27.197208,-4.197208404541016
S003,P0018,2024-01-09,53,486.0,73.007034,-20.007034301757812
S003,P0018,2024-01-10,61,433.0,77.82669,-16.826690673828125
S003,P0018,2024-01-11,69,385.0,94.910866,-25.910865783691406
S003,P0018,2024-01-12,77,324.0,88.92083,-11.920829772949219
S003,P0018,2024-01-13,58,238.0,70.470795,-12.470794677734375
S003,P0018,2024-01-14,67,197.0,72.343056,-5.343055725097656
S003,P0018,2024-01-15,92,148.0,81.353485,10.646514892578125
S003,P0018,2024-01-16,49,345.0,72.28895,-23.28894805908203
S003,P0018,2024-01-17,40,296.0,68.17698,-28.176979064941406
S003,P0018,2024-01-18,73,255.0,75.3139,-2.31390380859375
S003,P0018,2024-01-19,92,618.0,94.50344,-2.5034408569335938
S003,P0018,2024-01-20,111,537.0,91.04205,19.95794677734375
S003,P0018,2024-01-21,68,404.0,75.24724,-7.2472381591796875
S003,P0018,2024-01-22,102,347.0,101.01196,0.988037109375
S003,P0018,2024-01-23,100,284.0,82.620316,17.379684448242188
S003,P0018,2024-01-24,59,588.0,71.62789,-12.627891540527344
S003,P0018,2024-01-25,102,544.0,88.21921,13.780792236328125
S003,P0018,2024-01-26,114,481.0,103.828224,10.171775817871094
S003,P0018,2024-01-27,16,392.0,79.680824,-63.680824279785156
S003,P0018,2024-01-28,97,374.0,100.65538,-3.6553802490234375
S003,P0018,2024-01-29,79,313.0,76.63305,2.3669509887695312
S003,P0018,2024-01-30,90,652.0,90.13075,-0.1307525634765625
S003,P0019,2023-09-07,176,136.0,137.90443,38.09556579589844
S003,P0019,2023-09-08,91,183.0,89.58253,1.4174728393554688
S003,P0019,2023-09-09,127,92.0,98.374245,28.625755310058594
S003,P0019,2023-09-10,137,145.0,112.4891,24.510902404785156
S003,P0019,2023-09-11,104,144.0,98.94193,5.058067321777344
S003,P0019,2023-09-12,4,154.0,110.800255,-106.80025482177734
S003,P0019,2023-09-13,205,150.0,116.77682,88.22318267822266
S003,P0019,2023-09-14,77,232.0,120.482414,-43.48241424560547
S003,P0019,2023-09-15,153,160.0,117.10237,35.89762878417969
S003,P0019,2023-09-16,189,178.0,122.99623,66.00376892089844
S003,P0019,2023-09-17,140,244.0,103.33062,36.66938018798828
S003,P0019,2023-09-18,107,119.0,103.75158,3.2484207153320312
S003,P0019,2023-09-19,116,121.0,134.51585,-18.515853881835938
S003,P0019,2023-09-20,152,142.0,125.73782,26.262176513671875
S003,P0019,2023-09-21,98,126.0,85.63153,12.36846923828125
S003,P0019,2023-09-22,219,137.0,144.18935,74.81065368652344
S003,P0019,2023-09-23,133,193.0,126.9243,6.0756988525390625
S003,P0019,2023-09-24,182,212.0,113.96151,68.03849029541016
S003,P0019,2023-09-25,160,211.0,114.62935,45.37065124511719
S003,P0019,2023-09-26,85,233.0,96.654854,-11.654853820800781
S003,P0019,2023-09-27,90,156.0,102.82728,-12.827278137207031
S003,P0019,2023-09-28,127,67.0,130.46875,-3.46875
S003,P0019,2023-09-29,65,115.0,105.118576,-40.11857604980469
S003,P0019,2023-09-30,173,145.0,113.14344,59.85655975341797
S003,P0019,2023-10-01,185,205.0,112.36787,72.63213348388672
S003,P0019,2023-10-02,91,248.0,94.869194,-3.8691940307617188
S003,P0019,2023-10-03,113,171.0,99.270355,13.729644775390625
S003,P0019,2023-10-04,166,218.0,108.36386,57.636138916015625
S003,P0019,2023-10-05,82,255.0,93.59295,-11.592948913574219
S003,P0019,2023-10-06,103,170.0,99.79724,3.2027587890625
S003,P0019,2023-10-07,134,51.0,108.66981,25.33019256591797
S003,P0019,2023-10-08,84,110.0,96.31373,-12.313728332519531
S003,P0019,2023-10-09,103,98.0,107.51739,-4.517387390136719
S003,P0019,2023-10-10,54,117.0,77.472206,-23.472206115722656
S003,P0019,2023-10-11,111,142.0,85.75561,25.24439239501953
S003,P0019,2023-10-12,78,186.0,104.15628,-26.156280517578125
S003,P0019,2023-10-13,171,113.0,104.59465,66.40534973144531
S003,P0019,2023-10-14,64,165.0,78.51521,-14.515213012695312
S003,P0019,2023-10-15,57,113.0,82.02569,-25.02568817138672
S003,P0019,2023-10-16,67,123.0,77.191734,-10.191734313964844
S003,P0019,2023-10-17,103,144.0,99.019295,3.9807052612304688
S003,P0019,2023-10-18,54,151.0,78.696915,-24.696914672851562
S003,P0019,2023-10-19,62,101.0,93.46123,-31.461227416992188
S003,P0019,2023-10-20,61,106.0,82.984314,-21.98431396484375
S003,P0019,2023-10-21,83,120.0,91.324715,-8.324714660644531
S003,P0019,2023-10-22,84,113.0,68.861664,15.138336181640625
S003,P0019,2023-10-23,87,122.0,72.12444,14.875556945800781
S003,P0019,2023-10-24,64,132.0,72.59628,-8.596282958984375
S003,P0019,2023-10-25,176,67.0,82.568565,93.43143463134766
S003,P0019,2023-10-26,82,149.0,118.58144,-36.581443786621094
S003,P0019,2023-10-27,81,52.0,86.48994,-5.489936828613281
S003,P0019,2023-10-28,60,89.0,136.35173,-76.35173034667969
S003,P0019,2023-10-29,123,121.0,95.34417,27.65583038330078
S003,P0019,2023-10-30,151,143.0,87.4412,63.558799743652344
S003,P0019,2023-10-31,68,167.0,93.0843,-25.08429718017578
S003,P0019,2023-11-01,156,103.0,113.580986,42.41901397705078
S003,P0019,2023-11-02,126,152.0,114.85179,11.148208618164062
S003,P0019,2023-11-03,69,150.0,94.81956,-25.819557189941406
S003,P0019,2023-11-04,186,100.0,120.63093,65.36907196044922
S003,P0019,2023-11-05,79,168.0,86.79685,-7.796852111816406
S003,P0019,2023-11-06,137,89.0,100.4915,36.50849914550781
S003,P0019,2023-11-07,100,150.0,95.12906,4.870941162109375
S003,P0019,2023-11-08,137,176.0,98.60674,38.39325714111328
S003,P0019,2023-11-09,117,158.0,87.711494,29.28850555419922
S003,P0019,2023-11-10,158,158.0,115.033554,42.96644592285156
S003,P0019,2023-11-11,116,201.0,87.73408,28.26592254638672
S003,P0019,2023-11-12,132,101.0,93.95262,38.04737854003906
S003,P0019,2023-11-13,92,153.0,83.01029,8.989707946777344
S003,P0019,2023-11-14,59,136.0,91.557556,-32.55755615234375
S003,P0019,2023-11-15,94,99.0,119.90448,-25.90447998046875
S003,P0019,2023-11-16,131,76.0,94.104996,36.89500427246094
S003,P0019,2023-11-17,123,157.0,92.674866,30.32513427734375
S003,P0019,2023-11-18,146,186.0,111.99597,34.0040283203125
S003,P0019,2023-11-19,69,202.0,90.53959,-21.539588928222656
S003,P0019,2023-11-20,85,136.0,84.20968,0.7903213500976562
S003,P0019,2023-11-21,129,162.0,119.26317,9.736831665039062
S003,P0019,2023-11-22,172,165.0,125.82134,46.17865753173828
S003,P0019,2023-11-23,101,195.0,88.43096,12.569038391113281
S003,P0019,2023-11-24,95,93.0,87.87922,7.120780944824219
S003,P0019,2023-11-25,146,88.0,103.54126,42.458740234375
S003,P0019,2023-11-26,158,120.0,127.469666,30.53033447265625
S003,P0019,2023-11-27,82,190.0,140.30417,-58.304168701171875
S003,P0019,2023-11-28,176,113.0,114.08341,61.916587829589844
S003,P0019,2023-11-29,122,189.0,104.69641,17.3035888671875
S003,P0019,2023-11-30,80,95.0,94.15088,-14.15087890625
S003,P0019,2023-12-01,108,93.0,97.503815,10.496185302734375
S003,P0019,2023-12-02,221,128.0,152.66206,68.33793640136719
S003,P0019,2023-12-03,166,181.0,127.01565,38.984352111816406
S003,P0019,2023-12-04,163,215.0,118.795616,44.204383850097656
S003,P0019,2023-12-05,121,293.0,108.0922,12.907798767089844
S003,P0019,2023-12-06,174,200.0,146.31964,27.68035888671875
S003,P0019,2023-12-07,143,231.0,119.773605,23.226394653320312
S003,P0019,2023-12-08,106,109.0,96.3746,9.625396728515625
S003,P0019,2023-12-09,67,163.0,93.72187,-26.72187042236328
S003,P0019,2023-12-10,107,113.0,101.449776,5.550224304199219
S003,P0019,2023-12-11,122,111.0,92.95634,29.043663024902344
S003,P0019,2023-12-12,77,120.0,158.56842,-81.56842041015625
S003,P0019,2023-12-13,153,135.0,140.3499,12.650100708007812
S003,P0019,2023-12-14,112,172.0,94.39064,17.609359741210938
S003,P0019,2023-12-15,54,176.0,104.454185,-50.454185485839844
S003,P0019,2023-12-16,94,113.0,110.97508,-16.975082397460938
S003,P0019,2023-12-17,127,95.0,136.4539,-9.453903198242188
S003,P0019,2023-12-18,19,149.0,144.05666,-125.05665588378906
S003,P0019,2023-12-19,93,131.0,97.5912,-4.5912017822265625
S003,P0019,2023-12-20,65,161.0,100.44191,-35.44190979003906
S003,P0019,2023-12-21,190,102.0,123.76249,66.23751068115234
S003,P0019,2023-12-22,123,191.0,93.23137,29.768630981445312
S003,P0019,2023-12-23,196,105.0,143.81062,52.18937683105469
S003,P0019,2023-12-24,83,185.0,89.730835,-6.7308349609375
S003,P0019,2023-12-25,115,117.0,99.35064,15.649360656738281
S003,P0019,2023-12-26,126,96.0,95.61812,30.381881713867188
S003,P0019,2023-12-27,91,101.0,107.74858,-16.748580932617188
S003,P0019,2023-12-28,88,110.0,68.61161,19.388389587402344
S003,P0019,2023-12-29,69,114.0,72.78047,-3.7804718017578125
S003,P0019,2023-12-30,53,123.0,82.12101,-29.121009826660156
S003,P0019,2023-12-31,135,72.0,83.30861,51.69139099121094
S003,P0019,2024-01-01,99,143.0,72.22059,26.77941131591797
S003,P0019,2024-01-02,29,154.0,68.7184,-39.71839904785156
S003,P0019,2024-01-03,93,121.0,56.31092,36.68907928466797
S003,P0019,2024-01-04,45,122.0,67.90859,-22.908592224121094
S003,P0019,2024-01-05,94,78.0,70.601746,23.39825439453125
S003,P0019,2024-01-06,84,97.0,60.115685,23.884315490722656
S003,P0019,2024-01-07,86,80.0,74.679535,11.320465087890625
S003,P0019,2024-01-08,82,91.0,86.72002,-4.7200164794921875
S003,P0019,2024-01-09,140,102.0,111.88228,28.117721557617188
S003,P0019,2024-01-10,104,176.0,90.47362,13.526382446289062
S003,P0019,2024-01-11,185,77.0,88.90565,96.09435272216797
S003,P0019,2024-01-12,150,158.0,91.5881,58.411903381347656
S003,P0019,2024-01-13,117,173.0,114.46784,2.5321578979492188
S003,P0019,2024-01-14,85,196.0,85.197556,-0.1975555419921875
S003,P0019,2024-01-15,128,129.0,105.336586,22.663414001464844
S003,P0019,2024-01-16,114,148.0,93.70158,20.298423767089844
S003,P0019,2024-01-17,128,128.0,97.69733,30.30267333984375
S003,P0019,2024-01-18,156,128.0,123.724266,32.275733947753906
S003,P0019,2024-01-19,151,168.0,106.65455,44.34545135498047
S003,P0019,2024-01-20,147,206.0,105.063736,41.93626403808594
S003,P0019,2024-01-21,107,237.0,91.77664,15.223358154296875
S003,P0019,2024-01-22,184,135.0,127.95273,56.047271728515625
S003,P0019,2024-01-23,103,212.0,99.09929,3.9007110595703125
S003,P0019,2024-01-24,128,99.0,130.8461,-2.846099853515625
S003,P0019,2024-01-25,154,115.0,137.80624,16.193756103515625
S003,P0019,2024-01-26,114,128.0,143.30138,-29.301376342773438
S003,P0019,2024-01-27,66,109.0,91.22005,-25.220046997070312
S003,P0019,2024-01-28,188,121.0,109.67612,78.32388305664062
S003,P0019,2024-01-29,81,182.0,86.2293,-5.229301452636719
S003,P0019,2024-01-30,132,108.0,107.75713,24.24286651611328
S003,P0020,2023-09-07,122,30.0,126.68228,-4.682281494140625
S003,P0020,2023-09-08,49,372.0,91.82135,-42.82135009765625
S003,P0020,2023-09-09,96,1011.0,114.16944,-18.16944122314453
S003,P0020,2023-09-10,84,932.0,117.411156,-33.411155700683594
S003,P0020,2023-09-11,95,851.0,93.86714,1.1328582763671875
S003,P0020,2023-09-12,72,766.0,90.91797,-18.91796875
S003,P0020,2023-09-13,96,722.0,119.03762,-23.037620544433594
S003,P0020,2023-09-14,103,628.0,92.74674,10.253257751464844
S003,P0020,2023-09-15,128,547.0,115.61154,12.388458251953125
S003,P0020,2023-09-16,103,416.0,88.23845,14.761550903320312
S003,P0020,2023-09-17,79,294.0,89.9133,-10.913299560546875
S003,P0020,2023-09-18,105,237.0,94.01183,10.988166809082031
S003,P0020,2023-09-19,91,684.0,87.12191,3.8780899047851562
S003,P0020,2023-09-20,105,606.0,113.75076,-8.750762939453125
S003,P0020,2023-09-21,77,529.0,86.55196,-9.551963806152344
S003,P0020,2023-09-22,81,455.0,109.1305,-28.13050079345703
S003,P0020,2023-09-23,82,404.0,84.61512,-2.6151199340820312
S003,P0020,2023-09-24,148,339.0,111.25331,36.74668884277344
S003,P0020,2023-09-25,102,221.0,115.116264,-13.116264343261719
S003,P0020,2023-09-26,90,154.0,98.62856,-8.628562927246094
S003,P0020,2023-09-27,94,79.0,95.17343,-1.173431396484375
S003,P0020,2023-09-28,42,619.0,87.29874,-45.298736572265625
S003,P0020,2023-09-29,28,594.0,85.25275,-57.25274658203125
S003,P0020,2023-09-30,161,569.0,83.42527,77.5747299194336
S003,P0020,2023-10-01,106,458.0,88.410034,17.5899658203125
S003,P0020,2023-10-02,93,363.0,89.93181,3.0681915283203125
S003,P0020,2023-10-03,84,303.0,93.63296,-9.632957458496094
S003,P0020,2023-10-04,103,888.0,93.00912,9.990882873535156
S003,P0020,2023-10-05,53,788.0,118.47497,-65.47496795654297
S003,P0020,2023-10-06,67,744.0,117.04651,-50.0465087890625
S003,P0020,2023-10-07,138,681.0,87.812325,50.18767547607422
S003,P0020,2023-10-08,79,543.0,86.568825,-7.568824768066406
S003,P0020,2023-10-09,92,476.0,76.27433,15.725669860839844
S003,P0020,2023-10-10,73,421.0,78.14957,-5.149566650390625
S003,P0020,2023-10-11,71,367.0,74.98293,-3.9829330444335938
S003,P0020,2023-10-12,112,297.0,77.12078,34.87921905517578
S003,P0020,2023-10-13,140,178.0,106.39517,33.604827880859375
S003,P0020,2023-10-14,68,38.0,88.13865,-20.138648986816406
S003,P0020,2023-10-15,94,0.0,74.9804,19.01959991455078
S003,P0020,2023-10-16,194,372.0,109.47614,84.52385711669922
S003,P0020,2023-10-17,114,835.0,88.29309,25.7069091796875
S003,P0020,2023-10-18,69,762.0,104.35906,-35.35906219482422
S003,P0020,2023-10-19,139,706.0,88.9519,50.04810333251953
S003,P0020,2023-10-20,64,570.0,82.61482,-18.614822387695312
S003,P0020,2023-10-21,102,517.0,117.72575,-15.725753784179688
S003,P0020,2023-10-22,57,447.0,80.20319,-23.20319366455078
S003,P0020,2023-10-23,155,409.0,115.52681,39.47319030761719
S003,P0020,2023-10-24,109,226.0,87.46942,21.53057861328125
S003,P0020,2023-10-25,59,109.0,115.67451,-56.67450714111328
S003,P0020,2023-10-26,159,43.0,114.89365,44.106353759765625
S003,P0020,2023-10-27,109,524.0,131.73119,-22.731185913085938
S003,P0020,2023-10-28,78,404.0,94.928986,-16.928985595703125
S003,P0020,2023-10-29,94,357.0,93.95028,0.04972076416015625
S003,P0020,2023-10-30,117,910.0,94.108986,22.891014099121094
S003,P0020,2023-10-31,116,780.0,97.17731,18.82269287109375
S003,P0020,2023-11-01,128,653.0,102.678474,25.32152557373047
S003,P0020,2023-11-02,108,516.0,123.55881,-15.558807373046875
S003,P0020,2023-11-03,121,410.0,126.32038,-5.320381164550781
S003,P0020,2023-11-04,71,302.0,96.278175,-25.278175354003906
S003,P0020,2023-11-05,110,226.0,99.13242,10.867576599121094
S003,P0020,2023-11-06,98,160.0,101.42498,-3.4249801635742188
S003,P0020,2023-11-07,122,473.0,96.4106,25.589401245117188
S003,P0020,2023-11-08,81,336.0,97.22997,-16.22997283935547
S003,P0020,2023-11-09,94,247.0,93.76226,0.23773956298828125
S003,P0020,2023-11-10,124,156.0,126.30203,-2.302032470703125
S003,P0020,2023-11-11,96,478.0,92.05716,3.942840576171875
S003,P0020,2023-11-12,120,400.0,94.71074,25.289260864257812
S003,P0020,2023-11-13,103,302.0,92.408875,10.59112548828125
S003,P0020,2023-11-14,94,179.0,95.1006,-1.1006011962890625
S003,P0020,2023-11-15,142,102.0,124.60681,17.3931884765625
S003,P0020,2023-11-16,97,439.0,94.80628,2.1937179565429688
S003,P0020,2023-11-17,174,353.0,121.81748,52.182518005371094
S003,P0020,2023-11-18,128,239.0,90.36985,37.630149841308594
S003,P0020,2023-11-19,67,693.0,93.59223,-26.59223175048828
S003,P0020,2023-11-20,76,643.0,95.670166,-19.670166015625
S003,P0020,2023-11-21,76,568.0,115.74805,-39.748046875
S003,P0020,2023-11-22,99,512.0,93.4156,5.5843963623046875
S003,P0020,2023-11-23,62,412.0,89.66984,-27.669837951660156
S003,P0020,2023-11-24,58,374.0,85.24712,-27.24712371826172
S003,P0020,2023-11-25,91,320.0,110.614944,-19.614944458007812
S003,P0020,2023-11-26,114,263.0,109.59592,4.404083251953125
S003,P0020,2023-11-27,84,185.0,113.75314,-29.753143310546875
S003,P0020,2023-11-28,110,117.0,115.22523,-5.225227355957031
S003,P0020,2023-11-29,95,372.0,91.10962,3.890380859375
S003,P0020,2023-11-30,116,299.0,88.33867,27.661331176757812
S003,P0020,2023-12-01,144,176.0,85.93492,58.06507873535156
S003,P0020,2023-12-02,146,513.0,124.617584,21.382415771484375
S003,P0020,2023-12-03,121,357.0,99.76934,21.23065948486328
S003,P0020,2023-12-04,203,258.0,133.01907,69.98092651367188
S003,P0020,2023-12-05,128,754.0,137.8368,-9.836807250976562
S003,P0020,2023-12-06,182,655.0,141.3095,40.69050598144531
S003,P0020,2023-12-07,175,536.0,121.57466,53.42533874511719
S003,P0020,2023-12-08,146,374.0,157.07904,-11.07904052734375
S003,P0020,2023-12-09,106,214.0,161.60004,-55.60003662109375
S003,P0020,2023-12-10,60,816.0,117.13899,-57.13899230957031
S003,P0020,2023-12-11,106,762.0,143.00096,-37.00096130371094
S003,P0020,2023-12-12,109,650.0,105.163475,3.8365249633789062
S003,P0020,2023-12-13,199,544.0,107.092125,91.90787506103516
S003,P0020,2023-12-14,118,341.0,95.11585,22.88414764404297
S003,P0020,2023-12-15,172,205.0,117.033165,54.966835021972656
S003,P0020,2023-12-16,144,89.0,116.77298,27.227020263671875
S003,P0020,2023-12-17,142,753.0,120.87891,21.12109375
S003,P0020,2023-12-18,295,666.0,171.2226,123.77740478515625
S003,P0020,2023-12-19,119,411.0,116.02849,2.9715118408203125
S003,P0020,2023-12-20,95,283.0,121.616585,-26.61658477783203
S003,P0020,2023-12-21,148,185.0,112.79086,35.209136962890625
S003,P0020,2023-12-22,161,1300.0,174.78992,-13.7899169921875
S003,P0020,2023-12-23,223,1134.0,171.2934,51.70660400390625
S003,P0020,2023-12-24,147,938.0,124.587395,22.41260528564453
S003,P0020,2023-12-25,111,828.0,115.52397,-4.5239715576171875
S003,P0020,2023-12-26,119,735.0,124.36889,-5.368888854980469
S003,P0020,2023-12-27,155,660.0,111.035446,43.96455383300781
S003,P0020,2023-12-28,172,474.0,118.94561,53.05438995361328
S003,P0020,2023-12-29,122,337.0,98.702576,23.29742431640625
S003,P0020,2023-12-30,204,232.0,131.05394,72.94606018066406
S003,P0020,2023-12-31,106,45.0,121.22819,-15.228187561035156
S003,P0020,2024-01-01,56,554.0,91.42418,-35.42417907714844
S003,P0020,2024-01-02,122,508.0,132.93602,-10.936019897460938
S003,P0020,2024-01-03,58,1168.0,107.41984,-49.419837951660156
S003,P0020,2024-01-04,116,1101.0,105.150345,10.849655151367188
S003,P0020,2024-01-05,248,1018.0,172.89374,75.10626220703125
S003,P0020,2024-01-06,98,748.0,142.86496,-44.864959716796875
S003,P0020,2024-01-07,102,636.0,116.72477,-14.724769592285156
S003,P0020,2024-01-08,119,534.0,134.53711,-15.537109375
S003,P0020,2024-01-09,71,1407.0,132.21693,-61.21693420410156
S003,P0020,2024-01-10,109,1354.0,129.29921,-20.299209594726562
S003,P0020,2024-01-11,181,1248.0,142.90446,38.09553527832031
S003,P0020,2024-01-12,127,1072.0,132.38275,-5.38275146484375
S003,P0020,2024-01-13,125,963.0,130.96384,-5.963836669921875
S003,P0020,2024-01-14,214,884.0,168.62651,45.37348937988281
S003,P0020,2024-01-15,126,684.0,142.86674,-16.866744995117188
S003,P0020,2024-01-16,104,590.0,126.92409,-22.924087524414062
S003,P0020,2024-01-17,77,488.0,120.89424,-43.89424133300781
S003,P0020,2024-01-18,139,1397.0,153.6542,-14.654205322265625
S003,P0020,2024-01-19,75,1237.0,122.819534,-47.81953430175781
S003,P0020,2024-01-20,98,1176.0,122.42772,-24.427719116210938
S003,P0020,2024-01-21,97,1105.0,133.92216,-36.92216491699219
S003,P0020,2024-01-22,119,1034.0,145.83536,-26.835357666015625
S003,P0020,2024-01-23,142,949.0,119.12284,22.877159118652344
S003,P0020,2024-01-24,115,849.0,146.50735,-31.507354736328125
S003,P0020,2024-01-25,158,723.0,113.50077,44.499229431152344
S003,P0020,2024-01-26,69,593.0,107.85283,-38.85282897949219
S003,P0020,2024-01-27,114,511.0,105.28336,8.716636657714844
S003,P0020,2024-01-28,161,384.0,127.1581,33.84190368652344
S003,P0020,2024-01-29,109,192.0,112.0294,-3.0294036865234375
S003,P0020,2024-01-30,96,113.0,114.76599,-18.7659912109375
S004,P0001,2023-09-07,84,497.0,82.55781,1.4421920776367188
S004,P0001,2023-09-08,44,423.0,83.76654,-39.76654052734375
S004,P0001,2023-09-09,79,1041.0,82.87515,-3.875152587890625
S004,P0001,2023-09-10,90,987.0,99.87799,-9.87799072265625
S004,P0001,2023-09-11,181,896.0,140.22131,40.7786865234375
S004,P0001,2023-09-12,128,780.0,92.965836,35.03416442871094
S004,P0001,2023-09-13,107,646.0,129.57513,-22.57513427734375
S004,P0001,2023-09-14,167,519.0,134.22713,32.77287292480469
S004,P0001,2023-09-15,118,336.0,133.51974,-15.519744873046875
S004,P0001,2023-09-16,71,252.0,106.35219,-35.35218811035156
S004,P0001,2023-09-17,135,198.0,103.95847,31.041526794433594
S004,P0001,2023-09-18,161,729.0,122.40459,38.59541320800781
S004,P0001,2023-09-19,113,577.0,130.49097,-17.490966796875
S004,P0001,2023-09-20,186,491.0,107.02378,78.9762191772461
S004,P0001,2023-09-21,173,319.0,102.152306,70.84769439697266
S004,P0001,2023-09-22,137,189.0,112.37285,24.627151489257812
S004,P0001,2023-09-23,89,66.0,119.36707,-30.36707305908203
S004,P0001,2023-09-24,177,806.0,153.26508,23.73492431640625
S004,P0001,2023-09-25,153,632.0,112.913445,40.08655548095703
S004,P0001,2023-09-26,94,520.0,99.30361,-5.303611755371094
S004,P0001,2023-09-27,79,420.0,114.02469,-35.024688720703125
S004,P0001,2023-09-28,73,360.0,115.68639,-42.68639373779297
S004,P0001,2023-09-29,176,994.0,117.026695,58.973304748535156
S004,P0001,2023-09-30,97,818.0,100.921646,-3.9216461181640625
S004,P0001,2023-10-01,239,740.0,135.08926,103.91073608398438
S004,P0001,2023-10-02,152,535.0,126.444275,25.55572509765625
S004,P0001,2023-10-03,74,363.0,97.22767,-23.22766876220703
S004,P0001,2023-10-04,106,305.0,100.51173,5.488273620605469
S004,P0001,2023-10-05,219,1204.0,115.17062,103.82937622070312
S004,P0001,2023-10-06,54,964.0,89.78437,-35.78437042236328
S004,P0001,2023-10-07,70,900.0,63.064148,6.93585205078125
S004,P0001,2023-10-08,62,836.0,74.69292,-12.692916870117188
S004,P0001,2023-10-09,83,785.0,87.65883,-4.6588287353515625
S004,P0001,2023-10-10,45,721.0,64.723694,-19.72369384765625
S004,P0001,2023-10-11,108,690.0,88.50524,19.49475860595703
S004,P0001,2023-10-12,146,623.0,106.65048,39.349517822265625
S004,P0001,2023-10-13,86,493.0,77.99813,8.001869201660156
S004,P0001,2023-10-14,130,432.0,82.298325,47.70167541503906
S004,P0001,2023-10-15,56,346.0,79.15568,-23.155677795410156
S004,P0001,2023-10-16,47,774.0,67.59112,-20.59111785888672
S004,P0001,2023-10-17,90,737.0,93.4853,-3.4852981567382812
S004,P0001,2023-10-18,75,658.0,74.6977,0.30229949951171875
S004,P0001,2023-10-19,100,613.0,84.03478,15.965217590332031
S004,P0001,2023-10-20,108,500.0,79.312775,28.687225341796875
S004,P0001,2023-10-21,73,400.0,62.162247,10.837753295898438
S004,P0001,2023-10-22,114,328.0,76.06434,37.93566131591797
S004,P0001,2023-10-23,103,241.0,92.92079,10.079208374023438
S004,P0001,2023-10-24,51,621.0,45.8128,5.187198638916016
S004,P0001,2023-10-25,251,573.0,97.01365,153.9863510131836
S004,P0001,2023-10-26,214,315.0,120.98686,93.01313781738281
S004,P0001,2023-10-27,186,124.0,99.96205,86.03794860839844
S004,P0001,2023-10-28,67,0.0,116.353676,-49.353675842285156
S004,P0001,2023-10-29,110,858.0,120.70356,-10.703559875488281
S004,P0001,2023-10-30,154,785.0,103.531265,50.46873474121094
S004,P0001,2023-10-31,148,677.0,111.35352,36.64647674560547
S004,P0001,2023-11-01,134,568.0,97.49126,36.50874328613281
S004,P0001,2023-11-02,162,463.0,100.79542,61.20458221435547
S004,P0001,2023-11-03,92,351.0,86.29774,5.702262878417969
S004,P0001,2023-11-04,91,276.0,84.18853,6.811470031738281
S004,P0001,2023-11-05,131,692.0,93.75458,37.24542236328125
S004,P0001,2023-11-06,109,606.0,86.81908,22.180923461914062
S004,P0001,2023-11-07,231,523.0,134.58644,96.41355895996094
S004,P0001,2023-11-08,152,359.0,159.711,-7.71099853515625
S004,P0001,2023-11-09,165,206.0,107.79597,57.20403289794922
S004,P0001,2023-11-10,132,92.0,103.767166,28.232833862304688
S004,P0001,2023-11-11,150,915.0,108.71642,41.28357696533203
S004,P0001,2023-11-12,133,785.0,141.09836,-8.098358154296875
S004,P0001,2023-11-13,159,680.0,125.02282,33.97718048095703
S004,P0001,2023-11-14,101,572.0,112.983696,-11.983695983886719
S004,P0001,2023-11-15,150,467.0,108.251785,41.74821472167969
S004,P0001,2023-11-16,191,312.0,134.11217,56.88783264160156
S004,P0001,2023-11-17,133,709.0,115.08069,17.9193115234375
S004,P0001,2023-11-18,164,607.0,115.44256,48.55744171142578
S004,P0001,2023-11-19,157,486.0,109.36101,47.63899230957031
S004,P0001,2023-11-20,88,336.0,110.529106,-22.52910614013672
S004,P0001,2023-11-21,82,275.0,99.79959,-17.799591064453125
S004,P0001,2023-11-22,69,714.0,82.78293,-13.782928466796875
S004,P0001,2023-11-23,89,661.0,91.20392,-2.20391845703125
S004,P0001,2023-11-24,67,584.0,79.451004,-12.451004028320312
S004,P0001,2023-11-25,124,529.0,105.55241,18.447593688964844
S004,P0001,2023-11-26,112,418.0,103.79211,8.207893371582031
S004,P0001,2023-11-27,106,311.0,105.362564,0.6374359130859375
S004,P0001,2023-11-28,74,213.0,109.89048,-35.890480041503906
S004,P0001,2023-11-29,58,691.0,100.86118,-42.861183166503906
S004,P0001,2023-11-30,108,656.0,109.306526,-1.3065261840820312
S004,P0001,2023-12-01,69,569.0,67.57167,1.4283294677734375
S004,P0001,2023-12-02,30,514.0,93.44496,-63.44496154785156
S004,P0001,2023-12-03,106,489.0,93.81681,12.183189392089844
S004,P0001,2023-12-04,231,378.0,124.68829,106.31170654296875
S004,P0001,2023-12-05,117,141.0,112.37809,4.621910095214844
S004,P0001,2023-12-06,65,32.0,119.9342,-54.93419647216797
S004,P0001,2023-12-07,131,465.0,103.4038,27.59619903564453
S004,P0001,2023-12-08,189,1366.0,143.4573,45.542694091796875
S004,P0001,2023-12-09,101,1163.0,115.1368,-14.136802673339844
S004,P0001,2023-12-10,75,1082.0,101.281784,-26.281784057617188
S004,P0001,2023-12-11,80,1001.0,76.59456,3.4054412841796875
S004,P0001,2023-12-12,146,909.0,119.59906,26.40093994140625
S004,P0001,2023-12-13,125,774.0,98.04288,26.957122802734375
S004,P0001,2023-12-14,99,637.0,87.51935,11.48065185546875
S004,P0001,2023-12-15,203,542.0,102.95056,100.0494384765625
S004,P0001,2023-12-16,137,386.0,83.09501,53.904991149902344
S004,P0001,2023-12-17,53,286.0,90.235344,-37.23534393310547
S004,P0001,2023-12-18,110,232.0,76.09143,33.9085693359375
S004,P0001,2023-12-19,144,1017.0,81.86564,62.134361267089844
S004,P0001,2023-12-20,99,865.0,72.5338,26.466201782226562
S004,P0001,2023-12-21,131,791.0,91.17528,39.82472229003906
S004,P0001,2023-12-22,135,671.0,103.0003,31.99970245361328
S004,P0001,2023-12-23,108,566.0,111.551094,-3.5510940551757812
S004,P0001,2023-12-24,193,476.0,133.58583,59.41416931152344
S004,P0001,2023-12-25,155,249.0,135.02885,19.971145629882812
S004,P0001,2023-12-26,191,82.0,151.20033,39.79966735839844
S004,P0001,2023-12-27,85,0.0,114.737755,-29.737754821777344
S004,P0001,2023-12-28,90,892.0,81.66446,8.335540771484375
S004,P0001,2023-12-29,70,818.0,63.701935,6.298065185546875
S004,P0001,2023-12-30,80,773.0,77.66943,2.33056640625
S004,P0001,2023-12-31,82,719.0,79.16991,2.8300933837890625
S004,P0001,2024-01-01,31,621.0,46.127403,-15.127403259277344
S004,P0001,2024-01-02,101,594.0,53.37944,47.62055969238281
S004,P0001,2024-01-03,90,486.0,70.645424,19.354576110839844
S004,P0001,2024-01-04,124,379.0,84.2817,39.718299865722656
S004,P0001,2024-01-05,39,275.0,61.872612,-22.87261199951172
S004,P0001,2024-01-06,80,251.0,69.80142,10.198577880859375
S004,P0001,2024-01-07,75,180.0,64.72377,10.276229858398438
S004,P0001,2024-01-08,106,567.0,67.813675,38.18632507324219
S004,P0001,2024-01-09,128,457.0,84.76055,43.23944854736328
S004,P0001,2024-01-10,128,347.0,93.94372,34.05628204345703
S004,P0001,2024-01-11,199,230.0,107.47909,91.52091217041016
S004,P0001,2024-01-12,85,7.0,101.891304,-16.89130401611328
S004,P0001,2024-01-13,112,512.0,115.14019,-3.1401901245117188
S004,P0001,2024-01-14,4,393.0,53.69933,-49.6993293762207
S004,P0001,2024-01-15,192,1209.0,110.12296,81.87703704833984
S004,P0001,2024-01-16,117,1085.0,92.54284,24.45716094970703
S004,P0001,2024-01-17,78,958.0,80.15063,-2.1506271362304688
S004,P0001,2024-01-18,95,886.0,92.4429,2.557098388671875
S004,P0001,2024-01-19,116,827.0,97.60419,18.39581298828125
S004,P0001,2024-01-20,115,756.0,91.61642,23.383583068847656
S004,P0001,2024-01-21,63,677.0,103.6509,-40.650901794433594
S004,P0001,2024-01-22,152,610.0,106.23154,45.768463134765625
S004,P0001,2024-01-23,65,494.0,66.6827,-1.6827011108398438
S004,P0001,2024-01-24,115,432.0,106.24508,8.754920959472656
S004,P0001,2024-01-25,135,308.0,82.70611,52.29389190673828
S004,P0001,2024-01-26,86,875.0,78.59462,7.4053802490234375
S004,P0001,2024-01-27,120,772.0,91.50326,28.496742248535156
S004,P0001,2024-01-28,175,649.0,85.82045,89.17955017089844
S004,P0001,2024-01-29,171,515.0,80.93678,90.06321716308594
S004,P0001,2024-01-30,123,342.0,95.87726,27.12274169921875
S004,P0002,2023-09-07,102,219.0,103.50371,-1.5037078857421875
S004,P0002,2023-09-08,17,114.0,100.27938,-83.27938079833984
S004,P0002,2023-09-09,108,338.0,92.299446,15.700553894042969
S004,P0002,2023-09-10,108,228.0,133.30394,-25.303939819335938
S004,P0002,2023-09-11,159,113.0,113.13654,45.86345672607422
S004,P0002,2023-09-12,127,238.0,98.64396,28.356040954589844
S004,P0002,2023-09-13,110,504.0,112.323395,-2.323394775390625
S004,P0002,2023-09-14,87,417.0,94.81769,-7.81768798828125
S004,P0002,2023-09-15,122,317.0,146.57138,-24.571380615234375
S004,P0002,2023-09-16,136,217.0,116.06418,19.935821533203125
S004,P0002,2023-09-17,159,58.0,137.70909,21.290908813476562
S004,P0002,2023-09-18,69,284.0,98.61964,-29.61963653564453
S004,P0002,2023-09-19,109,531.0,89.46684,19.533157348632812
S004,P0002,2023-09-20,111,463.0,124.84448,-13.844482421875
S004,P0002,2023-09-21,17,369.0,94.51438,-77.5143814086914
S004,P0002,2023-09-22,101,354.0,97.33646,3.663543701171875
S004,P0002,2023-09-23,206,254.0,115.71275,90.28724670410156
S004,P0002,2023-09-24,203,12.0,133.31526,69.68473815917969
S004,P0002,2023-09-25,106,488.0,92.38882,13.611183166503906
S004,P0002,2023-09-26,87,407.0,100.96942,-13.96942138671875
S004,P0002,2023-09-27,172,332.0,136.14462,35.855377197265625
S004,P0002,2023-09-28,83,183.0,84.94198,-1.9419784545898438
S004,P0002,2023-09-29,87,533.0,94.270836,-7.270835876464844
S004,P0002,2023-09-30,104,444.0,97.246864,6.753135681152344
S004,P0002,2023-10-01,87,377.0,89.95873,-2.9587326049804688
S004,P0002,2023-10-02,107,291.0,94.99234,12.007659912109375
S004,P0002,2023-10-03,140,193.0,127.36303,12.636970520019531
S004,P0002,2023-10-04,76,105.0,112.561485,-36.561485290527344
S004,P0002,2023-10-05,227,269.0,125.4844,101.5156021118164
S004,P0002,2023-10-06,138,104.0,88.07694,49.923057556152344
S004,P0002,2023-10-07,62,461.0,71.46312,-9.463119506835938
S004,P0002,2023-10-08,192,394.0,106.176605,85.82339477539062
S004,P0002,2023-10-09,94,199.0,69.47575,24.524246215820312
S004,P0002,2023-10-10,42,539.0,81.95615,-39.956146240234375
S004,P0002,2023-10-11,46,513.0,78.67588,-32.675880432128906
S004,P0002,2023-10-12,91,477.0,60.48033,30.519668579101562
S004,P0002,2023-10-13,44,386.0,80.08517,-36.085166931152344
S004,P0002,2023-10-14,108,333.0,80.65493,27.345069885253906
S004,P0002,2023-10-15,50,203.0,74.74155,-24.741546630859375
S004,P0002,2023-10-16,56,172.0,68.96727,-12.967269897460938
S004,P0002,2023-10-17,141,112.0,79.78039,61.21961212158203
S004,P0002,2023-10-18,154,25.0,92.52406,61.47593688964844
S004,P0002,2023-10-19,101,236.0,64.622955,36.377044677734375
S004,P0002,2023-10-20,66,470.0,76.68976,-10.68975830078125
S004,P0002,2023-10-21,76,405.0,82.52579,-6.525787353515625
S004,P0002,2023-10-22,57,333.0,81.93601,-24.936012268066406
S004,P0002,2023-10-23,45,291.0,84.527504,-39.527503967285156
S004,P0002,2023-10-24,38,243.0,65.35613,-27.35613250732422
S004,P0002,2023-10-25,195,216.0,118.45391,76.54608917236328
S004,P0002,2023-10-26,203,2.0,115.515114,87.4848861694336
S004,P0002,2023-10-27,99,374.0,81.88349,17.11650848388672
S004,P0002,2023-10-28,96,698.0,101.32783,-5.327827453613281
S004,P0002,2023-10-29,81,589.0,94.30207,-13.302070617675781
S004,P0002,2023-10-30,108,496.0,98.741905,9.258094787597656
S004,P0002,2023-10-31,90,386.0,95.87217,-5.872169494628906
S004,P0002,2023-11-01,124,284.0,86.31855,37.68144989013672
S004,P0002,2023-11-02,91,156.0,91.603004,-0.6030044555664062
S004,P0002,2023-11-03,139,311.0,117.83654,21.16345977783203
S004,P0002,2023-11-04,138,225.0,94.98333,43.01667022705078
S004,P0002,2023-11-05,119,350.0,96.90232,22.097679138183594
S004,P0002,2023-11-06,162,249.0,98.51183,63.48816680908203
S004,P0002,2023-11-07,32,132.0,117.29127,-85.29126739501953
S004,P0002,2023-11-08,140,456.0,122.96538,17.034622192382812
S004,P0002,2023-11-09,65,308.0,88.71504,-23.715042114257812
S004,P0002,2023-11-10,115,243.0,115.20698,-0.20697784423828125
S004,P0002,2023-11-11,83,134.0,112.6315,-29.631500244140625
S004,P0002,2023-11-12,89,315.0,112.67973,-23.679733276367188
S004,P0002,2023-11-13,104,248.0,89.4316,14.568397521972656
S004,P0002,2023-11-14,106,184.0,87.90356,18.09644317626953
S004,P0002,2023-11-15,244,114.0,117.66118,126.33882141113281
S004,P0002,2023-11-16,80,246.0,95.81383,-15.813827514648438
S004,P0002,2023-11-17,85,677.0,90.68949,-5.689491271972656
S004,P0002,2023-11-18,199,576.0,130.12686,68.87313842773438
S004,P0002,2023-11-19,136,447.0,97.52053,38.479469299316406
S004,P0002,2023-11-20,118,300.0,129.70586,-11.705856323242188
S004,P0002,2023-11-21,62,189.0,96.37125,-34.371246337890625
S004,P0002,2023-11-22,166,117.0,110.443634,55.556365966796875
S004,P0002,2023-11-23,52,12.0,104.21485,-52.21485137939453
S004,P0002,2023-11-24,147,293.0,95.04008,51.959922790527344
S004,P0002,2023-11-25,87,186.0,126.373024,-39.373023986816406
S004,P0002,2023-11-26,53,435.0,98.24538,-45.24537658691406
S004,P0002,2023-11-27,141,397.0,100.55545,40.444549560546875
S004,P0002,2023-11-28,90,281.0,90.722084,-0.7220840454101562
S004,P0002,2023-11-29,101,210.0,101.5882,-0.5882034301757812
S004,P0002,2023-11-30,123,116.0,85.63776,37.36224365234375
S004,P0002,2023-12-01,149,247.0,112.58282,36.41718292236328
S004,P0002,2023-12-02,85,86.0,97.50872,-12.508720397949219
S004,P0002,2023-12-03,85,304.0,102.36822,-17.36821746826172
S004,P0002,2023-12-04,109,224.0,124.040955,-15.04095458984375
S004,P0002,2023-12-05,163,151.0,103.37691,59.62309265136719
S004,P0002,2023-12-06,97,202.0,99.8148,-2.8147964477539062
S004,P0002,2023-12-07,78,388.0,96.17425,-18.17424774169922
S004,P0002,2023-12-08,93,335.0,98.11944,-5.119438171386719
S004,P0002,2023-12-09,82,238.0,97.01875,-15.018753051757812
S004,P0002,2023-12-10,128,164.0,94.527626,33.472373962402344
S004,P0002,2023-12-11,84,12.0,98.869156,-14.869155883789062
S004,P0002,2023-12-12,99,234.0,120.05658,-21.05657958984375
S004,P0002,2023-12-13,188,137.0,97.77743,90.22257232666016
S004,P0002,2023-12-14,143,236.0,100.987015,42.01298522949219
S004,P0002,2023-12-15,155,579.0,109.22818,45.771820068359375
S004,P0002,2023-12-16,194,446.0,105.69532,88.30467987060547
S004,P0002,2023-12-17,143,234.0,106.453636,36.546363830566406
S004,P0002,2023-12-18,44,63.0,97.34339,-53.34339141845703
S004,P0002,2023-12-19,195,253.0,108.16759,86.83241271972656
S004,P0002,2023-12-20,238,27.0,153.51256,84.48744201660156
S004,P0002,2023-12-21,226,382.0,135.76921,90.23078918457031
S004,P0002,2023-12-22,107,677.0,133.01976,-26.019760131835938
S004,P0002,2023-12-23,116,553.0,141.87662,-25.876617431640625
S004,P0002,2023-12-24,126,440.0,135.86333,-9.863327026367188
S004,P0002,2023-12-25,128,304.0,99.1412,28.858802795410156
S004,P0002,2023-12-26,85,179.0,108.98416,-23.984161376953125
S004,P0002,2023-12-27,103,95.0,110.811844,-7.8118438720703125
S004,P0002,2023-12-28,91,177.0,114.13941,-23.13941192626953
S004,P0002,2023-12-29,46,308.0,68.24426,-22.2442626953125
S004,P0002,2023-12-30,69,253.0,79.17637,-10.176368713378906
S004,P0002,2023-12-31,50,176.0,79.996666,-29.996665954589844
S004,P0002,2024-01-01,115,128.0,80.03676,34.96324157714844
S004,P0002,2024-01-02,94,23.0,72.42776,21.572242736816406
S004,P0002,2024-01-03,104,211.0,94.3722,9.627799987792969
S004,P0002,2024-01-04,56,110.0,58.95681,-2.9568099975585938
S004,P0002,2024-01-05,54,284.0,61.268024,-7.268024444580078
S004,P0002,2024-01-06,50,238.0,53.025627,-3.0256271362304688
S004,P0002,2024-01-07,86,200.0,79.20989,6.790107727050781
S004,P0002,2024-01-08,63,105.0,49.352898,13.647102355957031
S004,P0002,2024-01-09,80,242.0,82.08146,-2.0814590454101562
S004,P0002,2024-01-10,132,181.0,87.10061,44.899391174316406
S004,P0002,2024-01-11,83,96.0,85.71229,-2.7122879028320312
S004,P0002,2024-01-12,61,321.0,91.02572,-30.025718688964844
S004,P0002,2024-01-13,102,262.0,92.91394,9.0860595703125
S004,P0002,2024-01-14,211,146.0,89.14612,121.8538818359375
S004,P0002,2024-01-15,197,0.0,143.39168,53.60832214355469
S004,P0002,2024-01-16,11,486.0,114.85735,-103.85735321044922
S004,P0002,2024-01-17,107,476.0,84.86061,22.139389038085938
S004,P0002,2024-01-18,113,360.0,93.66141,19.338592529296875
S004,P0002,2024-01-19,41,268.0,95.18272,-54.182716369628906
S004,P0002,2024-01-20,68,220.0,117.06008,-49.060081481933594
S004,P0002,2024-01-21,42,162.0,85.42879,-43.42878723144531
S004,P0002,2024-01-22,84,129.0,76.385796,7.614204406738281
S004,P0002,2024-01-23,79,35.0,94.865395,-15.865394592285156
S004,P0002,2024-01-24,110,200.0,109.62724,0.3727569580078125
S004,P0002,2024-01-25,105,103.0,107.32442,-2.3244171142578125
S004,P0002,2024-01-26,108,210.0,117.081024,-9.081024169921875
S004,P0002,2024-01-27,170,112.0,110.50426,59.49574279785156
S004,P0002,2024-01-28,97,239.0,94.00248,2.9975204467773438
S004,P0002,2024-01-29,137,436.0,94.797615,42.20238494873047
S004,P0002,2024-01-30,57,273.0,92.58015,-35.58014678955078
S004,P0003,2023-09-07,137,353.0,118.91231,18.087692260742188
S004,P0003,2023-09-08,81,225.0,73.98154,7.018463134765625
S004,P0003,2023-09-09,74,166.0,89.95599,-15.95599365234375
S004,P0003,2023-09-10,85,495.0,102.82728,-17.82727813720703
S004,P0003,2023-09-11,157,440.0,119.9542,37.045799255371094
S004,P0003,2023-09-12,86,270.0,80.28981,5.7101898193359375
S004,P0003,2023-09-13,108,210.0,110.4079,-2.40789794921875
S004,P0003,2023-09-14,123,592.0,95.61613,27.383872985839844
S004,P0003,2023-09-15,99,513.0,86.62977,12.370231628417969
S004,P0003,2023-09-16,38,425.0,78.52185,-40.5218505859375
S004,P0003,2023-09-17,101,399.0,86.55851,14.441490173339844
S004,P0003,2023-09-18,87,327.0,105.59852,-18.59851837158203
S004,P0003,2023-09-19,55,275.0,71.62628,-16.62628173828125
S004,P0003,2023-09-20,56,600.0,73.37806,-17.37805938720703
S004,P0003,2023-09-21,56,548.0,73.24882,-17.248817443847656
S004,P0003,2023-09-22,61,500.0,79.64409,-18.644088745117188
S004,P0003,2023-09-23,99,437.0,114.285355,-15.285354614257812
S004,P0003,2023-09-24,40,328.0,67.83439,-27.834388732910156
S004,P0003,2023-09-25,67,290.0,75.987595,-8.987594604492188
S004,P0003,2023-09-26,58,226.0,73.78735,-15.787353515625
S004,P0003,2023-09-27,79,183.0,74.8118,4.188201904296875
S004,P0003,2023-09-28,77,270.0,79.37732,-2.3773193359375
S004,P0003,2023-09-29,69,195.0,73.9808,-4.980796813964844
S004,P0003,2023-09-30,69,121.0,77.266174,-8.26617431640625
S004,P0003,2023-10-01,72,317.0,72.04996,-0.049957275390625
S004,P0003,2023-10-02,96,258.0,97.74234,-1.742340087890625
S004,P0003,2023-10-03,78,169.0,75.65226,2.3477401733398438
S004,P0003,2023-10-04,92,88.0,77.71923,14.280769348144531
S004,P0003,2023-10-05,91,311.0,101.664536,-10.664535522460938
S004,P0003,2023-10-06,117,254.0,109.73447,7.265533447265625
S004,P0003,2023-10-07,36,155.0,74.163025,-38.16302490234375
S004,P0003,2023-10-08,30,415.0,58.223385,-28.223384857177734
S004,P0003,2023-10-09,39,384.0,71.44736,-32.447357177734375
S004,P0003,2023-10-10,25,355.0,48.33655,-23.336551666259766
S004,P0003,2023-10-11,30,329.0,52.947327,-22.94732666015625
S004,P0003,2023-10-12,28,304.0,36.293205,-8.293205261230469
S004,P0003,2023-10-13,31,282.0,32.942936,-1.9429359436035156
S004,P0003,2023-10-14,42,262.0,32.545246,9.454753875732422
S004,P0003,2023-10-15,34,229.0,34.771885,-0.7718849182128906
S004,P0003,2023-10-16,52,205.0,39.31461,12.68539047241211
S004,P0003,2023-10-17,38,172.0,48.961224,-10.961223602294922
S004,P0003,2023-10-18,64,134.0,51.35668,12.643318176269531
S004,P0003,2023-10-19,66,244.0,55.826733,10.173267364501953
S004,P0003,2023-10-20,35,169.0,42.12441,-7.124408721923828
S004,P0003,2023-10-21,40,130.0,39.7222,0.277801513671875
S004,P0003,2023-10-22,27,295.0,33.615036,-6.6150360107421875
S004,P0003,2023-10-23,56,276.0,51.685406,4.314594268798828
S004,P0003,2023-10-24,43,221.0,31.937605,11.062395095825195
S004,P0003,2023-10-25,160,173.0,103.098976,56.901023864746094
S004,P0003,2023-10-26,90,22.0,74.89648,15.103523254394531
S004,P0003,2023-10-27,91,134.0,70.36026,20.639739990234375
S004,P0003,2023-10-28,97,457.0,91.4186,5.581398010253906
S004,P0003,2023-10-29,40,383.0,73.07669,-33.076690673828125
S004,P0003,2023-10-30,74,347.0,75.56537,-1.56536865234375
S004,P0003,2023-10-31,100,271.0,75.431274,24.5687255859375
S004,P0003,2023-11-01,69,176.0,72.717224,-3.71722412109375
S004,P0003,2023-11-02,52,116.0,71.68055,-19.68054962158203
S004,P0003,2023-11-03,76,418.0,79.37826,-3.3782577514648438
S004,P0003,2023-11-04,57,345.0,66.537964,-9.5379638671875
S004,P0003,2023-11-05,134,287.0,86.43785,47.56214904785156
S004,P0003,2023-11-06,98,148.0,103.719635,-5.719635009765625
S004,P0003,2023-11-07,72,52.0,73.10017,-1.1001663208007812
S004,P0003,2023-11-08,112,438.0,110.19,1.80999755859375
S004,P0003,2023-11-09,105,340.0,82.439285,22.560714721679688
S004,P0003,2023-11-10,53,223.0,72.79668,-19.796676635742188
S004,P0003,2023-11-11,71,188.0,100.119804,-29.11980438232422
S004,P0003,2023-11-12,21,501.0,81.136826,-60.13682556152344
S004,P0003,2023-11-13,56,476.0,79.553024,-23.553024291992188
S004,P0003,2023-11-14,163,434.0,123.85117,39.148826599121094
S004,P0003,2023-11-15,194,298.0,142.34386,51.65614318847656
S004,P0003,2023-11-16,57,66.0,90.11702,-33.11701965332031
S004,P0003,2023-11-17,107,526.0,106.744156,0.2558441162109375
S004,P0003,2023-11-18,97,428.0,124.033394,-27.03339385986328
S004,P0003,2023-11-19,123,318.0,129.28256,-6.282562255859375
S004,P0003,2023-11-20,52,209.0,87.46505,-35.465049743652344
S004,P0003,2023-11-21,67,156.0,82.89392,-15.8939208984375
S004,P0003,2023-11-22,65,477.0,83.144264,-18.144264221191406
S004,P0003,2023-11-23,119,414.0,112.2745,6.725502014160156
S004,P0003,2023-11-24,78,301.0,79.5209,-1.5208969116210938
S004,P0003,2023-11-25,123,238.0,82.31346,40.68653869628906
S004,P0003,2023-11-26,67,519.0,73.30583,-6.3058319091796875
S004,P0003,2023-11-27,180,477.0,130.35968,49.64031982421875
S004,P0003,2023-11-28,61,272.0,104.95756,-43.957557678222656
S004,P0003,2023-11-29,140,230.0,105.26694,34.733062744140625
S004,P0003,2023-11-30,82,700.0,101.78277,-19.78276824951172
S004,P0003,2023-12-01,96,635.0,141.02925,-45.02925109863281
S004,P0003,2023-12-02,34,561.0,137.57,-103.57000732421875
S004,P0003,2023-12-03,86,524.0,117.21927,-31.219268798828125
S004,P0003,2023-12-04,52,425.0,89.35659,-37.356590270996094
S004,P0003,2023-12-05,91,383.0,92.32222,-1.3222198486328125
S004,P0003,2023-12-06,168,274.0,130.9749,37.02510070800781
S004,P0003,2023-12-07,79,113.0,98.877815,-19.87781524658203
S004,P0003,2023-12-08,68,48.0,98.336136,-30.336135864257812
S004,P0003,2023-12-09,93,591.0,131.10594,-38.10594177246094
S004,P0003,2023-12-10,44,528.0,118.384415,-74.38441467285156
S004,P0003,2023-12-11,79,485.0,91.836975,-12.83697509765625
S004,P0003,2023-12-12,97,424.0,124.38708,-27.38707733154297
S004,P0003,2023-12-13,110,318.0,90.44891,19.55108642578125
S004,P0003,2023-12-14,106,226.0,83.40031,22.599693298339844
S004,P0003,2023-12-15,145,108.0,86.505,58.49500274658203
S004,P0003,2023-12-16,115,393.0,129.16855,-14.168548583984375
S004,P0003,2023-12-17,76,304.0,101.869354,-25.869354248046875
S004,P0003,2023-12-18,72,574.0,117.66426,-45.66426086425781
S004,P0003,2023-12-19,142,521.0,129.37355,12.626449584960938
S004,P0003,2023-12-20,92,398.0,101.24865,-9.248649597167969
S004,P0003,2023-12-21,108,331.0,101.56181,6.4381866455078125
S004,P0003,2023-12-22,44,661.0,92.54037,-48.540367126464844
S004,P0003,2023-12-23,56,632.0,103.75833,-47.758331298828125
S004,P0003,2023-12-24,88,589.0,95.194824,-7.19482421875
S004,P0003,2023-12-25,75,504.0,95.55878,-20.55877685546875
S004,P0003,2023-12-26,85,456.0,85.56324,-0.5632400512695312
S004,P0003,2023-12-27,55,397.0,112.8436,-57.843597412109375
S004,P0003,2023-12-28,28,331.0,62.5993,-34.599300384521484
S004,P0003,2023-12-29,20,300.0,49.84979,-29.849788665771484
S004,P0003,2023-12-30,34,283.0,48.195507,-14.195507049560547
S004,P0003,2023-12-31,6,249.0,32.455654,-26.45565414428711
S004,P0003,2024-01-01,24,244.0,29.0722,-5.072200775146484
S004,P0003,2024-01-02,58,228.0,32.353607,25.646392822265625
S004,P0003,2024-01-03,16,161.0,29.412807,-13.41280746459961
S004,P0003,2024-01-04,30,149.0,34.40516,-4.405158996582031
S004,P0003,2024-01-05,73,276.0,37.58642,35.41358184814453
S004,P0003,2024-01-06,32,217.0,32.706917,-0.7069168090820312
S004,P0003,2024-01-07,39,180.0,27.813961,11.186038970947266
S004,P0003,2024-01-08,50,369.0,29.297134,20.702865600585938
S004,P0003,2024-01-09,60,336.0,76.573555,-16.57355499267578
S004,P0003,2024-01-10,96,275.0,100.59827,-4.5982666015625
S004,P0003,2024-01-11,87,176.0,89.16898,-2.1689834594726562
S004,P0003,2024-01-12,39,91.0,78.066154,-39.06615447998047
S004,P0003,2024-01-13,59,340.0,79.22644,-20.2264404296875
S004,P0003,2024-01-14,72,278.0,75.12222,-3.122222900390625
S004,P0003,2024-01-15,53,206.0,75.105064,-22.105064392089844
S004,P0003,2024-01-16,51,151.0,95.80324,-44.80323791503906
S004,P0003,2024-01-17,51,331.0,75.152885,-24.15288543701172
S004,P0003,2024-01-18,52,281.0,72.57888,-20.578880310058594
S004,P0003,2024-01-19,80,232.0,93.67531,-13.675308227539062
S004,P0003,2024-01-20,70,180.0,74.203384,-4.2033843994140625
S004,P0003,2024-01-21,33,99.0,71.18366,-38.18366241455078
S004,P0003,2024-01-22,75,348.0,86.47439,-11.474388122558594
S004,P0003,2024-01-23,77,266.0,76.933945,0.0660552978515625
S004,P0003,2024-01-24,116,196.0,101.41807,14.581932067871094
S004,P0003,2024-01-25,68,96.0,76.11705,-8.117050170898438
S004,P0003,2024-01-26,106,255.0,89.31811,16.68189239501953
S004,P0003,2024-01-27,73,423.0,82.17369,-9.173690795898438
S004,P0003,2024-01-28,126,342.0,107.6192,18.38079833984375
S004,P0003,2024-01-29,74,204.0,77.606186,-3.6061859130859375
S004,P0003,2024-01-30,59,153.0,76.155815,-17.15581512451172
S004,P0004,2023-09-07,114,812.0,129.63512,-15.635116577148438
S004,P0004,2023-09-08,109,714.0,88.80716,20.192840576171875
S004,P0004,2023-09-09,93,645.0,84.00116,8.99884033203125
S004,P0004,2023-09-10,117,585.0,90.88027,26.119728088378906
S004,P0004,2023-09-11,157,449.0,100.18958,56.81041717529297
S004,P0004,2023-09-12,92,323.0,88.81547,3.1845321655273438
S004,P0004,2023-09-13,156,222.0,124.96853,31.031471252441406
S004,P0004,2023-09-14,131,631.0,96.998344,34.00165557861328
S004,P0004,2023-09-15,106,479.0,131.9643,-25.96429443359375
S004,P0004,2023-09-16,193,393.0,130.00392,62.99607849121094
S004,P0004,2023-09-17,93,273.0,98.888664,-5.888664245605469
S004,P0004,2023-09-18,75,215.0,139.99661,-64.99661254882812
S004,P0004,2023-09-19,213,851.0,144.10838,68.89161682128906
S004,P0004,2023-09-20,66,642.0,104.00413,-38.004127502441406
S004,P0004,2023-09-21,173,586.0,107.015434,65.98456573486328
S004,P0004,2023-09-22,34,473.0,136.53871,-102.53871154785156
S004,P0004,2023-09-23,229,450.0,138.45415,90.54585266113281
S004,P0004,2023-09-24,96,672.0,86.96102,9.038978576660156
S004,P0004,2023-09-25,165,608.0,112.43387,52.566131591796875
S004,P0004,2023-09-26,47,429.0,109.17604,-62.17604064941406
S004,P0004,2023-09-27,115,386.0,95.14027,19.85973358154297
S004,P0004,2023-09-28,187,286.0,136.84271,50.15728759765625
S004,P0004,2023-09-29,151,83.0,102.535545,48.464454650878906
S004,P0004,2023-09-30,79,298.0,93.238655,-14.238655090332031
S004,P0004,2023-10-01,59,728.0,108.36935,-49.369346618652344
S004,P0004,2023-10-02,81,688.0,132.4771,-51.47709655761719
S004,P0004,2023-10-03,113,604.0,94.30626,18.693740844726562
S004,P0004,2023-10-04,129,525.0,125.63007,3.3699264526367188
S004,P0004,2023-10-05,101,421.0,85.37534,15.624656677246094
S004,P0004,2023-10-06,103,300.0,93.252266,9.747734069824219
S004,P0004,2023-10-07,63,181.0,112.68497,-49.684967041015625
S004,P0004,2023-10-08,83,119.0,79.97355,3.0264511108398438
S004,P0004,2023-10-09,59,319.0,80.23486,-21.23486328125
S004,P0004,2023-10-10,65,267.0,77.91904,-12.919036865234375
S004,P0004,2023-10-11,124,209.0,94.53378,29.466217041015625
S004,P0004,2023-10-12,50,100.0,79.7278,-29.727798461914062
S004,P0004,2023-10-13,92,251.0,86.89211,5.107887268066406
S004,P0004,2023-10-14,53,566.0,78.27491,-25.27490997314453
S004,P0004,2023-10-15,84,522.0,72.38531,11.614692687988281
S004,P0004,2023-10-16,82,448.0,73.851425,8.148574829101562
S004,P0004,2023-10-17,81,397.0,92.3787,-11.378700256347656
S004,P0004,2023-10-18,120,320.0,94.227684,25.772315979003906
S004,P0004,2023-10-19,60,202.0,102.80128,-42.80127716064453
S004,P0004,2023-10-20,142,153.0,93.72939,48.270606994628906
S004,P0004,2023-10-21,81,400.0,75.66943,5.33056640625
S004,P0004,2023-10-22,69,342.0,78.57037,-9.57037353515625
S004,P0004,2023-10-23,39,763.0,83.33545,-44.33544921875
S004,P0004,2023-10-24,59,733.0,64.02953,-5.029533386230469
S004,P0004,2023-10-25,132,665.0,80.83415,51.16584777832031
S004,P0004,2023-10-26,136,559.0,83.859474,52.140525817871094
S004,P0004,2023-10-27,175,466.0,84.44367,90.55632781982422
S004,P0004,2023-10-28,151,270.0,120.809654,30.190345764160156
S004,P0004,2023-10-29,116,147.0,86.24708,29.75292205810547
S004,P0004,2023-10-30,102,497.0,84.04586,17.954139709472656
S004,P0004,2023-10-31,108,402.0,81.45951,26.540489196777344
S004,P0004,2023-11-01,49,315.0,136.18053,-87.18052673339844
S004,P0004,2023-11-02,83,262.0,93.64018,-10.640182495117188
S004,P0004,2023-11-03,114,497.0,82.23943,31.76056671142578
S004,P0004,2023-11-04,180,407.0,112.305145,67.69485473632812
S004,P0004,2023-11-05,81,284.0,118.50613,-37.506126403808594
S004,P0004,2023-11-06,122,188.0,88.29241,33.70758819580078
S004,P0004,2023-11-07,112,758.0,90.50777,21.492233276367188
S004,P0004,2023-11-08,157,655.0,116.413086,40.5869140625
S004,P0004,2023-11-09,122,482.0,84.74232,37.25768280029297
S004,P0004,2023-11-10,80,345.0,88.43487,-8.434867858886719
S004,P0004,2023-11-11,153,283.0,119.95002,33.04998016357422
S004,P0004,2023-11-12,85,157.0,90.93111,-5.9311065673828125
S004,P0004,2023-11-13,115,78.0,87.84818,27.151817321777344
S004,P0004,2023-11-14,133,451.0,83.882,49.11799621582031
S004,P0004,2023-11-15,93,317.0,92.318756,0.681243896484375
S004,P0004,2023-11-16,118,227.0,85.36963,32.63037109375
S004,P0004,2023-11-17,118,565.0,89.3244,28.67559814453125
S004,P0004,2023-11-18,126,447.0,118.38261,7.617393493652344
S004,P0004,2023-11-19,166,334.0,116.1753,49.82469940185547
S004,P0004,2023-11-20,116,155.0,93.46206,22.537940979003906
S004,P0004,2023-11-21,74,347.0,88.955986,-14.955986022949219
S004,P0004,2023-11-22,169,296.0,103.6187,65.38130187988281
S004,P0004,2023-11-23,199,132.0,122.00291,76.9970932006836
S004,P0004,2023-11-24,107,0.0,128.13821,-21.138214111328125
S004,P0004,2023-11-25,134,510.0,96.89528,37.10472106933594
S004,P0004,2023-11-26,124,1023.0,103.74849,20.251510620117188
S004,P0004,2023-11-27,53,932.0,102.87879,-49.87879180908203
S004,P0004,2023-11-28,215,896.0,142.59975,72.40025329589844
S004,P0004,2023-11-29,134,641.0,104.11843,29.881568908691406
S004,P0004,2023-11-30,152,500.0,102.94916,49.05084228515625
S004,P0004,2023-12-01,143,330.0,110.43921,32.560791015625
S004,P0004,2023-12-02,98,175.0,95.437065,2.5629348754882812
S004,P0004,2023-12-03,116,527.0,109.07323,6.9267730712890625
S004,P0004,2023-12-04,120,440.0,101.507065,18.492935180664062
S004,P0004,2023-12-05,4,342.0,171.44705,-167.44705200195312
S004,P0004,2023-12-06,217,338.0,140.41113,76.5888671875
S004,P0004,2023-12-07,208,536.0,121.15654,86.84346008300781
S004,P0004,2023-12-08,133,313.0,101.44357,31.556427001953125
S004,P0004,2023-12-09,160,181.0,120.35821,39.64179229736328
S004,P0004,2023-12-10,125,665.0,102.35034,22.649658203125
S004,P0004,2023-12-11,69,552.0,136.7071,-67.70710754394531
S004,P0004,2023-12-12,134,499.0,161.46408,-27.464080810546875
S004,P0004,2023-12-13,64,374.0,112.85142,-48.851417541503906
S004,P0004,2023-12-14,116,324.0,103.32037,12.67962646484375
S004,P0004,2023-12-15,88,251.0,99.61309,-11.613090515136719
S004,P0004,2023-12-16,175,172.0,128.18156,46.81843566894531
S004,P0004,2023-12-17,133,403.0,99.810425,33.1895751953125
S004,P0004,2023-12-18,130,285.0,100.90059,29.099411010742188
S004,P0004,2023-12-19,102,580.0,89.1963,12.803703308105469
S004,P0004,2023-12-20,89,510.0,89.42942,-0.42942047119140625
S004,P0004,2023-12-21,92,456.0,94.512535,-2.5125350952148438
S004,P0004,2023-12-22,157,376.0,128.53738,28.462615966796875
S004,P0004,2023-12-23,86,269.0,96.66206,-10.662063598632812
S004,P0004,2023-12-24,90,206.0,142.61444,-52.61444091796875
S004,P0004,2023-12-25,209,612.0,133.49394,75.50605773925781
S004,P0004,2023-12-26,111,401.0,102.643036,8.356964111328125
S004,P0004,2023-12-27,65,329.0,75.77811,-10.778106689453125
S004,P0004,2023-12-28,82,855.0,83.638504,-1.6385040283203125
S004,P0004,2023-12-29,56,798.0,65.70262,-9.702621459960938
S004,P0004,2023-12-30,116,754.0,78.29056,37.709442138671875
S004,P0004,2023-12-31,59,634.0,71.35173,-12.351730346679688
S004,P0004,2024-01-01,101,573.0,62.757126,38.24287414550781
S004,P0004,2024-01-02,33,461.0,61.674652,-28.674652099609375
S004,P0004,2024-01-03,69,438.0,56.990826,12.009174346923828
S004,P0004,2024-01-04,76,384.0,55.653084,20.34691619873047
S004,P0004,2024-01-05,74,329.0,56.63423,17.365768432617188
S004,P0004,2024-01-06,82,245.0,45.450214,36.54978561401367
S004,P0004,2024-01-07,90,160.0,47.542015,42.457984924316406
S004,P0004,2024-01-08,100,64.0,80.146774,19.853225708007812
S004,P0004,2024-01-09,94,287.0,81.44959,12.550407409667969
S004,P0004,2024-01-10,164,186.0,80.620995,83.3790054321289
S004,P0004,2024-01-11,188,373.0,115.53265,72.46734619140625
S004,P0004,2024-01-12,147,236.0,113.09093,33.90907287597656
S004,P0004,2024-01-13,144,613.0,97.14939,46.850608825683594
S004,P0004,2024-01-14,143,475.0,112.293816,30.70618438720703
S004,P0004,2024-01-15,168,342.0,107.749565,60.25043487548828
S004,P0004,2024-01-16,121,216.0,142.48917,-21.489166259765625
S004,P0004,2024-01-17,136,497.0,102.4114,33.588600158691406
S004,P0004,2024-01-18,178,368.0,143.60352,34.396484375
S004,P0004,2024-01-19,95,203.0,113.6367,-18.636703491210938
S004,P0004,2024-01-20,201,479.0,147.18524,53.81475830078125
S004,P0004,2024-01-21,122,300.0,117.69415,4.30584716796875
S004,P0004,2024-01-22,120,220.0,105.81585,14.184150695800781
S004,P0004,2024-01-23,162,752.0,109.50254,52.497459411621094
S004,P0004,2024-01-24,140,591.0,106.45268,33.54731750488281
S004,P0004,2024-01-25,95,480.0,97.29884,-2.2988433837890625
S004,P0004,2024-01-26,216,378.0,149.86075,66.13925170898438
S004,P0004,2024-01-27,158,222.0,114.126495,43.873504638671875
S004,P0004,2024-01-28,136,43.0,137.23836,-1.2383575439453125
S004,P0004,2024-01-29,132,522.0,98.60394,33.39605712890625
S004,P0004,2024-01-30,132,439.0,99.553055,32.44694519042969
S004,P0005,2023-09-07,111,186.0,87.69411,23.305892944335938
S004,P0005,2023-09-08,24,115.0,83.900375,-59.90037536621094
S004,P0005,2023-09-09,114,89.0,94.446106,19.55389404296875
S004,P0005,2023-09-10,79,106.0,96.97137,-17.97136688232422
S004,P0005,2023-09-11,103,100.0,92.03004,10.969963073730469
S004,P0005,2023-09-12,105,131.0,93.27513,11.724868774414062
S004,P0005,2023-09-13,107,164.0,94.38035,12.619651794433594
S004,P0005,2023-09-14,15,202.0,120.74924,-105.74923706054688
S004,P0005,2023-09-15,136,188.0,115.664085,20.335914611816406
S004,P0005,2023-09-16,91,220.0,115.77553,-24.775527954101562
S004,P0005,2023-09-17,103,137.0,93.98145,9.018547058105469
S004,P0005,2023-09-18,86,130.0,91.55324,-5.5532379150390625
S004,P0005,2023-09-19,100,142.0,89.284836,10.715164184570312
S004,P0005,2023-09-20,49,141.0,83.95951,-34.959510803222656
S004,P0005,2023-09-21,158,108.0,111.244156,46.75584411621094
S004,P0005,2023-09-22,143,181.0,117.77795,25.22205352783203
S004,P0005,2023-09-23,91,213.0,115.62464,-24.62464141845703
S004,P0005,2023-09-24,91,147.0,113.90755,-22.907546997070312
S004,P0005,2023-09-25,149,139.0,115.081436,33.91856384277344
S004,P0005,2023-09-26,150,169.0,96.81202,53.18798065185547
S004,P0005,2023-09-27,99,156.0,119.56542,-20.56542205810547
S004,P0005,2023-09-28,86,133.0,99.80421,-13.804206848144531
S004,P0005,2023-09-29,119,116.0,92.27247,26.72753143310547
S004,P0005,2023-09-30,95,133.0,96.8513,-1.8513031005859375
S004,P0005,2023-10-01,94,128.0,99.22807,-5.2280731201171875
S004,P0005,2023-10-02,46,148.0,95.89079,-49.89079284667969
S004,P0005,2023-10-03,77,107.0,115.05198,-38.051979064941406
S004,P0005,2023-10-04,126,123.0,89.002205,36.99779510498047
S004,P0005,2023-10-05,98,139.0,100.1364,-2.1363983154296875
S004,P0005,2023-10-06,99,189.0,94.13843,4.861572265625
S004,P0005,2023-10-07,121,84.0,89.25935,31.740646362304688
S004,P0005,2023-10-08,90,117.0,96.82969,-6.829689025878906
S004,P0005,2023-10-09,133,136.0,117.36131,15.638687133789062
S004,P0005,2023-10-10,88,146.0,111.279854,-23.27985382080078
S004,P0005,2023-10-11,75,139.0,94.307434,-19.30743408203125
S004,P0005,2023-10-12,131,80.0,115.35616,15.643836975097656
S004,P0005,2023-10-13,114,140.0,128.70891,-14.708908081054688
S004,P0005,2023-10-14,137,132.0,127.96822,9.031776428222656
S004,P0005,2023-10-15,131,151.0,93.21445,37.785552978515625
S004,P0005,2023-10-16,125,153.0,131.65343,-6.6534271240234375
S004,P0005,2023-10-17,116,191.0,93.57851,22.421493530273438
S004,P0005,2023-10-18,108,117.0,91.80545,16.194549560546875
S004,P0005,2023-10-19,126,154.0,106.703445,19.296554565429688
S004,P0005,2023-10-20,74,148.0,97.46327,-23.463272094726562
S004,P0005,2023-10-21,76,104.0,90.33016,-14.330162048339844
S004,P0005,2023-10-22,51,125.0,101.25697,-50.25697326660156
S004,P0005,2023-10-23,94,74.0,117.26131,-23.261306762695312
S004,P0005,2023-10-24,117,91.0,116.67608,0.32392120361328125
S004,P0005,2023-10-25,127,135.0,91.22266,35.77734375
S004,P0005,2023-10-26,89,133.0,96.59602,-7.5960235595703125
S004,P0005,2023-10-27,117,142.0,97.802444,19.197555541992188
S004,P0005,2023-10-28,132,187.0,93.39543,38.60456848144531
S004,P0005,2023-10-29,117,174.0,100.38665,16.61334991455078
S004,P0005,2023-10-30,88,215.0,94.1184,-6.118400573730469
S004,P0005,2023-10-31,119,116.0,91.53019,27.469810485839844
S004,P0005,2023-11-01,133,130.0,124.05739,8.942611694335938
S004,P0005,2023-11-02,151,158.0,95.832825,55.16717529296875
S004,P0005,2023-11-03,140,139.0,137.46936,2.5306396484375
S004,P0005,2023-11-04,65,192.0,127.27058,-62.27057647705078
S004,P0005,2023-11-05,78,144.0,131.85075,-53.85075378417969
S004,P0005,2023-11-06,90,53.0,107.44888,-17.448883056640625
S004,P0005,2023-11-07,77,82.0,102.32764,-25.32763671875
S004,P0005,2023-11-08,73,99.0,100.10796,-27.10796356201172
S004,P0005,2023-11-09,141,96.0,94.565094,46.434906005859375
S004,P0005,2023-11-10,96,163.0,98.96805,-2.968048095703125
S004,P0005,2023-11-11,99,104.0,100.37695,-1.376953125
S004,P0005,2023-11-12,104,112.0,97.57036,6.4296417236328125
S004,P0005,2023-11-13,85,157.0,111.09564,-26.09564208984375
S004,P0005,2023-11-14,45,92.0,109.047226,-64.04722595214844
S004,P0005,2023-11-15,139,103.0,94.36821,44.63179016113281
S004,P0005,2023-11-16,61,122.0,93.97352,-32.97351837158203
S004,P0005,2023-11-17,96,81.0,94.79143,1.2085723876953125
S004,P0005,2023-11-18,118,96.0,97.25665,20.74334716796875
S004,P0005,2023-11-19,123,150.0,115.44164,7.558357238769531
S004,P0005,2023-11-20,195,158.0,119.587494,75.41250610351562
S004,P0005,2023-11-21,55,203.0,85.150856,-30.150856018066406
S004,P0005,2023-11-22,89,167.0,99.650635,-10.650634765625
S004,P0005,2023-11-23,176,81.0,128.96689,47.033111572265625
S004,P0005,2023-11-24,149,184.0,99.05557,49.944427490234375
S004,P0005,2023-11-25,87,166.0,129.94612,-42.94612121582031
S004,P0005,2023-11-26,66,109.0,104.806206,-38.80620574951172
S004,P0005,2023-11-27,75,117.0,96.38527,-21.385269165039062
S004,P0005,2023-11-28,108,149.0,100.00035,7.9996490478515625
S004,P0005,2023-11-29,168,206.0,96.4064,71.59359741210938
S004,P0005,2023-11-30,110,248.0,102.9688,7.031196594238281
S004,P0005,2023-12-01,124,119.0,133.61986,-9.619857788085938
S004,P0005,2023-12-02,92,157.0,112.81308,-20.813079833984375
S004,P0005,2023-12-03,76,62.0,109.509346,-33.50934600830078
S004,P0005,2023-12-04,30,89.0,101.824615,-71.82461547851562
S004,P0005,2023-12-05,185,105.0,136.03265,48.96734619140625
S004,P0005,2023-12-06,154,221.0,103.3893,50.61070251464844
S004,P0005,2023-12-07,100,83.0,109.65279,-9.652786254882812
S004,P0005,2023-12-08,33,102.0,98.42088,-65.42088317871094
S004,P0005,2023-12-09,104,71.0,105.41715,-1.4171524047851562
S004,P0005,2023-12-10,104,84.0,102.26193,1.738067626953125
S004,P0005,2023-12-11,150,120.0,95.396416,54.60358428955078
S004,P0005,2023-12-12,136,135.0,128.0897,7.9102935791015625
S004,P0005,2023-12-13,116,131.0,102.94254,13.057456970214844
S004,P0005,2023-12-14,96,171.0,128.7073,-32.707305908203125
S004,P0005,2023-12-15,179,97.0,147.81259,31.187408447265625
S004,P0005,2023-12-16,76,145.0,137.0245,-61.024505615234375
S004,P0005,2023-12-17,206,78.0,142.88457,63.11543273925781
S004,P0005,2023-12-18,111,235.0,118.12007,-7.1200714111328125
S004,P0005,2023-12-19,167,108.0,154.81995,12.1800537109375
S004,P0005,2023-12-20,105,177.0,111.49487,-6.494873046875
S004,P0005,2023-12-21,129,72.0,111.09433,17.905670166015625
S004,P0005,2023-12-22,122,153.0,142.68044,-20.680435180664062
S004,P0005,2023-12-23,88,204.0,105.63194,-17.631942749023438
S004,P0005,2023-12-24,84,134.0,114.84699,-30.84699249267578
S004,P0005,2023-12-25,162,139.0,113.334854,48.66514587402344
S004,P0005,2023-12-26,157,153.0,108.00884,48.99115753173828
S004,P0005,2023-12-27,116,193.0,102.4938,13.506202697753906
S004,P0005,2023-12-28,193,62.0,148.79112,44.20887756347656
S004,P0005,2023-12-29,82,205.0,96.112175,-14.112174987792969
S004,P0005,2023-12-30,134,111.0,93.44318,40.55682373046875
S004,P0005,2023-12-31,71,159.0,106.44641,-35.4464111328125
S004,P0005,2024-01-01,141,76.0,96.202705,44.79729461669922
S004,P0005,2024-01-02,204,152.0,154.37268,49.6273193359375
S004,P0005,2024-01-03,160,209.0,141.93498,18.065017700195312
S004,P0005,2024-01-04,81,157.0,109.57825,-28.5782470703125
S004,P0005,2024-01-05,128,97.0,146.70091,-18.700912475585938
S004,P0005,2024-01-06,113,153.0,96.75013,16.24987030029297
S004,P0005,2024-01-07,110,160.0,103.19431,6.805686950683594
S004,P0005,2024-01-08,127,144.0,105.5644,21.43560028076172
S004,P0005,2024-01-09,53,158.0,98.470375,-45.470375061035156
S004,P0005,2024-01-10,85,106.0,116.2882,-31.28820037841797
S004,P0005,2024-01-11,91,116.0,116.436424,-25.436424255371094
S004,P0005,2024-01-12,93,109.0,116.33501,-23.335006713867188
S004,P0005,2024-01-13,189,135.0,112.846275,76.15372467041016
S004,P0005,2024-01-14,67,162.0,114.798775,-47.79877471923828
S004,P0005,2024-01-15,105,119.0,114.24916,-9.249160766601562
S004,P0005,2024-01-16,117,145.0,155.23653,-38.23652648925781
S004,P0005,2024-01-17,103,120.0,117.08201,-14.082008361816406
S004,P0005,2024-01-18,101,123.0,110.56906,-9.569061279296875
S004,P0005,2024-01-19,148,100.0,141.3128,6.68719482421875
S004,P0005,2024-01-20,198,153.0,138.99777,59.002227783203125
S004,P0005,2024-01-21,106,220.0,136.35078,-30.350784301757812
S004,P0005,2024-01-22,31,117.0,92.720695,-61.72069549560547
S004,P0005,2024-01-23,80,95.0,116.25498,-36.254981994628906
S004,P0005,2024-01-24,101,116.0,139.92915,-38.92915344238281
S004,P0005,2024-01-25,105,132.0,109.81782,-4.817817687988281
S004,P0005,2024-01-26,151,94.0,122.99034,28.009658813476562
S004,P0005,2024-01-27,222,128.0,144.85149,77.14851379394531
S004,P0005,2024-01-28,153,209.0,106.09536,46.904640197753906
S004,P0005,2024-01-29,56,232.0,105.7025,-49.70249938964844
S004,P0005,2024-01-30,98,184.0,105.783775,-7.783775329589844
S004,P0006,2023-09-07,137,461.0,135.98299,1.0170135498046875
S004,P0006,2023-09-08,145,338.0,109.070305,35.92969512939453
S004,P0006,2023-09-09,177,191.0,144.05508,32.944915771484375
S004,P0006,2023-09-10,47,314.0,118.42703,-71.42703247070312
S004,P0006,2023-09-11,213,273.0,99.427864,113.57213592529297
S004,P0006,2023-09-12,98,84.0,104.48269,-6.482688903808594
S004,P0006,2023-09-13,82,459.0,100.963135,-18.963134765625
S004,P0006,2023-09-14,105,372.0,106.90479,-1.9047927856445312
S004,P0006,2023-09-15,90,281.0,106.20086,-16.20085906982422
S004,P0006,2023-09-16,70,173.0,105.921585,-35.92158508300781
S004,P0006,2023-09-17,118,97.0,101.53325,16.466751098632812
S004,P0006,2023-09-18,142,163.0,102.14934,39.85066223144531
S004,P0006,2023-09-19,115,206.0,100.73337,14.266632080078125
S004,P0006,2023-09-20,64,107.0,109.62879,-45.62879180908203
S004,P0006,2023-09-21,138,295.0,103.35732,34.642677307128906
S004,P0006,2023-09-22,70,136.0,102.659065,-32.65906524658203
S004,P0006,2023-09-23,155,341.0,133.77858,21.221420288085938
S004,P0006,2023-09-24,93,202.0,99.33969,-6.339691162109375
S004,P0006,2023-09-25,140,457.0,136.1538,3.8462066650390625
S004,P0006,2023-09-26,100,324.0,141.98204,-41.98204040527344
S004,P0006,2023-09-27,170,245.0,132.32825,37.6717529296875
S004,P0006,2023-09-28,92,133.0,148.73473,-56.73472595214844
S004,P0006,2023-09-29,116,412.0,104.59987,11.400131225585938
S004,P0006,2023-09-30,119,325.0,105.172264,13.827735900878906
S004,P0006,2023-10-01,116,253.0,106.858376,9.141624450683594
S004,P0006,2023-10-02,112,115.0,116.28844,-4.2884368896484375
S004,P0006,2023-10-03,96,259.0,108.36942,-12.369422912597656
S004,P0006,2023-10-04,225,146.0,129.2157,95.7843017578125
S004,P0006,2023-10-05,71,0.0,111.720505,-40.72050476074219
S004,P0006,2023-10-06,147,378.0,109.48608,37.51392364501953
S004,P0006,2023-10-07,61,256.0,86.554504,-25.55450439453125
S004,P0006,2023-10-08,46,199.0,85.13588,-39.13587951660156
S004,P0006,2023-10-09,82,165.0,88.29055,-6.290550231933594
S004,P0006,2023-10-10,66,71.0,115.75411,-49.754112243652344
S004,P0006,2023-10-11,107,190.0,106.46415,0.5358505249023438
S004,P0006,2023-10-12,53,72.0,81.09951,-28.099510192871094
S004,P0006,2023-10-13,90,219.0,76.93184,13.068161010742188
S004,P0006,2023-10-14,38,139.0,99.92252,-61.922523498535156
S004,P0006,2023-10-15,56,259.0,69.63273,-13.632728576660156
S004,P0006,2023-10-16,75,221.0,94.9634,-19.963401794433594
S004,P0006,2023-10-17,80,159.0,70.26176,9.738243103027344
S004,P0006,2023-10-18,85,93.0,92.86837,-7.868370056152344
S004,P0006,2023-10-19,29,193.0,93.71042,-64.71041870117188
S004,P0006,2023-10-20,55,160.0,60.168518,-5.16851806640625
S004,P0006,2023-10-21,79,110.0,62.83227,16.167728424072266
S004,P0006,2023-10-22,60,142.0,82.882454,-22.88245391845703
S004,P0006,2023-10-23,103,254.0,82.007126,20.992874145507812
S004,P0006,2023-10-24,55,141.0,69.24529,-14.245292663574219
S004,P0006,2023-10-25,124,345.0,108.33489,15.665107727050781
S004,P0006,2023-10-26,34,252.0,87.735886,-53.73588562011719
S004,P0006,2023-10-27,149,218.0,94.28019,54.719810485839844
S004,P0006,2023-10-28,155,72.0,102.41473,52.58527374267578
S004,P0006,2023-10-29,141,323.0,100.56368,40.436317443847656
S004,P0006,2023-10-30,90,222.0,91.8048,-1.8048019409179688
S004,P0006,2023-10-31,142,456.0,99.516205,42.483795166015625
S004,P0006,2023-11-01,114,359.0,90.824844,23.175155639648438
S004,P0006,2023-11-02,115,237.0,105.88286,9.117141723632812
S004,P0006,2023-11-03,146,149.0,107.87066,38.12934112548828
S004,P0006,2023-11-04,109,219.0,101.02364,7.976356506347656
S004,P0006,2023-11-05,167,142.0,111.45132,55.548683166503906
S004,P0006,2023-11-06,135,247.0,106.84989,28.150108337402344
S004,P0006,2023-11-07,119,457.0,107.16652,11.833480834960938
S004,P0006,2023-11-08,160,347.0,106.98428,53.015716552734375
S004,P0006,2023-11-09,215,172.0,136.4185,78.58149719238281
S004,P0006,2023-11-10,145,273.0,144.85448,0.1455230712890625
S004,P0006,2023-11-11,173,554.0,108.7199,64.28009796142578
S004,P0006,2023-11-12,128,356.0,153.31183,-25.31182861328125
S004,P0006,2023-11-13,119,255.0,144.34404,-25.344039916992188
S004,P0006,2023-11-14,126,135.0,119.409615,6.590385437011719
S004,P0006,2023-11-15,106,297.0,155.29309,-49.2930908203125
S004,P0006,2023-11-16,155,202.0,121.763245,33.23675537109375
S004,P0006,2023-11-17,82,29.0,147.2669,-65.26690673828125
S004,P0006,2023-11-18,144,364.0,135.3223,8.677703857421875
S004,P0006,2023-11-19,129,267.0,116.3929,12.607101440429688
S004,P0006,2023-11-20,109,146.0,113.30777,-4.307769775390625
S004,P0006,2023-11-21,118,261.0,107.56534,10.434661865234375
S004,P0006,2023-11-22,85,189.0,151.8768,-66.87680053710938
S004,P0006,2023-11-23,144,363.0,102.660545,41.339454650878906
S004,P0006,2023-11-24,98,232.0,107.80465,-9.804649353027344
S004,P0006,2023-11-25,155,134.0,112.33942,42.66058349609375
S004,P0006,2023-11-26,111,256.0,108.30784,2.6921615600585938
S004,P0006,2023-11-27,183,497.0,138.23509,44.76490783691406
S004,P0006,2023-11-28,188,374.0,137.02475,50.975250244140625
S004,P0006,2023-11-29,161,211.0,112.83922,48.16078186035156
S004,P0006,2023-11-30,121,495.0,112.431,8.569000244140625
S004,P0006,2023-12-01,55,399.0,122.07505,-67.0750503540039
S004,P0006,2023-12-02,154,357.0,117.941055,36.05894470214844
S004,P0006,2023-12-03,96,204.0,151.12239,-55.12239074707031
S004,P0006,2023-12-04,129,430.0,105.095245,23.904754638671875
S004,P0006,2023-12-05,81,320.0,109.1149,-28.114898681640625
S004,P0006,2023-12-06,169,234.0,146.01907,22.980926513671875
S004,P0006,2023-12-07,177,117.0,154.43848,22.5615234375
S004,P0006,2023-12-08,125,347.0,142.26512,-17.265121459960938
S004,P0006,2023-12-09,96,265.0,161.09904,-65.09904479980469
S004,P0006,2023-12-10,145,162.0,110.083,34.91699981689453
S004,P0006,2023-12-11,63,56.0,131.21541,-68.21540832519531
S004,P0006,2023-12-12,100,321.0,151.95273,-51.952728271484375
S004,P0006,2023-12-13,89,226.0,121.68506,-32.68505859375
S004,P0006,2023-12-14,95,148.0,105.33083,-10.330833435058594
S004,P0006,2023-12-15,50,239.0,143.32294,-93.32293701171875
S004,P0006,2023-12-16,129,206.0,115.14828,13.851722717285156
S004,P0006,2023-12-17,61,88.0,138.27098,-77.27098083496094
S004,P0006,2023-12-18,105,292.0,133.82524,-28.825241088867188
S004,P0006,2023-12-19,128,214.0,104.72272,23.27728271484375
S004,P0006,2023-12-20,141,124.0,105.53159,35.468406677246094
S004,P0006,2023-12-21,71,307.0,138.5925,-67.59249877929688
S004,P0006,2023-12-22,73,241.0,112.65613,-39.6561279296875
S004,P0006,2023-12-23,130,168.0,108.705696,21.29430389404297
S004,P0006,2023-12-24,122,38.0,111.53594,10.464057922363281
S004,P0006,2023-12-25,94,302.0,100.36024,-6.360237121582031
S004,P0006,2023-12-26,91,193.0,100.609314,-9.60931396484375
S004,P0006,2023-12-27,43,123.0,84.78768,-41.787681579589844
S004,P0006,2023-12-28,55,281.0,67.999916,-12.999916076660156
S004,P0006,2023-12-29,63,221.0,69.55501,-6.5550079345703125
S004,P0006,2023-12-30,89,150.0,70.214455,18.785545349121094
S004,P0006,2023-12-31,56,95.0,71.01142,-15.011421203613281
S004,P0006,2024-01-01,129,205.0,58.464073,70.53592681884766
S004,P0006,2024-01-02,63,120.0,85.04618,-22.046180725097656
S004,P0006,2024-01-03,71,292.0,82.173546,-11.173545837402344
S004,P0006,2024-01-04,113,237.0,82.82564,30.174362182617188
S004,P0006,2024-01-05,33,163.0,50.43174,-17.431739807128906
S004,P0006,2024-01-06,103,363.0,49.630188,53.36981201171875
S004,P0006,2024-01-07,63,284.0,48.072853,14.927146911621094
S004,P0006,2024-01-08,149,237.0,78.73877,70.26123046875
S004,P0006,2024-01-09,150,136.0,94.577934,55.42206573486328
S004,P0006,2024-01-10,154,337.0,101.84083,52.15917205810547
S004,P0006,2024-01-11,105,216.0,98.430084,6.569915771484375
S004,P0006,2024-01-12,100,491.0,144.841,-44.84100341796875
S004,P0006,2024-01-13,65,423.0,100.5493,-35.54930114746094
S004,P0006,2024-01-14,73,350.0,97.44533,-24.445327758789062
S004,P0006,2024-01-15,92,289.0,94.53911,-2.5391082763671875
S004,P0006,2024-01-16,55,204.0,89.4238,-34.423797607421875
S004,P0006,2024-01-17,30,142.0,93.11916,-63.119163513183594
S004,P0006,2024-01-18,101,110.0,94.90556,6.0944366455078125
S004,P0006,2024-01-19,80,24.0,94.84244,-14.842437744140625
S004,P0006,2024-01-20,89,236.0,92.847084,-3.8470840454101562
S004,P0006,2024-01-21,87,173.0,114.76427,-27.764266967773438
S004,P0006,2024-01-22,157,264.0,97.369705,59.63029479980469
S004,P0006,2024-01-23,119,90.0,122.01077,-3.010772705078125
S004,P0006,2024-01-24,121,329.0,127.910675,-6.910675048828125
S004,P0006,2024-01-25,191,207.0,112.227455,78.77254486083984
S004,P0006,2024-01-26,140,10.0,105.00849,34.99150848388672
S004,P0006,2024-01-27,87,306.0,104.73052,-17.73052215576172
S004,P0006,2024-01-28,223,518.0,130.21945,92.78054809570312
S004,P0006,2024-01-29,118,253.0,121.74646,-3.7464599609375
S004,P0006,2024-01-30,98,134.0,110.13217,-12.132171630859375
S004,P0007,2023-09-07,126,464.0,162.37297,-36.37297058105469
S004,P0007,2023-09-08,111,382.0,148.20456,-37.204559326171875
S004,P0007,2023-09-09,202,310.0,144.50371,57.49629211425781
S004,P0007,2023-09-10,100,644.0,110.94017,-10.940170288085938
S004,P0007,2023-09-11,172,558.0,109.243225,62.75677490234375
S004,P0007,2023-09-12,160,377.0,109.33765,50.662353515625
S004,P0007,2023-09-13,106,1129.0,145.63559,-39.635589599609375
S004,P0007,2023-09-14,135,1059.0,163.61476,-28.614761352539062
S004,P0007,2023-09-15,206,971.0,165.33466,40.66534423828125
S004,P0007,2023-09-16,118,773.0,132.87437,-14.874374389648438
S004,P0007,2023-09-17,95,653.0,125.81646,-30.81645965576172
S004,P0007,2023-09-18,175,554.0,158.27269,16.727310180664062
S004,P0007,2023-09-19,175,410.0,154.81187,20.188125610351562
S004,P0007,2023-09-20,110,290.0,126.6234,-16.623397827148438
S004,P0007,2023-09-21,133,198.0,123.59106,9.408943176269531
S004,P0007,2023-09-22,105,901.0,127.31287,-22.3128662109375
S004,P0007,2023-09-23,230,790.0,148.61812,81.38188171386719
S004,P0007,2023-09-24,109,572.0,128.98065,-19.98065185546875
S004,P0007,2023-09-25,60,443.0,119.502235,-59.502235412597656
S004,P0007,2023-09-26,112,386.0,124.7822,-12.782203674316406
S004,P0007,2023-09-27,116,1085.0,129.36488,-13.364883422851562
S004,P0007,2023-09-28,168,1011.0,178.48264,-10.482635498046875
S004,P0007,2023-09-29,111,829.0,133.21211,-22.212112426757812
S004,P0007,2023-09-30,137,742.0,124.38104,12.61895751953125
S004,P0007,2023-10-01,115,647.0,145.61212,-30.61212158203125
S004,P0007,2023-10-02,154,551.0,152.46207,1.537933349609375
S004,P0007,2023-10-03,81,399.0,117.65453,-36.65453338623047
S004,P0007,2023-10-04,75,319.0,122.98425,-47.9842529296875
S004,P0007,2023-10-05,147,238.0,111.847534,35.1524658203125
S004,P0007,2023-10-06,190,753.0,147.00208,42.9979248046875
S004,P0007,2023-10-07,107,526.0,123.28267,-16.282669067382812
S004,P0007,2023-10-08,33,421.0,88.15247,-55.15247344970703
S004,P0007,2023-10-09,73,389.0,80.921196,-7.921195983886719
S004,P0007,2023-10-10,106,1070.0,117.505684,-11.505683898925781
S004,P0007,2023-10-11,27,981.0,103.62177,-76.62177276611328
S004,P0007,2023-10-12,71,954.0,72.42772,-1.4277191162109375
S004,P0007,2023-10-13,88,875.0,88.37664,-0.37664031982421875
S004,P0007,2023-10-14,25,785.0,95.07038,-70.07038116455078
S004,P0007,2023-10-15,86,758.0,65.198135,20.801864624023438
S004,P0007,2023-10-16,52,663.0,84.981316,-32.98131561279297
S004,P0007,2023-10-17,93,626.0,72.08669,20.913307189941406
S004,P0007,2023-10-18,111,535.0,95.50747,15.492530822753906
S004,P0007,2023-10-19,62,442.0,80.90968,-18.909683227539062
S004,P0007,2023-10-20,68,392.0,74.997314,-6.997314453125
S004,P0007,2023-10-21,64,327.0,103.90226,-39.902259826660156
S004,P0007,2023-10-22,94,280.0,72.2647,21.73529815673828
S004,P0007,2023-10-23,107,183.0,80.43191,26.568092346191406
S004,P0007,2023-10-24,46,98.0,75.413124,-29.413124084472656
S004,P0007,2023-10-25,156,43.0,113.97725,42.02275085449219
S004,P0007,2023-10-26,124,380.0,95.40562,28.594383239746094
S004,P0007,2023-10-27,154,245.0,92.64444,61.355560302734375
S004,P0007,2023-10-28,102,138.0,100.796394,1.2036056518554688
S004,P0007,2023-10-29,70,657.0,97.297874,-27.297874450683594
S004,P0007,2023-10-30,31,592.0,90.91954,-59.91954040527344
S004,P0007,2023-10-31,141,573.0,95.70792,45.292083740234375
S004,P0007,2023-11-01,79,410.0,89.02362,-10.02362060546875
S004,P0007,2023-11-02,75,317.0,92.81683,-17.81683349609375
S004,P0007,2023-11-03,136,260.0,87.98383,48.01616668701172
S004,P0007,2023-11-04,134,753.0,105.14277,28.85723114013672
S004,P0007,2023-11-05,168,599.0,132.09529,35.90470886230469
S004,P0007,2023-11-06,133,415.0,94.2375,38.76249694824219
S004,P0007,2023-11-07,157,335.0,134.34491,22.65509033203125
S004,P0007,2023-11-08,169,164.0,107.96019,61.03981018066406
S004,P0007,2023-11-09,176,726.0,105.5024,70.49759674072266
S004,P0007,2023-11-10,115,597.0,104.40843,10.591567993164062
S004,P0007,2023-11-11,90,523.0,111.21437,-21.214370727539062
S004,P0007,2023-11-12,132,418.0,114.47915,17.520851135253906
S004,P0007,2023-11-13,206,1025.0,164.94652,41.05348205566406
S004,P0007,2023-11-14,120,778.0,130.55585,-10.55584716796875
S004,P0007,2023-11-15,109,674.0,127.61158,-18.61157989501953
S004,P0007,2023-11-16,185,597.0,144.13835,40.86164855957031
S004,P0007,2023-11-17,193,400.0,145.89359,47.106414794921875
S004,P0007,2023-11-18,170,236.0,160.83772,9.162277221679688
S004,P0007,2023-11-19,160,81.0,114.5608,45.43920135498047
S004,P0007,2023-11-20,71,645.0,124.48569,-53.485687255859375
S004,P0007,2023-11-21,162,574.0,185.95453,-23.95452880859375
S004,P0007,2023-11-22,192,419.0,146.64197,45.3580322265625
S004,P0007,2023-11-23,115,281.0,161.50175,-46.50175476074219
S004,P0007,2023-11-24,159,185.0,108.04473,50.95526885986328
S004,P0007,2023-11-25,103,751.0,131.3851,-28.385101318359375
S004,P0007,2023-11-26,184,641.0,179.24275,4.7572479248046875
S004,P0007,2023-11-27,105,435.0,136.04462,-31.04461669921875
S004,P0007,2023-11-28,113,358.0,124.53547,-11.535469055175781
S004,P0007,2023-11-29,204,239.0,104.49664,99.50335693359375
S004,P0007,2023-11-30,116,722.0,142.57286,-26.572860717773438
S004,P0007,2023-12-01,41,633.0,104.21671,-63.216712951660156
S004,P0007,2023-12-02,147,609.0,158.24484,-11.244842529296875
S004,P0007,2023-12-03,70,468.0,119.145454,-49.14545440673828
S004,P0007,2023-12-04,101,403.0,125.13168,-24.131683349609375
S004,P0007,2023-12-05,39,282.0,108.6964,-69.69640350341797
S004,P0007,2023-12-06,201,725.0,156.14989,44.85011291503906
S004,P0007,2023-12-07,160,512.0,152.58316,7.416839599609375
S004,P0007,2023-12-08,128,343.0,132.96397,-4.9639739990234375
S004,P0007,2023-12-09,198,222.0,114.65001,83.34999084472656
S004,P0007,2023-12-10,139,719.0,167.85078,-28.850784301757812
S004,P0007,2023-12-11,89,581.0,147.52339,-58.52339172363281
S004,P0007,2023-12-12,120,489.0,126.33767,-6.337669372558594
S004,P0007,2023-12-13,61,358.0,124.946724,-63.94672393798828
S004,P0007,2023-12-14,138,301.0,123.08529,14.914710998535156
S004,P0007,2023-12-15,15,183.0,129.41687,-114.4168701171875
S004,P0007,2023-12-16,220,666.0,146.83287,73.16712951660156
S004,P0007,2023-12-17,110,517.0,126.5865,-16.586502075195312
S004,P0007,2023-12-18,154,451.0,109.40428,44.59571838378906
S004,P0007,2023-12-19,124,353.0,138.26225,-14.262252807617188
S004,P0007,2023-12-20,70,998.0,112.35331,-42.353309631347656
S004,P0007,2023-12-21,101,929.0,125.344574,-24.344573974609375
S004,P0007,2023-12-22,120,815.0,133.21286,-13.212860107421875
S004,P0007,2023-12-23,128,714.0,156.16042,-28.160415649414062
S004,P0007,2023-12-24,221,634.0,136.40697,84.59303283691406
S004,P0007,2023-12-25,58,396.0,113.30886,-55.308860778808594
S004,P0007,2023-12-26,153,342.0,109.24602,43.75398254394531
S004,P0007,2023-12-27,105,216.0,86.82924,18.170761108398438
S004,P0007,2023-12-28,55,996.0,80.82639,-25.826393127441406
S004,P0007,2023-12-29,26,940.0,71.96762,-45.967620849609375
S004,P0007,2023-12-30,105,914.0,77.78928,27.210716247558594
S004,P0007,2023-12-31,116,792.0,93.57829,22.421707153320312
S004,P0007,2024-01-01,42,711.0,96.81045,-54.810447692871094
S004,P0007,2024-01-02,46,670.0,48.518322,-2.518321990966797
S004,P0007,2024-01-03,75,620.0,86.59764,-11.597640991210938
S004,P0007,2024-01-04,88,542.0,95.28311,-7.283111572265625
S004,P0007,2024-01-05,50,442.0,62.12903,-12.1290283203125
S004,P0007,2024-01-06,72,405.0,51.269283,20.730716705322266
S004,P0007,2024-01-07,77,351.0,57.474644,19.52535629272461
S004,P0007,2024-01-08,39,303.0,53.29666,-14.296661376953125
S004,P0007,2024-01-09,116,262.0,85.88142,30.11858367919922
S004,P0007,2024-01-10,125,137.0,113.321655,11.6783447265625
S004,P0007,2024-01-11,98,357.0,92.50328,5.4967193603515625
S004,P0007,2024-01-12,107,252.0,93.45666,13.543342590332031
S004,P0007,2024-01-13,210,148.0,125.518845,84.48115539550781
S004,P0007,2024-01-14,146,428.0,99.44243,46.55757141113281
S004,P0007,2024-01-15,157,304.0,106.70384,50.29615783691406
S004,P0007,2024-01-16,158,188.0,133.05974,24.940261840820312
S004,P0007,2024-01-17,81,867.0,142.12189,-61.12188720703125
S004,P0007,2024-01-18,38,815.0,100.04425,-62.04425048828125
S004,P0007,2024-01-19,103,773.0,122.27656,-19.27655792236328
S004,P0007,2024-01-20,116,689.0,135.54358,-19.5435791015625
S004,P0007,2024-01-21,52,583.0,97.91732,-45.917320251464844
S004,P0007,2024-01-22,69,537.0,99.11451,-30.11450958251953
S004,P0007,2024-01-23,86,474.0,98.645676,-12.645675659179688
S004,P0007,2024-01-24,76,416.0,89.28964,-13.289642333984375
S004,P0007,2024-01-25,152,356.0,118.13726,33.86273956298828
S004,P0007,2024-01-26,94,216.0,88.333824,5.666175842285156
S004,P0007,2024-01-27,218,115.0,125.806335,92.19366455078125
S004,P0007,2024-01-28,156,0.0,125.71127,30.288726806640625
S004,P0007,2024-01-29,89,641.0,110.56335,-21.56334686279297
S004,P0007,2024-01-30,154,574.0,114.38586,39.61414337158203
S004,P0008,2023-09-07,85,118.0,98.99102,-13.991020202636719
S004,P0008,2023-09-08,35,101.0,98.913704,-63.91370391845703
S004,P0008,2023-09-09,30,79.0,60.608776,-30.608776092529297
S004,P0008,2023-09-10,102,94.0,84.51581,17.48419189453125
S004,P0008,2023-09-11,100,98.0,65.85263,34.147369384765625
S004,P0008,2023-09-12,50,107.0,78.30383,-28.3038330078125
S004,P0008,2023-09-13,83,103.0,63.38629,19.61370849609375
S004,P0008,2023-09-14,86,122.0,62.553093,23.44690704345703
S004,P0008,2023-09-15,48,144.0,64.2709,-16.270896911621094
S004,P0008,2023-09-16,78,92.0,65.02749,12.972511291503906
S004,P0008,2023-09-17,85,66.0,68.988365,16.011634826660156
S004,P0008,2023-09-18,61,72.0,64.384575,-3.3845748901367188
S004,P0008,2023-09-19,116,101.0,82.030945,33.96905517578125
S004,P0008,2023-09-20,79,118.0,65.1894,13.810600280761719
S004,P0008,2023-09-21,56,130.0,78.99323,-22.99323272705078
S004,P0008,2023-09-22,92,65.0,80.507355,11.492645263671875
S004,P0008,2023-09-23,64,97.0,64.67116,-0.6711578369140625
S004,P0008,2023-09-24,35,123.0,62.632984,-27.632984161376953
S004,P0008,2023-09-25,51,82.0,78.13983,-27.13983154296875
S004,P0008,2023-09-26,57,102.0,61.892475,-4.892475128173828
S004,P0008,2023-09-27,48,90.0,81.25426,-33.25425720214844
S004,P0008,2023-09-28,49,104.0,57.703667,-8.703666687011719
S004,P0008,2023-09-29,61,114.0,63.260853,-2.260852813720703
S004,P0008,2023-09-30,49,124.0,60.099125,-11.099124908447266
S004,P0008,2023-10-01,136,78.0,73.841644,62.158355712890625
S004,P0008,2023-10-02,171,136.0,100.15464,70.8453598022461
S004,P0008,2023-10-03,60,197.0,77.17621,-17.17620849609375
S004,P0008,2023-10-04,83,130.0,84.786125,-1.7861251831054688
S004,P0008,2023-10-05,33,119.0,64.22859,-31.228591918945312
S004,P0008,2023-10-06,40,81.0,66.004364,-26.004364013671875
S004,P0008,2023-10-07,26,86.0,48.93831,-22.938308715820312
S004,P0008,2023-10-08,33,55.0,63.03368,-30.033679962158203
S004,P0008,2023-10-09,37,72.0,46.03577,-9.035770416259766
S004,P0008,2023-10-10,26,92.0,33.15355,-7.1535491943359375
S004,P0008,2023-10-11,28,67.0,30.326735,-2.3267345428466797
S004,P0008,2023-10-12,41,90.0,38.42501,2.5749893188476562
S004,P0008,2023-10-13,37,113.0,32.227516,4.772483825683594
S004,P0008,2023-10-14,42,72.0,32.860786,9.139213562011719
S004,P0008,2023-10-15,34,83.0,33.056126,0.9438743591308594
S004,P0008,2023-10-16,27,100.0,34.61945,-7.619449615478516
S004,P0008,2023-10-17,39,73.0,36.017975,2.982025146484375
S004,P0008,2023-10-18,20,93.0,42.613777,-22.61377716064453
S004,P0008,2023-10-19,51,78.0,36.678406,14.32159423828125
S004,P0008,2023-10-20,35,76.0,30.468927,4.531072616577148
S004,P0008,2023-10-21,83,102.0,38.97689,44.023109436035156
S004,P0008,2023-10-22,44,99.0,32.27772,11.722278594970703
S004,P0008,2023-10-23,28,98.0,37.0814,-9.081401824951172
S004,P0008,2023-10-24,30,80.0,22.573961,7.42603874206543
S004,P0008,2023-10-25,90,97.0,59.237896,30.762104034423828
S004,P0008,2023-10-26,107,116.0,66.61806,40.38194274902344
S004,P0008,2023-10-27,46,119.0,87.71054,-41.710540771484375
S004,P0008,2023-10-28,119,71.0,67.50498,51.495018005371094
S004,P0008,2023-10-29,60,111.0,71.185616,-11.185615539550781
S004,P0008,2023-10-30,71,124.0,66.01369,4.9863128662109375
S004,P0008,2023-10-31,108,116.0,60.70112,47.29888153076172
S004,P0008,2023-11-01,83,99.0,63.957104,19.042896270751953
S004,P0008,2023-11-02,77,75.0,64.81324,12.186759948730469
S004,P0008,2023-11-03,102,86.0,83.23675,18.76325225830078
S004,P0008,2023-11-04,56,119.0,62.901028,-6.901027679443359
S004,P0008,2023-11-05,179,56.0,97.92677,81.07322692871094
S004,P0008,2023-11-06,46,204.0,74.86962,-28.86962127685547
S004,P0008,2023-11-07,73,152.0,70.07806,2.9219436645507812
S004,P0008,2023-11-08,46,78.0,62.04802,-16.048019409179688
S004,P0008,2023-11-09,105,73.0,80.796036,24.203964233398438
S004,P0008,2023-11-10,110,109.0,83.60614,26.39385986328125
S004,P0008,2023-11-11,106,107.0,70.67236,35.32763671875
S004,P0008,2023-11-12,66,109.0,87.752464,-21.752464294433594
S004,P0008,2023-11-13,108,107.0,85.01361,22.98638916015625
S004,P0008,2023-11-14,76,153.0,67.615524,8.384475708007812
S004,P0008,2023-11-15,55,72.0,65.435844,-10.435844421386719
S004,P0008,2023-11-16,63,89.0,67.459366,-4.4593658447265625
S004,P0008,2023-11-17,67,105.0,82.20204,-15.202041625976562
S004,P0008,2023-11-18,144,111.0,89.27166,54.72834014892578
S004,P0008,2023-11-19,86,127.0,69.368996,16.631004333496094
S004,P0008,2023-11-20,45,150.0,81.02443,-36.02442932128906
S004,P0008,2023-11-21,68,121.0,63.755905,4.2440948486328125
S004,P0008,2023-11-22,110,123.0,66.0002,43.99980163574219
S004,P0008,2023-11-23,67,184.0,67.13617,-0.13616943359375
S004,P0008,2023-11-24,172,104.0,91.2689,80.7311019897461
S004,P0008,2023-11-25,95,168.0,82.85741,12.142593383789062
S004,P0008,2023-11-26,49,78.0,70.087654,-21.08765411376953
S004,P0008,2023-11-27,24,90.0,63.972935,-39.97293472290039
S004,P0008,2023-11-28,49,65.0,69.40942,-20.40941619873047
S004,P0008,2023-11-29,123,65.0,72.64164,50.358360290527344
S004,P0008,2023-11-30,65,127.0,73.59841,-8.598411560058594
S004,P0008,2023-12-01,94,76.0,62.298767,31.70123291015625
S004,P0008,2023-12-02,72,79.0,66.1879,5.812103271484375
S004,P0008,2023-12-03,39,95.0,57.101307,-18.101306915283203
S004,P0008,2023-12-04,101,107.0,84.03889,16.96111297607422
S004,P0008,2023-12-05,130,104.0,91.58281,38.41719055175781
S004,P0008,2023-12-06,58,155.0,70.79344,-12.793441772460938
S004,P0008,2023-12-07,51,107.0,68.96022,-17.960220336914062
S004,P0008,2023-12-08,42,123.0,58.876358,-16.876358032226562
S004,P0008,2023-12-09,63,77.0,62.818565,0.18143463134765625
S004,P0008,2023-12-10,57,77.0,58.588524,-1.5885238647460938
S004,P0008,2023-12-11,48,81.0,55.564766,-7.564765930175781
S004,P0008,2023-12-12,117,100.0,81.17987,35.82012939453125
S004,P0008,2023-12-13,98,119.0,70.05406,27.945938110351562
S004,P0008,2023-12-14,111,150.0,86.07931,24.920692443847656
S004,P0008,2023-12-15,50,159.0,90.78218,-40.78218078613281
S004,P0008,2023-12-16,51,125.0,62.81806,-11.818061828613281
S004,P0008,2023-12-17,121,68.0,83.994514,37.00548553466797
S004,P0008,2023-12-18,93,129.0,71.90397,21.096031188964844
S004,P0008,2023-12-19,112,111.0,74.34716,37.65283966064453
S004,P0008,2023-12-20,105,116.0,91.252716,13.747283935546875
S004,P0008,2023-12-21,85,94.0,68.18694,16.81305694580078
S004,P0008,2023-12-22,72,124.0,87.95074,-15.950736999511719
S004,P0008,2023-12-23,71,145.0,87.114334,-16.114334106445312
S004,P0008,2023-12-24,35,64.0,65.62638,-30.626380920410156
S004,P0008,2023-12-25,59,88.0,60.98073,-1.9807281494140625
S004,P0008,2023-12-26,106,119.0,82.589935,23.410064697265625
S004,P0008,2023-12-27,42,148.0,60.38002,-18.380020141601562
S004,P0008,2023-12-28,52,116.0,47.148792,4.851207733154297
S004,P0008,2023-12-29,22,59.0,47.780037,-25.78003692626953
S004,P0008,2023-12-30,38,95.0,34.972076,3.027923583984375
S004,P0008,2023-12-31,30,55.0,35.27274,-5.272739410400391
S004,P0008,2024-01-01,49,71.0,23.900612,25.099388122558594
S004,P0008,2024-01-02,18,79.0,28.611086,-10.611085891723633
S004,P0008,2024-01-03,51,66.0,24.130949,26.869050979614258
S004,P0008,2024-01-04,34,91.0,26.042196,7.957803726196289
S004,P0008,2024-01-05,37,65.0,27.445028,9.554971694946289
S004,P0008,2024-01-06,28,87.0,19.76233,8.2376708984375
S004,P0008,2024-01-07,46,59.0,21.492254,24.50774574279785
S004,P0008,2024-01-08,6,64.0,22.819561,-16.819561004638672
S004,P0008,2024-01-09,49,57.0,69.52333,-20.523330688476562
S004,P0008,2024-01-10,79,78.0,64.528114,14.471885681152344
S004,P0008,2024-01-11,103,87.0,72.26265,30.737350463867188
S004,P0008,2024-01-12,47,90.0,61.520557,-14.520557403564453
S004,P0008,2024-01-13,66,100.0,68.366,-2.365997314453125
S004,P0008,2024-01-14,96,93.0,67.90333,28.09667205810547
S004,P0008,2024-01-15,71,109.0,65.81836,5.181640625
S004,P0008,2024-01-16,140,140.0,90.7217,49.278297424316406
S004,P0008,2024-01-17,120,141.0,85.58555,34.414451599121094
S004,P0008,2024-01-18,46,169.0,73.00092,-27.00092315673828
S004,P0008,2024-01-19,76,116.0,68.01925,7.980751037597656
S004,P0008,2024-01-20,81,117.0,72.80013,8.199867248535156
S004,P0008,2024-01-21,101,118.0,69.38884,31.611160278320312
S004,P0008,2024-01-22,44,109.0,68.02376,-24.023757934570312
S004,P0008,2024-01-23,72,75.0,76.447365,-4.447364807128906
S004,P0008,2024-01-24,78,74.0,71.04724,6.9527587890625
S004,P0008,2024-01-25,96,99.0,67.52499,28.475013732910156
S004,P0008,2024-01-26,109,118.0,70.11825,38.881752014160156
S004,P0008,2024-01-27,83,140.0,75.26386,7.736137390136719
S004,P0008,2024-01-28,73,148.0,61.2351,11.764900207519531
S004,P0008,2024-01-29,83,85.0,64.246506,18.753494262695312
S004,P0008,2024-01-30,69,92.0,61.206573,7.793426513671875
S004,P0009,2023-09-07,95,324.0,96.29858,-1.2985763549804688
S004,P0009,2023-09-08,55,251.0,84.3717,-29.37169647216797
S004,P0009,2023-09-09,141,190.0,121.647026,19.35297393798828
S004,P0009,2023-09-10,89,345.0,89.10262,-0.10262298583984375
S004,P0009,2023-09-11,166,266.0,137.0999,28.900100708007812
S004,P0009,2023-09-12,157,537.0,148.69398,8.306015014648438
S004,P0009,2023-09-13,68,430.0,121.57657,-53.576568603515625
S004,P0009,2023-09-14,53,357.0,89.48908,-36.48908233642578
S004,P0009,2023-09-15,134,755.0,138.23251,-4.232513427734375
S004,P0009,2023-09-16,89,634.0,97.60054,-8.600540161132812
S004,P0009,2023-09-17,124,537.0,138.88687,-14.886871337890625
S004,P0009,2023-09-18,121,388.0,140.89438,-19.894378662109375
S004,P0009,2023-09-19,90,253.0,92.21487,-2.2148666381835938
S004,P0009,2023-09-20,74,185.0,91.96981,-17.969810485839844
S004,P0009,2023-09-21,124,457.0,102.61462,21.38538360595703
S004,P0009,2023-09-22,106,365.0,96.46115,9.538848876953125
S004,P0009,2023-09-23,231,246.0,162.24022,68.75978088378906
S004,P0009,2023-09-24,25,0.0,94.1128,-69.11280059814453
S004,P0009,2023-09-25,49,266.0,100.14029,-51.140289306640625
S004,P0009,2023-09-26,68,893.0,107.03982,-39.039817810058594
S004,P0009,2023-09-27,85,815.0,112.45148,-27.45147705078125
S004,P0009,2023-09-28,71,748.0,105.02343,-34.02342987060547
S004,P0009,2023-09-29,101,688.0,119.445335,-18.445335388183594
S004,P0009,2023-09-30,69,607.0,99.900925,-30.900924682617188
S004,P0009,2023-10-01,89,549.0,81.39727,7.602729797363281
S004,P0009,2023-10-02,87,474.0,119.41194,-32.41194152832031
S004,P0009,2023-10-03,97,389.0,122.320404,-25.320404052734375
S004,P0009,2023-10-04,52,284.0,88.89906,-36.89906311035156
S004,P0009,2023-10-05,121,235.0,89.99231,31.0076904296875
S004,P0009,2023-10-06,91,97.0,92.04974,-1.04974365234375
S004,P0009,2023-10-07,55,20.0,87.19816,-32.198158264160156
S004,P0009,2023-10-08,99,330.0,110.471344,-11.471343994140625
S004,P0009,2023-10-09,132,268.0,102.90238,29.097618103027344
S004,P0009,2023-10-10,98,120.0,99.40805,-1.408050537109375
S004,P0009,2023-10-11,62,382.0,82.67,-20.669998168945312
S004,P0009,2023-10-12,60,343.0,85.23642,-25.236419677734375
S004,P0009,2023-10-13,73,279.0,84.5692,-11.569198608398438
S004,P0009,2023-10-14,115,216.0,107.47952,7.520477294921875
S004,P0009,2023-10-15,140,88.0,97.6834,42.31659698486328
S004,P0009,2023-10-16,43,236.0,92.201065,-49.20106506347656
S004,P0009,2023-10-17,141,192.0,72.5117,68.48829650878906
S004,P0009,2023-10-18,86,445.0,110.12264,-24.122642517089844
S004,P0009,2023-10-19,105,379.0,92.129684,12.870315551757812
S004,P0009,2023-10-20,50,258.0,88.11144,-38.11144256591797
S004,P0009,2023-10-21,104,206.0,114.2296,-10.229598999023438
S004,P0009,2023-10-22,50,463.0,67.3167,-17.31670379638672
S004,P0009,2023-10-23,134,404.0,105.15291,28.847091674804688
S004,P0009,2023-10-24,131,278.0,87.49865,43.50135040283203
S004,P0009,2023-10-25,133,145.0,83.41499,49.58500671386719
S004,P0009,2023-10-26,151,328.0,116.01958,34.98042297363281
S004,P0009,2023-10-27,133,166.0,147.01796,-14.017959594726562
S004,P0009,2023-10-28,75,507.0,127.54748,-52.54747772216797
S004,P0009,2023-10-29,73,420.0,96.7764,-23.776397705078125
S004,P0009,2023-10-30,83,336.0,93.84747,-10.84747314453125
S004,P0009,2023-10-31,174,280.0,99.824974,74.1750259399414
S004,P0009,2023-11-01,82,96.0,100.509865,-18.509864807128906
S004,P0009,2023-11-02,134,0.0,137.8073,-3.8072967529296875
S004,P0009,2023-11-03,101,559.0,140.84155,-39.841552734375
S004,P0009,2023-11-04,82,455.0,139.64365,-57.643646240234375
S004,P0009,2023-11-05,155,389.0,134.45338,20.546615600585938
S004,P0009,2023-11-06,76,245.0,106.7994,-30.799400329589844
S004,P0009,2023-11-07,47,198.0,93.930664,-46.9306640625
S004,P0009,2023-11-08,91,714.0,131.6728,-40.67280578613281
S004,P0009,2023-11-09,92,643.0,101.948044,-9.948043823242188
S004,P0009,2023-11-10,75,538.0,95.445854,-20.44585418701172
S004,P0009,2023-11-11,103,462.0,94.48096,8.51904296875
S004,P0009,2023-11-12,94,396.0,106.14753,-12.147529602050781
S004,P0009,2023-11-13,98,292.0,122.960976,-24.960975646972656
S004,P0009,2023-11-14,113,223.0,127.71807,-14.718070983886719
S004,P0009,2023-11-15,121,152.0,111.39952,9.600479125976562
S004,P0009,2023-11-16,98,420.0,105.60424,-7.604240417480469
S004,P0009,2023-11-17,95,329.0,100.23851,-5.2385101318359375
S004,P0009,2023-11-18,77,238.0,123.286575,-46.28657531738281
S004,P0009,2023-11-19,75,171.0,92.867905,-17.867904663085938
S004,P0009,2023-11-20,38,345.0,89.159294,-51.15929412841797
S004,P0009,2023-11-21,118,306.0,125.09287,-7.092872619628906
S004,P0009,2023-11-22,122,213.0,103.11412,18.885879516601562
S004,P0009,2023-11-23,88,120.0,100.00799,-12.007987976074219
S004,P0009,2023-11-24,70,455.0,89.2637,-19.263702392578125
S004,P0009,2023-11-25,91,382.0,111.11392,-20.113922119140625
S004,P0009,2023-11-26,94,278.0,90.32583,3.6741714477539062
S004,P0009,2023-11-27,63,208.0,85.991585,-22.99158477783203
S004,P0009,2023-11-28,151,170.0,135.93768,15.06231689453125
S004,P0009,2023-11-29,55,235.0,85.048355,-30.048355102539062
S004,P0009,2023-11-30,126,187.0,88.39442,37.60558319091797
S004,P0009,2023-12-01,52,511.0,109.39833,-57.39833068847656
S004,P0009,2023-12-02,124,458.0,80.79096,43.20903778076172
S004,P0009,2023-12-03,118,318.0,124.775375,-6.7753753662109375
S004,P0009,2023-12-04,59,195.0,114.29934,-55.299339294433594
S004,P0009,2023-12-05,175,141.0,92.24971,82.75028991699219
S004,P0009,2023-12-06,271,369.0,146.52959,124.47041320800781
S004,P0009,2023-12-07,187,142.0,169.07303,17.926971435546875
S004,P0009,2023-12-08,161,502.0,176.6905,-15.690505981445312
S004,P0009,2023-12-09,123,1272.0,162.9455,-39.94549560546875
S004,P0009,2023-12-10,137,1137.0,157.7017,-20.701705932617188
S004,P0009,2023-12-11,192,1047.0,199.06749,-7.0674896240234375
S004,P0009,2023-12-12,142,930.0,207.32559,-65.32559204101562
S004,P0009,2023-12-13,178,815.0,216.8556,-38.85560607910156
S004,P0009,2023-12-14,93,664.0,156.6089,-63.60890197753906
S004,P0009,2023-12-15,74,560.0,143.85977,-69.85977172851562
S004,P0009,2023-12-16,77,511.0,131.7903,-54.79029846191406
S004,P0009,2023-12-17,121,429.0,173.81306,-52.81306457519531
S004,P0009,2023-12-18,112,320.0,168.05426,-56.05426025390625
S004,P0009,2023-12-19,113,218.0,147.98837,-34.988372802734375
S004,P0009,2023-12-20,88,455.0,137.12694,-49.12693786621094
S004,P0009,2023-12-21,162,402.0,174.23317,-12.233169555664062
S004,P0009,2023-12-22,90,215.0,121.32775,-31.32775115966797
S004,P0009,2023-12-23,45,140.0,120.99252,-75.99252319335938
S004,P0009,2023-12-24,89,520.0,135.49881,-46.498809814453125
S004,P0009,2023-12-25,140,465.0,157.73631,-17.736312866210938
S004,P0009,2023-12-26,111,323.0,169.76749,-58.767486572265625
S004,P0009,2023-12-27,131,238.0,136.44672,-5.44671630859375
S004,P0009,2023-12-28,103,637.0,132.84874,-29.848739624023438
S004,P0009,2023-12-29,107,568.0,116.17125,-9.171249389648438
S004,P0009,2023-12-30,40,453.0,109.68413,-69.68412780761719
S004,P0009,2023-12-31,143,428.0,132.92433,10.075668334960938
S004,P0009,2024-01-01,121,287.0,136.02231,-15.022308349609375
S004,P0009,2024-01-02,166,186.0,185.2798,-19.279800415039062
S004,P0009,2024-01-03,115,537.0,119.36877,-4.368766784667969
S004,P0009,2024-01-04,116,450.0,113.25586,2.744140625
S004,P0009,2024-01-05,188,319.0,149.55661,38.443389892578125
S004,P0009,2024-01-06,195,122.0,191.33073,3.6692657470703125
S004,P0009,2024-01-07,110,0.0,119.56253,-9.562530517578125
S004,P0009,2024-01-08,132,565.0,144.30005,-12.300048828125
S004,P0009,2024-01-09,82,475.0,161.69626,-79.69625854492188
S004,P0009,2024-01-10,125,385.0,140.67268,-15.672683715820312
S004,P0009,2024-01-11,142,299.0,169.28903,-27.289031982421875
S004,P0009,2024-01-12,101,165.0,131.94145,-30.941452026367188
S004,P0009,2024-01-13,118,438.0,123.30104,-5.3010406494140625
S004,P0009,2024-01-14,89,306.0,126.56239,-37.56239318847656
S004,P0009,2024-01-15,88,211.0,120.65017,-32.650169372558594
S004,P0009,2024-01-16,169,153.0,190.64526,-21.645263671875
S004,P0009,2024-01-17,99,353.0,157.60316,-58.60316467285156
S004,P0009,2024-01-18,110,260.0,121.12178,-11.121780395507812
S004,P0009,2024-01-19,60,749.0,118.21985,-58.2198486328125
S004,P0009,2024-01-20,192,695.0,188.73315,3.266845703125
S004,P0009,2024-01-21,84,528.0,144.09956,-60.09956359863281
S004,P0009,2024-01-22,97,467.0,123.16452,-26.164520263671875
S004,P0009,2024-01-23,99,352.0,124.94007,-25.94007110595703
S004,P0009,2024-01-24,176,238.0,173.60349,2.396514892578125
S004,P0009,2024-01-25,189,36.0,167.22623,21.773773193359375
S004,P0009,2024-01-26,168,328.0,153.88086,14.119140625
S004,P0009,2024-01-27,175,754.0,213.84044,-38.84043884277344
S004,P0009,2024-01-28,82,581.0,126.026566,-44.02656555175781
S004,P0009,2024-01-29,42,510.0,114.69158,-72.69158172607422
S004,P0009,2024-01-30,127,472.0,143.63145,-16.631454467773438
S004,P0010,2023-09-07,146,868.0,149.0201,-3.0200958251953125
S004,P0010,2023-09-08,127,699.0,126.80872,0.19127655029296875
S004,P0010,2023-09-09,25,585.0,100.5761,-75.57610321044922
S004,P0010,2023-09-10,55,557.0,108.14051,-53.14051055908203
S004,P0010,2023-09-11,122,524.0,111.15193,10.848068237304688
S004,P0010,2023-09-12,119,412.0,114.046,4.954002380371094
S004,P0010,2023-09-13,87,303.0,128.51617,-41.51617431640625
S004,P0010,2023-09-14,130,247.0,106.47183,23.528167724609375
S004,P0010,2023-09-15,153,588.0,140.26259,12.737411499023438
S004,P0010,2023-09-16,46,456.0,104.61245,-58.612449645996094
S004,P0010,2023-09-17,148,425.0,139.45026,8.54974365234375
S004,P0010,2023-09-18,50,325.0,92.90793,-42.907928466796875
S004,P0010,2023-09-19,144,804.0,144.3652,-0.365203857421875
S004,P0010,2023-09-20,94,637.0,112.04607,-18.046066284179688
S004,P0010,2023-09-21,220,531.0,139.9802,80.01980590820312
S004,P0010,2023-09-22,189,350.0,112.66674,76.33325958251953
S004,P0010,2023-09-23,129,226.0,107.8779,21.122100830078125
S004,P0010,2023-09-24,96,109.0,109.946465,-13.946464538574219
S004,P0010,2023-09-25,124,717.0,118.82203,5.177970886230469
S004,P0010,2023-09-26,96,602.0,122.08912,-26.08911895751953
S004,P0010,2023-09-27,99,536.0,122.07927,-23.079269409179688
S004,P0010,2023-09-28,158,438.0,113.91927,44.080726623535156
S004,P0010,2023-09-29,110,297.0,117.5031,-7.5030975341796875
S004,P0010,2023-09-30,172,227.0,116.91403,55.085968017578125
S004,P0010,2023-10-01,57,27.0,101.75378,-44.75377655029297
S004,P0010,2023-10-02,161,573.0,151.66948,9.330520629882812
S004,P0010,2023-10-03,103,442.0,141.9539,-38.95390319824219
S004,P0010,2023-10-04,99,324.0,138.78659,-39.786590576171875
S004,P0010,2023-10-05,189,219.0,125.084755,63.915245056152344
S004,P0010,2023-10-06,136,610.0,130.7785,5.22149658203125
S004,P0010,2023-10-07,78,466.0,107.49687,-29.496871948242188
S004,P0010,2023-10-08,69,402.0,86.55719,-17.55718994140625
S004,P0010,2023-10-09,85,1224.0,83.16723,1.8327713012695312
S004,P0010,2023-10-10,37,1130.0,79.26831,-42.268310546875
S004,P0010,2023-10-11,112,1107.0,82.98033,29.019668579101562
S004,P0010,2023-10-12,81,1026.0,104.434006,-23.434005737304688
S004,P0010,2023-10-13,109,951.0,95.00658,13.993423461914062
S004,P0010,2023-10-14,85,847.0,110.445786,-25.445785522460938
S004,P0010,2023-10-15,109,770.0,95.450455,13.549545288085938
S004,P0010,2023-10-16,77,678.0,93.70985,-16.70984649658203
S004,P0010,2023-10-17,102,596.0,91.447044,10.552955627441406
S004,P0010,2023-10-18,49,490.0,83.84068,-34.84068298339844
S004,P0010,2023-10-19,112,439.0,106.03579,5.964210510253906
S004,P0010,2023-10-20,74,305.0,87.2136,-13.213600158691406
S004,P0010,2023-10-21,50,218.0,95.397705,-45.397705078125
S004,P0010,2023-10-22,128,184.0,92.70479,35.29521179199219
S004,P0010,2023-10-23,68,401.0,86.08934,-18.089340209960938
S004,P0010,2023-10-24,21,349.0,75.387085,-54.3870849609375
S004,P0010,2023-10-25,177,325.0,91.34968,85.65032196044922
S004,P0010,2023-10-26,199,148.0,97.77811,101.22189331054688
S004,P0010,2023-10-27,63,26.0,106.37274,-43.37274169921875
S004,P0010,2023-10-28,127,0.0,131.17915,-4.1791534423828125
S004,P0010,2023-10-29,107,847.0,110.87602,-3.8760223388671875
S004,P0010,2023-10-30,112,735.0,109.419044,2.5809555053710938
S004,P0010,2023-10-31,132,651.0,109.861015,22.13898468017578
S004,P0010,2023-11-01,93,564.0,100.358154,-7.358154296875
S004,P0010,2023-11-02,163,508.0,125.585526,37.41447448730469
S004,P0010,2023-11-03,154,329.0,100.834114,53.16588592529297
S004,P0010,2023-11-04,116,148.0,126.946785,-10.946784973144531
S004,P0010,2023-11-05,110,73.0,102.4927,7.507301330566406
S004,P0010,2023-11-06,52,632.0,90.84583,-38.84583282470703
S004,P0010,2023-11-07,118,593.0,123.29822,-5.2982177734375
S004,P0010,2023-11-08,125,498.0,122.6101,2.3899002075195312
S004,P0010,2023-11-09,140,363.0,125.648346,14.351654052734375
S004,P0010,2023-11-10,43,225.0,87.729836,-44.729835510253906
S004,P0010,2023-11-11,148,176.0,92.600876,55.39912414550781
S004,P0010,2023-11-12,161,574.0,128.48357,32.51643371582031
S004,P0010,2023-11-13,80,440.0,98.009636,-18.00963592529297
S004,P0010,2023-11-14,57,386.0,95.4237,-38.42369842529297
S004,P0010,2023-11-15,193,325.0,129.07758,63.92242431640625
S004,P0010,2023-11-16,99,846.0,100.40627,-1.4062728881835938
S004,P0010,2023-11-17,82,734.0,102.8525,-20.852500915527344
S004,P0010,2023-11-18,84,664.0,97.713005,-13.713005065917969
S004,P0010,2023-11-19,189,589.0,135.31528,53.684722900390625
S004,P0010,2023-11-20,150,437.0,110.288925,39.71107482910156
S004,P0010,2023-11-21,52,285.0,98.23959,-46.239593505859375
S004,P0010,2023-11-22,90,225.0,128.54257,-38.542572021484375
S004,P0010,2023-11-23,157,932.0,141.762,15.238006591796875
S004,P0010,2023-11-24,96,769.0,110.49719,-14.4971923828125
S004,P0010,2023-11-25,50,681.0,95.63119,-45.631187438964844
S004,P0010,2023-11-26,113,650.0,104.480354,8.519645690917969
S004,P0010,2023-11-27,116,516.0,107.288605,8.711395263671875
S004,P0010,2023-11-28,144,401.0,103.62947,40.37052917480469
S004,P0010,2023-11-29,133,261.0,105.8211,27.17890167236328
S004,P0010,2023-11-30,112,107.0,103.72103,8.278968811035156
S004,P0010,2023-12-01,46,2.0,89.02821,-43.02821350097656
S004,P0010,2023-12-02,130,591.0,107.302536,22.697463989257812
S004,P0010,2023-12-03,130,438.0,111.644745,18.355255126953125
S004,P0010,2023-12-04,36,318.0,110.95043,-74.95043182373047
S004,P0010,2023-12-05,55,282.0,102.37735,-47.377349853515625
S004,P0010,2023-12-06,143,232.0,102.28325,40.71675109863281
S004,P0010,2023-12-07,180,663.0,108.567764,71.43223571777344
S004,P0010,2023-12-08,77,451.0,126.9218,-49.92179870605469
S004,P0010,2023-12-09,250,387.0,135.25674,114.74325561523438
S004,P0010,2023-12-10,139,156.0,126.9719,12.028099060058594
S004,P0010,2023-12-11,59,746.0,131.67195,-72.67195129394531
S004,P0010,2023-12-12,96,691.0,125.74554,-29.74553680419922
S004,P0010,2023-12-13,118,582.0,119.89756,-1.8975601196289062
S004,P0010,2023-12-14,106,463.0,105.14412,0.8558807373046875
S004,P0010,2023-12-15,129,369.0,110.97169,18.02831268310547
S004,P0010,2023-12-16,159,264.0,84.71871,74.28128814697266
S004,P0010,2023-12-17,162,79.0,150.35909,11.640914916992188
S004,P0010,2023-12-18,167,345.0,142.2164,24.783599853515625
S004,P0010,2023-12-19,82,159.0,109.1508,-27.150802612304688
S004,P0010,2023-12-20,120,704.0,146.3795,-26.379501342773438
S004,P0010,2023-12-21,209,573.0,126.13352,82.8664779663086
S004,P0010,2023-12-22,47,443.0,103.47536,-56.47535705566406
S004,P0010,2023-12-23,103,389.0,113.18762,-10.1876220703125
S004,P0010,2023-12-24,202,270.0,145.50313,56.49687194824219
S004,P0010,2023-12-25,148,1110.0,139.45882,8.541183471679688
S004,P0010,2023-12-26,165,970.0,116.29092,48.709083557128906
S004,P0010,2023-12-27,133,793.0,126.318504,6.681495666503906
S004,P0010,2023-12-28,60,711.0,74.303474,-14.303474426269531
S004,P0010,2023-12-29,34,646.0,77.94985,-43.949851989746094
S004,P0010,2023-12-30,145,611.0,79.755005,65.2449951171875
S004,P0010,2023-12-31,31,448.0,65.432724,-34.43272399902344
S004,P0010,2024-01-01,153,419.0,77.93762,75.0623779296875
S004,P0010,2024-01-02,89,293.0,66.30304,22.69696044921875
S004,P0010,2024-01-03,77,866.0,75.7829,1.21710205078125
S004,P0010,2024-01-04,118,804.0,95.495766,22.504234313964844
S004,P0010,2024-01-05,123,678.0,120.98993,2.01007080078125
S004,P0010,2024-01-06,76,533.0,86.67852,-10.678520202636719
S004,P0010,2024-01-07,91,465.0,114.4029,-23.40290069580078
S004,P0010,2024-01-08,127,387.0,80.675575,46.324424743652344
S004,P0010,2024-01-09,101,290.0,108.72961,-7.729606628417969
S004,P0010,2024-01-10,215,222.0,133.49004,81.50996398925781
S004,P0010,2024-01-11,159,91.0,113.666115,45.333885192871094
S004,P0010,2024-01-12,106,540.0,120.995255,-14.995254516601562
S004,P0010,2024-01-13,114,461.0,117.18611,-3.1861114501953125
S004,P0010,2024-01-14,51,1119.0,97.18181,-46.18180847167969
S004,P0010,2024-01-15,155,1063.0,126.93127,28.06873321533203
S004,P0010,2024-01-16,64,879.0,122.68631,-58.686309814453125
S004,P0010,2024-01-17,89,839.0,135.39684,-46.39683532714844
S004,P0010,2024-01-18,161,760.0,112.29712,48.702880859375
S004,P0010,2024-01-19,119,600.0,106.61563,12.384368896484375
S004,P0010,2024-01-20,119,468.0,112.463715,6.536285400390625
S004,P0010,2024-01-21,165,337.0,145.6493,19.350692749023438
S004,P0010,2024-01-22,86,218.0,101.92145,-15.92144775390625
S004,P0010,2024-01-23,138,154.0,101.76614,36.233856201171875
S004,P0010,2024-01-24,129,440.0,131.12282,-2.1228179931640625
S004,P0010,2024-01-25,140,290.0,101.67333,38.32666778564453
S004,P0010,2024-01-26,103,166.0,103.17212,-0.172119140625
S004,P0010,2024-01-27,131,598.0,142.43251,-11.432510375976562
S004,P0010,2024-01-28,122,515.0,105.94946,16.050537109375
S004,P0010,2024-01-29,115,383.0,109.77198,5.228019714355469
S004,P0010,2024-01-30,117,247.0,113.03536,3.9646377563476562
S004,P0011,2023-09-07,76,355.0,121.50511,-45.50511169433594
S004,P0011,2023-09-08,71,269.0,111.3517,-40.35169982910156
S004,P0011,2023-09-09,121,1097.0,94.72714,26.272857666015625
S004,P0011,2023-09-10,94,994.0,108.56325,-14.563247680664062
S004,P0011,2023-09-11,157,922.0,116.26008,40.73992156982422
S004,P0011,2023-09-12,85,824.0,89.72755,-4.727546691894531
S004,P0011,2023-09-13,74,762.0,77.66222,-3.6622161865234375
S004,P0011,2023-09-14,148,709.0,92.8127,55.18730163574219
S004,P0011,2023-09-15,84,575.0,82.71558,1.2844161987304688
S004,P0011,2023-09-16,150,516.0,110.27083,39.72917175292969
S004,P0011,2023-09-17,107,417.0,111.05228,-4.052276611328125
S004,P0011,2023-09-18,68,325.0,80.17916,-12.179161071777344
S004,P0011,2023-09-19,105,246.0,82.386,22.613998413085938
S004,P0011,2023-09-20,126,689.0,89.75193,36.248069763183594
S004,P0011,2023-09-21,90,566.0,80.26708,9.732917785644531
S004,P0011,2023-09-22,135,490.0,108.74082,26.259178161621094
S004,P0011,2023-09-23,113,394.0,83.8169,29.18309783935547
S004,P0011,2023-09-24,106,261.0,86.11809,19.881912231445312
S004,P0011,2023-09-25,134,154.0,92.09108,41.90892028808594
S004,P0011,2023-09-26,90,542.0,84.12149,5.878509521484375
S004,P0011,2023-09-27,115,487.0,89.3342,25.665802001953125
S004,P0011,2023-09-28,144,354.0,93.80779,50.19220733642578
S004,P0011,2023-09-29,38,245.0,106.82151,-68.8215103149414
S004,P0011,2023-09-30,117,204.0,89.51508,27.48491668701172
S004,P0011,2023-10-01,122,569.0,119.237206,2.7627944946289062
S004,P0011,2023-10-02,83,428.0,86.51403,-3.5140304565429688
S004,P0011,2023-10-03,112,330.0,91.411156,20.588844299316406
S004,P0011,2023-10-04,74,240.0,82.808,-8.807998657226562
S004,P0011,2023-10-05,127,194.0,93.350235,33.64976501464844
S004,P0011,2023-10-06,149,47.0,100.430565,48.569435119628906
S004,P0011,2023-10-07,127,447.0,111.404884,15.595115661621094
S004,P0011,2023-10-08,101,349.0,106.5856,-5.585601806640625
S004,P0011,2023-10-09,146,240.0,94.311295,51.68870544433594
S004,P0011,2023-10-10,38,688.0,97.76985,-59.76985168457031
S004,P0011,2023-10-11,102,653.0,70.56037,31.43962860107422
S004,P0011,2023-10-12,47,566.0,95.79995,-48.799949645996094
S004,P0011,2023-10-13,95,511.0,82.87208,12.127922058105469
S004,P0011,2023-10-14,114,423.0,83.96521,30.0347900390625
S004,P0011,2023-10-15,71,349.0,74.20882,-3.2088165283203125
S004,P0011,2023-10-16,95,282.0,76.57531,18.42469024658203
S004,P0011,2023-10-17,90,202.0,93.77474,-3.7747421264648438
S004,P0011,2023-10-18,52,498.0,70.81343,-18.813430786132812
S004,P0011,2023-10-19,95,453.0,89.93215,5.067848205566406
S004,P0011,2023-10-20,110,365.0,75.75963,34.24037170410156
S004,P0011,2023-10-21,111,261.0,100.022,10.977996826171875
S004,P0011,2023-10-22,58,166.0,74.14545,-16.14544677734375
S004,P0011,2023-10-23,147,569.0,99.90131,47.09868621826172
S004,P0011,2023-10-24,107,416.0,80.08745,26.912551879882812
S004,P0011,2023-10-25,58,341.0,84.30364,-26.30364227294922
S004,P0011,2023-10-26,158,273.0,119.08148,38.91851806640625
S004,P0011,2023-10-27,103,664.0,86.41471,16.585289001464844
S004,P0011,2023-10-28,121,551.0,92.057045,28.942955017089844
S004,P0011,2023-10-29,80,477.0,82.323425,-2.32342529296875
S004,P0011,2023-10-30,109,386.0,85.70171,23.29828643798828
S004,P0011,2023-10-31,74,291.0,82.040276,-8.040275573730469
S004,P0011,2023-11-01,161,704.0,97.25334,63.74665832519531
S004,P0011,2023-11-02,66,559.0,79.21655,-13.216552734375
S004,P0011,2023-11-03,119,503.0,91.57534,27.424659729003906
S004,P0011,2023-11-04,120,422.0,113.23644,6.763557434082031
S004,P0011,2023-11-05,89,1010.0,90.818344,-1.8183441162109375
S004,P0011,2023-11-06,91,945.0,111.3672,-20.367202758789062
S004,P0011,2023-11-07,143,864.0,101.596954,41.403045654296875
S004,P0011,2023-11-08,64,754.0,85.30216,-21.302162170410156
S004,P0011,2023-11-09,108,714.0,89.39523,18.604766845703125
S004,P0011,2023-11-10,116,646.0,88.01001,27.989990234375
S004,P0011,2023-11-11,199,518.0,122.564514,76.43548583984375
S004,P0011,2023-11-12,104,396.0,84.197815,19.80218505859375
S004,P0011,2023-11-13,77,331.0,85.24391,-8.243911743164062
S004,P0011,2023-11-14,68,247.0,87.0062,-19.006202697753906
S004,P0011,2023-11-15,124,1070.0,113.792076,10.207923889160156
S004,P0011,2023-11-16,125,996.0,95.09181,29.908187866210938
S004,P0011,2023-11-17,107,907.0,100.55744,6.442558288574219
S004,P0011,2023-11-18,77,781.0,102.8165,-25.816497802734375
S004,P0011,2023-11-19,77,719.0,84.33136,-7.33135986328125
S004,P0011,2023-11-20,121,627.0,89.49806,31.501937866210938
S004,P0011,2023-11-21,82,539.0,109.757034,-27.757034301757812
S004,P0011,2023-11-22,43,453.0,84.91455,-41.91455078125
S004,P0011,2023-11-23,102,405.0,88.41789,13.582107543945312
S004,P0011,2023-11-24,121,341.0,105.21056,15.789436340332031
S004,P0011,2023-11-25,148,219.0,116.071785,31.92821502685547
S004,P0011,2023-11-26,112,75.0,118.337776,-6.337776184082031
S004,P0011,2023-11-27,139,396.0,91.93926,47.06073760986328
S004,P0011,2023-11-28,118,245.0,87.512985,30.487014770507812
S004,P0011,2023-11-29,129,831.0,99.37265,29.627349853515625
S004,P0011,2023-11-30,62,702.0,84.3502,-22.350196838378906
S004,P0011,2023-12-01,206,654.0,126.05435,79.94564819335938
S004,P0011,2023-12-02,60,466.0,82.67057,-22.670570373535156
S004,P0011,2023-12-03,106,427.0,97.962746,8.037254333496094
S004,P0011,2023-12-04,102,346.0,122.794975,-20.79497528076172
S004,P0011,2023-12-05,145,1238.0,118.505905,26.494094848632812
S004,P0011,2023-12-06,183,1090.0,151.39377,31.606231689453125
S004,P0011,2023-12-07,190,930.0,152.75314,37.246856689453125
S004,P0011,2023-12-08,92,710.0,97.8091,-5.8090972900390625
S004,P0011,2023-12-09,124,628.0,125.05812,-1.0581207275390625
S004,P0011,2023-12-10,75,522.0,90.06198,-15.061981201171875
S004,P0011,2023-12-11,113,450.0,127.461,-14.46099853515625
S004,P0011,2023-12-12,93,375.0,104.207016,-11.207015991210938
S004,P0011,2023-12-13,122,273.0,103.715416,18.284584045410156
S004,P0011,2023-12-14,62,133.0,97.221115,-35.22111511230469
S004,P0011,2023-12-15,108,524.0,99.57695,8.423049926757812
S004,P0011,2023-12-16,101,414.0,125.97405,-24.97405242919922
S004,P0011,2023-12-17,175,327.0,105.82737,69.1726303100586
S004,P0011,2023-12-18,82,133.0,93.63181,-11.631813049316406
S004,P0011,2023-12-19,133,34.0,139.18211,-6.1821136474609375
S004,P0011,2023-12-20,77,446.0,95.221756,-18.221755981445312
S004,P0011,2023-12-21,91,364.0,91.28929,-0.2892913818359375
S004,P0011,2023-12-22,175,297.0,134.03279,40.96720886230469
S004,P0011,2023-12-23,108,709.0,100.535225,7.464775085449219
S004,P0011,2023-12-24,110,591.0,103.15288,6.8471221923828125
S004,P0011,2023-12-25,115,469.0,108.02405,6.9759521484375
S004,P0011,2023-12-26,153,371.0,124.2546,28.745399475097656
S004,P0011,2023-12-27,95,227.0,83.89604,11.103958129882812
S004,P0011,2023-12-28,59,143.0,74.570435,-15.5704345703125
S004,P0011,2023-12-29,189,606.0,89.99432,99.00567626953125
S004,P0011,2023-12-30,102,429.0,78.96849,23.031509399414062
S004,P0011,2023-12-31,120,316.0,87.7933,32.206703186035156
S004,P0011,2024-01-01,110,196.0,98.6255,11.374496459960938
S004,P0011,2024-01-02,108,867.0,83.01083,24.989166259765625
S004,P0011,2024-01-03,151,775.0,101.96191,49.03809356689453
S004,P0011,2024-01-04,114,644.0,104.822624,9.177375793457031
S004,P0011,2024-01-05,206,563.0,128.07146,77.92854309082031
S004,P0011,2024-01-06,209,340.0,125.08093,83.9190673828125
S004,P0011,2024-01-07,122,127.0,90.55312,31.446876525878906
S004,P0011,2024-01-08,161,37.0,115.88877,45.111228942871094
S004,P0011,2024-01-09,99,908.0,120.2248,-21.22480010986328
S004,P0011,2024-01-10,130,810.0,117.075615,12.924385070800781
S004,P0011,2024-01-11,262,671.0,168.2485,93.75149536132812
S004,P0011,2024-01-12,8,366.0,109.06942,-101.06941986083984
S004,P0011,2024-01-13,215,357.0,158.93962,56.06037902832031
S004,P0011,2024-01-14,120,173.0,117.2516,2.7483978271484375
S004,P0011,2024-01-15,158,1307.0,159.92677,-1.9267730712890625
S004,P0011,2024-01-16,80,1212.0,110.16888,-30.16887664794922
S004,P0011,2024-01-17,104,1146.0,139.45728,-35.457275390625
S004,P0011,2024-01-18,181,1040.0,124.06891,56.93109130859375
S004,P0011,2024-01-19,101,850.0,131.59222,-30.59222412109375
S004,P0011,2024-01-20,101,778.0,127.9814,-26.981399536132812
S004,P0011,2024-01-21,116,683.0,106.05221,9.947792053222656
S004,P0011,2024-01-22,168,604.0,110.578636,57.421363830566406
S004,P0011,2024-01-23,131,426.0,114.14238,16.857620239257812
S004,P0011,2024-01-24,82,280.0,95.16678,-13.166778564453125
S004,P0011,2024-01-25,153,221.0,114.55853,38.44146728515625
S004,P0011,2024-01-26,88,851.0,102.44901,-14.449012756347656
S004,P0011,2024-01-27,55,767.0,92.607,-37.60700225830078
S004,P0011,2024-01-28,55,720.0,96.04668,-41.04667663574219
S004,P0011,2024-01-29,97,680.0,101.84405,-4.844047546386719
S004,P0011,2024-01-30,96,596.0,98.01385,-2.0138473510742188
S004,P0012,2023-09-07,86,118.0,103.54097,-17.540969848632812
S004,P0012,2023-09-08,114,110.0,136.07693,-22.076934814453125
S004,P0012,2023-09-09,95,123.0,102.26309,-7.263092041015625
S004,P0012,2023-09-10,105,136.0,130.7892,-25.789199829101562
S004,P0012,2023-09-11,132,170.0,109.258675,22.74132537841797
S004,P0012,2023-09-12,35,221.0,92.06744,-57.06743621826172
S004,P0012,2023-09-13,60,185.0,118.949234,-58.94923400878906
S004,P0012,2023-09-14,154,117.0,132.23906,21.760940551757812
S004,P0012,2023-09-15,30,143.0,90.55545,-60.555450439453125
S004,P0012,2023-09-16,97,112.0,103.95091,-6.9509124755859375
S004,P0012,2023-09-17,165,129.0,140.64627,24.353729248046875
S004,P0012,2023-09-18,158,203.0,148.79996,9.200042724609375
S004,P0012,2023-09-19,70,27.0,100.72987,-30.729873657226562
S004,P0012,2023-09-20,84,75.0,100.91721,-16.917213439941406
S004,P0012,2023-09-21,23,97.0,90.478195,-67.47819519042969
S004,P0012,2023-09-22,164,82.0,163.52072,0.479278564453125
S004,P0012,2023-09-23,88,148.0,101.560135,-13.560134887695312
S004,P0012,2023-09-24,47,55.0,93.61885,-46.61885070800781
S004,P0012,2023-09-25,94,75.0,123.32917,-29.32917022705078
S004,P0012,2023-09-26,115,85.0,98.292435,16.707565307617188
S004,P0012,2023-09-27,70,98.0,98.52474,-28.524742126464844
S004,P0012,2023-09-28,192,94.0,141.5817,50.418304443359375
S004,P0012,2023-09-29,76,167.0,100.68731,-24.68730926513672
S004,P0012,2023-09-30,125,99.0,119.69779,5.302207946777344
S004,P0012,2023-10-01,93,106.0,105.59194,-12.591941833496094
S004,P0012,2023-10-02,115,98.0,148.27441,-33.2744140625
S004,P0012,2023-10-03,137,125.0,157.94229,-20.942291259765625
S004,P0012,2023-10-04,34,164.0,101.14615,-67.14614868164062
S004,P0012,2023-10-05,103,140.0,106.21479,-3.2147903442382812
S004,P0012,2023-10-06,70,150.0,99.84081,-29.84081268310547
S004,P0012,2023-10-07,46,90.0,95.468636,-49.46863555908203
S004,P0012,2023-10-08,47,49.0,78.71167,-31.711669921875
S004,P0012,2023-10-09,47,68.0,80.81096,-33.81095886230469
S004,P0012,2023-10-10,63,72.0,76.165245,-13.165245056152344
S004,P0012,2023-10-11,49,89.0,61.1049,-12.104900360107422
S004,P0012,2023-10-12,56,93.0,80.56526,-24.565261840820312
S004,P0012,2023-10-13,36,88.0,63.21122,-27.211219787597656
S004,P0012,2023-10-14,72,46.0,55.288567,16.71143341064453
S004,P0012,2023-10-15,61,81.0,51.156677,9.84332275390625
S004,P0012,2023-10-16,40,95.0,51.251408,-11.251407623291016
S004,P0012,2023-10-17,33,69.0,42.263485,-9.263484954833984
S004,P0012,2023-10-18,80,85.0,50.59866,29.40134048461914
S004,P0012,2023-10-19,88,108.0,48.00869,39.991310119628906
S004,P0012,2023-10-20,23,148.0,60.227573,-37.22757339477539
S004,P0012,2023-10-21,52,131.0,55.38971,-3.38970947265625
S004,P0012,2023-10-22,51,91.0,39.80117,11.198829650878906
S004,P0012,2023-10-23,70,111.0,41.830605,28.169395446777344
S004,P0012,2023-10-24,59,119.0,47.789127,11.210872650146484
S004,P0012,2023-10-25,108,73.0,85.920074,22.079925537109375
S004,P0012,2023-10-26,128,124.0,81.47572,46.52427673339844
S004,P0012,2023-10-27,119,147.0,68.28392,50.71607971191406
S004,P0012,2023-10-28,110,176.0,79.15443,30.84557342529297
S004,P0012,2023-10-29,49,60.0,70.14684,-21.14684295654297
S004,P0012,2023-10-30,90,65.0,74.85894,15.141059875488281
S004,P0012,2023-10-31,65,74.0,75.28869,-10.288688659667969
S004,P0012,2023-11-01,220,84.0,108.66019,111.33981323242188
S004,P0012,2023-11-02,115,189.0,89.62358,25.376419067382812
S004,P0012,2023-11-03,98,65.0,124.09029,-26.090286254882812
S004,P0012,2023-11-04,153,109.0,101.20515,51.79485321044922
S004,P0012,2023-11-05,41,161.0,97.76333,-56.763328552246094
S004,P0012,2023-11-06,92,116.0,95.82087,-3.8208694458007812
S004,P0012,2023-11-07,99,159.0,92.87979,6.120208740234375
S004,P0012,2023-11-08,92,59.0,88.26971,3.7302932739257812
S004,P0012,2023-11-09,133,102.0,113.23141,19.768592834472656
S004,P0012,2023-11-10,145,158.0,119.16658,25.833419799804688
S004,P0012,2023-11-11,133,196.0,92.31976,40.68023681640625
S004,P0012,2023-11-12,115,104.0,95.39809,19.601913452148438
S004,P0012,2023-11-13,106,123.0,100.50777,5.4922332763671875
S004,P0012,2023-11-14,169,162.0,153.794,15.20599365234375
S004,P0012,2023-11-15,87,158.0,116.02018,-29.020179748535156
S004,P0012,2023-11-16,113,102.0,119.124466,-6.1244659423828125
S004,P0012,2023-11-17,159,145.0,130.63701,28.362991333007812
S004,P0012,2023-11-18,202,214.0,171.46034,30.539657592773438
S004,P0012,2023-11-19,111,265.0,133.36983,-22.369827270507812
S004,P0012,2023-11-20,74,174.0,114.0243,-40.02429962158203
S004,P0012,2023-11-21,86,107.0,120.07722,-34.07721710205078
S004,P0012,2023-11-22,162,147.0,148.27644,13.723556518554688
S004,P0012,2023-11-23,214,196.0,195.93626,18.063735961914062
S004,P0012,2023-11-24,174,206.0,200.53726,-26.537261962890625
S004,P0012,2023-11-25,119,203.0,155.13985,-36.13984680175781
S004,P0012,2023-11-26,108,109.0,174.11232,-66.11231994628906
S004,P0012,2023-11-27,139,96.0,171.59857,-32.59857177734375
S004,P0012,2023-11-28,108,113.0,154.02011,-46.020111083984375
S004,P0012,2023-11-29,145,97.0,184.64128,-39.64128112792969
S004,P0012,2023-11-30,110,121.0,159.64758,-49.6475830078125
S004,P0012,2023-12-01,108,130.0,148.20248,-40.202484130859375
S004,P0012,2023-12-02,99,171.0,184.02332,-85.0233154296875
S004,P0012,2023-12-03,121,69.0,174.75778,-53.757781982421875
S004,P0012,2023-12-04,109,128.0,147.31662,-38.316619873046875
S004,P0012,2023-12-05,130,166.0,159.60983,-29.609832763671875
S004,P0012,2023-12-06,137,151.0,153.89641,-16.896408081054688
S004,P0012,2023-12-07,116,117.0,150.36668,-34.36668395996094
S004,P0012,2023-12-08,97,153.0,136.53448,-39.53448486328125
S004,P0012,2023-12-09,81,71.0,170.40952,-89.40951538085938
S004,P0012,2023-12-10,88,92.0,165.27342,-77.27342224121094
S004,P0012,2023-12-11,89,119.0,167.75844,-78.75843811035156
S004,P0012,2023-12-12,138,106.0,149.27328,-11.273284912109375
S004,P0012,2023-12-13,105,155.0,140.40398,-35.40397644042969
S004,P0012,2023-12-14,97,50.0,129.44102,-32.44102478027344
S004,P0012,2023-12-15,108,114.0,165.5391,-57.539093017578125
S004,P0012,2023-12-16,64,143.0,113.98508,-49.985076904296875
S004,P0012,2023-12-17,144,98.0,179.64552,-35.64552307128906
S004,P0012,2023-12-18,96,152.0,123.69964,-27.69963836669922
S004,P0012,2023-12-19,137,42.0,169.8149,-32.81489562988281
S004,P0012,2023-12-20,80,158.0,120.39602,-40.396018981933594
S004,P0012,2023-12-21,113,110.0,135.12514,-22.125137329101562
S004,P0012,2023-12-22,173,126.0,170.9973,2.0027008056640625
S004,P0012,2023-12-23,123,203.0,117.62638,5.373619079589844
S004,P0012,2023-12-24,51,127.0,113.76775,-62.76775360107422
S004,P0012,2023-12-25,160,67.0,167.85957,-7.8595733642578125
S004,P0012,2023-12-26,141,174.0,135.79529,5.2047119140625
S004,P0012,2023-12-27,65,200.0,105.60669,-40.606689453125
S004,P0012,2023-12-28,44,126.0,94.40365,-50.403648376464844
S004,P0012,2023-12-29,37,99.0,93.2452,-56.245201110839844
S004,P0012,2023-12-30,56,65.0,80.49434,-24.494338989257812
S004,P0012,2023-12-31,49,70.0,85.85183,-36.851829528808594
S004,P0012,2024-01-01,74,86.0,49.84348,24.15652084350586
S004,P0012,2024-01-02,67,122.0,58.21218,8.787818908691406
S004,P0012,2024-01-03,80,69.0,51.507664,28.49233627319336
S004,P0012,2024-01-04,45,83.0,48.185505,-3.185504913330078
S004,P0012,2024-01-05,65,92.0,44.73035,20.269649505615234
S004,P0012,2024-01-06,49,104.0,55.791046,-6.791046142578125
S004,P0012,2024-01-07,75,67.0,68.78167,6.218330383300781
S004,P0012,2024-01-08,36,73.0,51.434692,-15.4346923828125
S004,P0012,2024-01-09,147,91.0,97.05997,49.940032958984375
S004,P0012,2024-01-10,121,169.0,77.1828,43.81719970703125
S004,P0012,2024-01-11,190,27.0,112.1795,77.82050323486328
S004,P0012,2024-01-12,98,153.0,121.82263,-23.8226318359375
S004,P0012,2024-01-13,189,49.0,133.75418,55.245819091796875
S004,P0012,2024-01-14,128,214.0,113.45372,14.546279907226562
S004,P0012,2024-01-15,90,70.0,120.08133,-30.081329345703125
S004,P0012,2024-01-16,90,97.0,111.60632,-21.6063232421875
S004,P0012,2024-01-17,109,127.0,140.4558,-31.455795288085938
S004,P0012,2024-01-18,144,145.0,134.61711,9.382888793945312
S004,P0012,2024-01-19,66,133.0,104.47207,-38.472068786621094
S004,P0012,2024-01-20,159,93.0,108.59254,50.40746307373047
S004,P0012,2024-01-21,79,173.0,99.80661,-20.806610107421875
S004,P0012,2024-01-22,107,115.0,140.7723,-33.77229309082031
S004,P0012,2024-01-23,99,135.0,134.07704,-35.07704162597656
S004,P0012,2024-01-24,87,160.0,102.2232,-15.223197937011719
S004,P0012,2024-01-25,120,93.0,123.13288,-3.1328811645507812
S004,P0012,2024-01-26,81,120.0,104.43416,-23.434158325195312
S004,P0012,2024-01-27,51,123.0,95.10826,-44.10826110839844
S004,P0012,2024-01-28,146,67.0,102.9385,43.061500549316406
S004,P0012,2024-01-29,166,159.0,109.19031,56.8096923828125
S004,P0012,2024-01-30,91,201.0,101.96016,-10.960159301757812
S004,P0013,2023-09-07,91,363.0,103.27015,-12.270149230957031
S004,P0013,2023-09-08,104,304.0,98.65779,5.3422088623046875
S004,P0013,2023-09-09,127,183.0,129.25142,-2.2514190673828125
S004,P0013,2023-09-10,89,331.0,126.84916,-37.849159240722656
S004,P0013,2023-09-11,87,261.0,109.32575,-22.32575225830078
S004,P0013,2023-09-12,140,553.0,111.85109,28.148910522460938
S004,P0013,2023-09-13,108,433.0,98.2554,9.744598388671875
S004,P0013,2023-09-14,159,358.0,120.7057,38.29429626464844
S004,P0013,2023-09-15,75,244.0,133.54506,-58.54505920410156
S004,P0013,2023-09-16,160,194.0,131.6731,28.326904296875
S004,P0013,2023-09-17,111,435.0,99.11795,11.882049560546875
S004,P0013,2023-09-18,118,356.0,105.29927,12.700729370117188
S004,P0013,2023-09-19,133,217.0,103.11961,29.880386352539062
S004,P0013,2023-09-20,72,93.0,84.54025,-12.540252685546875
S004,P0013,2023-09-21,71,398.0,84.82353,-13.823532104492188
S004,P0013,2023-09-22,137,340.0,122.58745,14.412551879882812
S004,P0013,2023-09-23,73,226.0,87.78523,-14.785232543945312
S004,P0013,2023-09-24,137,153.0,110.84536,26.154640197753906
S004,P0013,2023-09-25,95,380.0,90.74184,4.2581634521484375
S004,P0013,2023-09-26,128,308.0,125.054955,2.9450454711914062
S004,P0013,2023-09-27,47,176.0,101.79369,-54.79369354248047
S004,P0013,2023-09-28,91,457.0,88.91958,2.0804214477539062
S004,P0013,2023-09-29,95,361.0,89.36968,5.630317687988281
S004,P0013,2023-09-30,107,253.0,92.06948,14.930519104003906
S004,P0013,2023-10-01,110,133.0,83.40888,26.59111785888672
S004,P0013,2023-10-02,169,324.0,123.19016,45.809837341308594
S004,P0013,2023-10-03,200,185.0,127.14013,72.85987091064453
S004,P0013,2023-10-04,143,0.0,99.14971,43.85028839111328
S004,P0013,2023-10-05,127,409.0,100.47258,26.527420043945312
S004,P0013,2023-10-06,145,867.0,111.661285,33.338714599609375
S004,P0013,2023-10-07,78,765.0,79.970215,-1.97021484375
S004,P0013,2023-10-08,61,681.0,83.99525,-22.99524688720703
S004,P0013,2023-10-09,110,633.0,78.56392,31.436080932617188
S004,P0013,2023-10-10,81,523.0,97.592865,-16.592864990234375
S004,P0013,2023-10-11,78,469.0,72.962,5.038002014160156
S004,P0013,2023-10-12,96,419.0,98.151024,-2.1510238647460938
S004,P0013,2023-10-13,54,338.0,78.43792,-24.43791961669922
S004,P0013,2023-10-14,66,275.0,81.01743,-15.017433166503906
S004,P0013,2023-10-15,117,206.0,83.276855,33.72314453125
S004,P0013,2023-10-16,117,97.0,91.799034,25.200965881347656
S004,P0013,2023-10-17,51,219.0,88.9363,-37.936302185058594
S004,P0013,2023-10-18,51,509.0,72.02906,-21.02906036376953
S004,P0013,2023-10-19,58,453.0,71.483505,-13.483505249023438
S004,P0013,2023-10-20,82,383.0,89.22948,-7.2294769287109375
S004,P0013,2023-10-21,41,315.0,74.09904,-33.099037170410156
S004,P0013,2023-10-22,84,280.0,92.66323,-8.663230895996094
S004,P0013,2023-10-23,56,219.0,83.09445,-27.094451904296875
S004,P0013,2023-10-24,35,163.0,59.18413,-24.184131622314453
S004,P0013,2023-10-25,261,363.0,105.07627,155.9237289428711
S004,P0013,2023-10-26,117,75.0,103.53464,13.465362548828125
S004,P0013,2023-10-27,80,0.0,92.87913,-12.879127502441406
S004,P0013,2023-10-28,57,711.0,94.50665,-37.50665283203125
S004,P0013,2023-10-29,115,671.0,108.11881,6.881187438964844
S004,P0013,2023-10-30,83,576.0,99.76348,-16.76348114013672
S004,P0013,2023-10-31,71,518.0,106.26932,-35.269317626953125
S004,P0013,2023-11-01,209,446.0,114.64508,94.35491943359375
S004,P0013,2023-11-02,160,252.0,99.80878,60.19122314453125
S004,P0013,2023-11-03,109,147.0,86.71654,22.283462524414062
S004,P0013,2023-11-04,103,527.0,91.741394,11.25860595703125
S004,P0013,2023-11-05,161,414.0,133.97675,27.02325439453125
S004,P0013,2023-11-06,97,227.0,99.48633,-2.486328125
S004,P0013,2023-11-07,102,125.0,92.23439,9.765609741210938
S004,P0013,2023-11-08,161,416.0,139.94333,21.056671142578125
S004,P0013,2023-11-09,136,286.0,96.90271,39.0972900390625
S004,P0013,2023-11-10,111,186.0,86.76191,24.23809051513672
S004,P0013,2023-11-11,126,526.0,95.20262,30.797378540039062
S004,P0013,2023-11-12,188,377.0,97.204544,90.79545593261719
S004,P0013,2023-11-13,121,160.0,84.31155,36.688453674316406
S004,P0013,2023-11-14,112,45.0,121.285515,-9.285514831542969
S004,P0013,2023-11-15,134,643.0,97.34268,36.657318115234375
S004,P0013,2023-11-16,4,517.0,136.36768,-132.36767578125
S004,P0013,2023-11-17,91,513.0,85.19989,5.80010986328125
S004,P0013,2023-11-18,126,454.0,122.995926,3.0040740966796875
S004,P0013,2023-11-19,93,335.0,90.85092,2.149078369140625
S004,P0013,2023-11-20,33,246.0,120.95461,-87.9546127319336
S004,P0013,2023-11-21,104,610.0,110.60668,-6.606681823730469
S004,P0013,2023-11-22,90,534.0,86.99464,3.0053634643554688
S004,P0013,2023-11-23,122,468.0,122.27503,-0.27503204345703125
S004,P0013,2023-11-24,71,368.0,86.08443,-15.084426879882812
S004,P0013,2023-11-25,82,292.0,112.3754,-30.375396728515625
S004,P0013,2023-11-26,50,198.0,93.72039,-43.72039031982422
S004,P0013,2023-11-27,133,161.0,87.499535,45.500465393066406
S004,P0013,2023-11-28,89,294.0,88.84519,0.15480804443359375
S004,P0013,2023-11-29,155,239.0,97.3787,57.621299743652344
S004,P0013,2023-11-30,173,398.0,95.963,77.03700256347656
S004,P0013,2023-12-01,112,209.0,104.03483,7.965171813964844
S004,P0013,2023-12-02,116,530.0,122.53076,-6.53076171875
S004,P0013,2023-12-03,110,414.0,96.56626,13.433738708496094
S004,P0013,2023-12-04,112,324.0,126.9108,-14.910797119140625
S004,P0013,2023-12-05,196,201.0,131.38947,64.61053466796875
S004,P0013,2023-12-06,120,429.0,129.87096,-9.870956420898438
S004,P0013,2023-12-07,165,307.0,99.410545,65.5894546508789
S004,P0013,2023-12-08,85,823.0,101.08014,-16.08013916015625
S004,P0013,2023-12-09,127,722.0,105.65105,21.348953247070312
S004,P0013,2023-12-10,79,574.0,89.889915,-10.889915466308594
S004,P0013,2023-12-11,128,489.0,94.85169,33.14830780029297
S004,P0013,2023-12-12,157,362.0,96.637375,60.36262512207031
S004,P0013,2023-12-13,194,255.0,137.96921,56.030792236328125
S004,P0013,2023-12-14,186,68.0,88.20066,97.7993392944336
S004,P0013,2023-12-15,117,477.0,97.44004,19.559959411621094
S004,P0013,2023-12-16,4,338.0,109.79453,-105.7945327758789
S004,P0013,2023-12-17,176,966.0,140.80147,35.19853210449219
S004,P0013,2023-12-18,131,756.0,113.1939,17.80609893798828
S004,P0013,2023-12-19,77,601.0,99.643654,-22.643653869628906
S004,P0013,2023-12-20,148,548.0,140.36977,7.6302337646484375
S004,P0013,2023-12-21,148,381.0,107.19724,40.802757263183594
S004,P0013,2023-12-22,118,255.0,129.06094,-11.060943603515625
S004,P0013,2023-12-23,182,155.0,122.99943,59.000572204589844
S004,P0013,2023-12-24,130,510.0,99.07033,30.929672241210938
S004,P0013,2023-12-25,83,363.0,111.5366,-28.536598205566406
S004,P0013,2023-12-26,96,963.0,100.23943,-4.239433288574219
S004,P0013,2023-12-27,86,894.0,97.47786,-11.477859497070312
S004,P0013,2023-12-28,48,823.0,80.91162,-32.91162109375
S004,P0013,2023-12-29,94,782.0,64.88964,29.11035919189453
S004,P0013,2023-12-30,62,707.0,69.85032,-7.850318908691406
S004,P0013,2023-12-31,47,655.0,74.70695,-27.706947326660156
S004,P0013,2024-01-01,116,621.0,59.820602,56.17939758300781
S004,P0013,2024-01-02,105,531.0,88.63262,16.36737823486328
S004,P0013,2024-01-03,87,424.0,63.432564,23.56743621826172
S004,P0013,2024-01-04,45,328.0,63.222553,-18.222553253173828
S004,P0013,2024-01-05,114,301.0,76.74266,37.25733947753906
S004,P0013,2024-01-06,67,165.0,51.917786,15.08221435546875
S004,P0013,2024-01-07,89,90.0,75.282486,13.717514038085938
S004,P0013,2024-01-08,87,437.0,49.417,37.58300018310547
S004,P0013,2024-01-09,111,373.0,112.065346,-1.0653457641601562
S004,P0013,2024-01-10,161,305.0,115.03763,45.962371826171875
S004,P0013,2024-01-11,144,174.0,91.464516,52.535484313964844
S004,P0013,2024-01-12,76,439.0,87.35657,-11.3565673828125
S004,P0013,2024-01-13,85,374.0,89.00284,-4.002838134765625
S004,P0013,2024-01-14,101,313.0,87.49021,13.509788513183594
S004,P0013,2024-01-15,59,218.0,87.19883,-28.198829650878906
S004,P0013,2024-01-16,122,161.0,118.55644,3.4435577392578125
S004,P0013,2024-01-17,173,285.0,120.82438,52.175621032714844
S004,P0013,2024-01-18,107,139.0,92.64617,14.353828430175781
S004,P0013,2024-01-19,55,412.0,87.85635,-32.856353759765625
S004,P0013,2024-01-20,143,360.0,101.37659,41.6234130859375
S004,P0013,2024-01-21,51,262.0,94.19815,-43.198150634765625
S004,P0013,2024-01-22,158,219.0,96.57675,61.423248291015625
S004,P0013,2024-01-23,153,545.0,125.35353,27.646469116210938
S004,P0013,2024-01-24,94,380.0,89.64675,4.353248596191406
S004,P0013,2024-01-25,212,319.0,132.32584,79.67416381835938
S004,P0013,2024-01-26,146,505.0,106.19688,39.803123474121094
S004,P0013,2024-01-27,151,390.0,129.0014,21.99859619140625
S004,P0013,2024-01-28,146,255.0,109.29521,36.70478820800781
S004,P0013,2024-01-29,120,464.0,99.82574,20.17426300048828
S004,P0013,2024-01-30,34,389.0,99.90861,-65.90860748291016
S004,P0014,2023-09-07,97,281.0,111.754585,-14.754585266113281
S004,P0014,2023-09-08,66,209.0,84.808266,-18.808265686035156
S004,P0014,2023-09-09,82,156.0,83.84335,-1.843353271484375
S004,P0014,2023-09-10,92,66.0,92.88179,-0.8817901611328125
S004,P0014,2023-09-11,42,172.0,105.3968,-63.39679718017578
S004,P0014,2023-09-12,87,297.0,87.6292,-0.6292037963867188
S004,P0014,2023-09-13,82,241.0,111.70342,-29.70342254638672
S004,P0014,2023-09-14,85,174.0,84.9064,0.093597412109375
S004,P0014,2023-09-15,47,73.0,105.039,-58.03900146484375
S004,P0014,2023-09-16,70,222.0,82.1311,-12.131103515625
S004,P0014,2023-09-17,57,175.0,78.47248,-21.47248077392578
S004,P0014,2023-09-18,102,106.0,115.1112,-13.111198425292969
S004,P0014,2023-09-19,59,12.0,80.97404,-21.974037170410156
S004,P0014,2023-09-20,108,212.0,97.94059,10.059410095214844
S004,P0014,2023-09-21,107,123.0,108.906044,-1.9060440063476562
S004,P0014,2023-09-22,102,182.0,94.92235,7.0776519775390625
S004,P0014,2023-09-23,113,72.0,119.11498,-6.114982604980469
S004,P0014,2023-09-24,64,229.0,81.71535,-17.715347290039062
S004,P0014,2023-09-25,74,189.0,81.61775,-7.6177520751953125
S004,P0014,2023-09-26,106,128.0,121.716064,-15.716064453125
S004,P0014,2023-09-27,97,176.0,111.512665,-14.512664794921875
S004,P0014,2023-09-28,131,75.0,121.887596,9.112403869628906
S004,P0014,2023-09-29,84,158.0,84.65937,-0.6593704223632812
S004,P0014,2023-09-30,65,320.0,83.385414,-18.385414123535156
S004,P0014,2023-10-01,71,245.0,81.31697,-10.316970825195312
S004,P0014,2023-10-02,70,171.0,88.423935,-18.423934936523438
S004,P0014,2023-10-03,108,112.0,103.29235,4.707649230957031
S004,P0014,2023-10-04,65,136.0,80.60581,-15.605812072753906
S004,P0014,2023-10-05,145,304.0,114.71054,30.289459228515625
S004,P0014,2023-10-06,130,183.0,122.469345,7.5306549072265625
S004,P0014,2023-10-07,29,353.0,94.33384,-65.3338394165039
S004,P0014,2023-10-08,19,328.0,82.629654,-63.62965393066406
S004,P0014,2023-10-09,87,317.0,86.757965,0.242034912109375
S004,P0014,2023-10-10,25,257.0,80.002594,-55.002593994140625
S004,P0014,2023-10-11,53,229.0,75.2246,-22.22460174560547
S004,P0014,2023-10-12,62,173.0,92.84725,-30.847251892089844
S004,P0014,2023-10-13,32,101.0,47.301933,-15.301933288574219
S004,P0014,2023-10-14,42,223.0,48.769905,-6.769905090332031
S004,P0014,2023-10-15,57,197.0,49.19072,7.8092803955078125
S004,P0014,2023-10-16,55,154.0,47.202435,7.797565460205078
S004,P0014,2023-10-17,29,105.0,54.140476,-25.14047622680664
S004,P0014,2023-10-18,26,199.0,52.821583,-26.821582794189453
S004,P0014,2023-10-19,45,171.0,53.02586,-8.025859832763672
S004,P0014,2023-10-20,30,136.0,41.083706,-11.08370590209961
S004,P0014,2023-10-21,40,117.0,38.586655,1.4133453369140625
S004,P0014,2023-10-22,41,84.0,52.646996,-11.646995544433594
S004,P0014,2023-10-23,43,134.0,44.914196,-1.9141960144042969
S004,P0014,2023-10-24,23,91.0,34.666702,-11.666702270507812
S004,P0014,2023-10-25,121,180.0,112.32143,8.678573608398438
S004,P0014,2023-10-26,113,69.0,111.19503,1.8049697875976562
S004,P0014,2023-10-27,85,268.0,93.09633,-8.096328735351562
S004,P0014,2023-10-28,63,196.0,75.11891,-12.118911743164062
S004,P0014,2023-10-29,65,155.0,74.69355,-9.693550109863281
S004,P0014,2023-10-30,63,79.0,74.14917,-11.149169921875
S004,P0014,2023-10-31,90,165.0,90.86241,-0.8624114990234375
S004,P0014,2023-11-01,55,94.0,74.51662,-19.516616821289062
S004,P0014,2023-11-02,85,215.0,105.43031,-20.430313110351562
S004,P0014,2023-11-03,123,145.0,116.555145,6.444854736328125
S004,P0014,2023-11-04,144,257.0,137.71446,6.2855377197265625
S004,P0014,2023-11-05,50,114.0,108.62561,-58.6256103515625
S004,P0014,2023-11-06,70,304.0,85.88149,-15.881492614746094
S004,P0014,2023-11-07,83,230.0,89.47498,-6.474983215332031
S004,P0014,2023-11-08,94,165.0,112.86811,-18.86811065673828
S004,P0014,2023-11-09,91,85.0,88.724464,2.2755355834960938
S004,P0014,2023-11-10,133,244.0,121.9286,11.071403503417969
S004,P0014,2023-11-11,144,95.0,135.37535,8.624649047851562
S004,P0014,2023-11-12,58,278.0,118.63928,-60.6392822265625
S004,P0014,2023-11-13,49,229.0,84.05412,-35.05412292480469
S004,P0014,2023-11-14,95,195.0,116.74161,-21.741607666015625
S004,P0014,2023-11-15,134,101.0,127.80362,6.196380615234375
S004,P0014,2023-11-16,51,205.0,87.55226,-36.55226135253906
S004,P0014,2023-11-17,105,373.0,108.36006,-3.3600616455078125
S004,P0014,2023-11-18,102,281.0,92.56112,9.438880920410156
S004,P0014,2023-11-19,62,219.0,81.792114,-19.7921142578125
S004,P0014,2023-11-20,51,173.0,79.98083,-28.98082733154297
S004,P0014,2023-11-21,108,125.0,92.75803,15.241966247558594
S004,P0014,2023-11-22,68,24.0,80.553894,-12.55389404296875
S004,P0014,2023-11-23,55,229.0,82.51207,-27.512069702148438
S004,P0014,2023-11-24,68,169.0,80.952545,-12.952545166015625
S004,P0014,2023-11-25,57,126.0,77.704414,-20.70441436767578
S004,P0014,2023-11-26,54,211.0,77.78494,-23.784942626953125
S004,P0014,2023-11-27,68,147.0,78.03563,-10.035629272460938
S004,P0014,2023-11-28,104,92.0,96.63144,7.368560791015625
S004,P0014,2023-11-29,25,137.0,77.32722,-52.32721710205078
S004,P0014,2023-11-30,97,321.0,105.54817,-8.548171997070312
S004,P0014,2023-12-01,62,210.0,78.0406,-16.040603637695312
S004,P0014,2023-12-02,49,154.0,74.20232,-25.202316284179688
S004,P0014,2023-12-03,69,106.0,104.90669,-35.90669250488281
S004,P0014,2023-12-04,102,157.0,108.53888,-6.53887939453125
S004,P0014,2023-12-05,59,58.0,81.98167,-22.981666564941406
S004,P0014,2023-12-06,24,247.0,76.2083,-52.20829772949219
S004,P0014,2023-12-07,54,232.0,75.698746,-21.698745727539062
S004,P0014,2023-12-08,66,192.0,77.15376,-11.153762817382812
S004,P0014,2023-12-09,137,142.0,134.9463,2.0536956787109375
S004,P0014,2023-12-10,66,53.0,108.76615,-42.766151428222656
S004,P0014,2023-12-11,82,312.0,109.757164,-27.757164001464844
S004,P0014,2023-12-12,65,244.0,108.59528,-43.59528350830078
S004,P0014,2023-12-13,87,199.0,81.096794,5.903205871582031
S004,P0014,2023-12-14,92,145.0,111.540405,-19.5404052734375
S004,P0014,2023-12-15,41,276.0,85.15127,-44.151268005371094
S004,P0014,2023-12-16,177,243.0,160.48788,16.512115478515625
S004,P0014,2023-12-17,43,55.0,81.4862,-38.48619842529297
S004,P0014,2023-12-18,49,343.0,86.57501,-37.57501220703125
S004,P0014,2023-12-19,53,296.0,79.77457,-26.774566650390625
S004,P0014,2023-12-20,71,245.0,77.95016,-6.950157165527344
S004,P0014,2023-12-21,107,166.0,116.67416,-9.674156188964844
S004,P0014,2023-12-22,44,101.0,84.647125,-40.647125244140625
S004,P0014,2023-12-23,89,260.0,107.25104,-18.25103759765625
S004,P0014,2023-12-24,149,178.0,143.05798,5.9420166015625
S004,P0014,2023-12-25,72,15.0,86.82629,-14.826286315917969
S004,P0014,2023-12-26,41,346.0,86.556175,-45.556175231933594
S004,P0014,2023-12-27,17,300.0,58.24713,-41.24713134765625
S004,P0014,2023-12-28,37,288.0,59.02909,-22.029090881347656
S004,P0014,2023-12-29,29,260.0,46.647266,-17.647266387939453
S004,P0014,2023-12-30,36,240.0,31.447197,4.552803039550781
S004,P0014,2023-12-31,27,217.0,39.670452,-12.670452117919922
S004,P0014,2024-01-01,64,198.0,44.302982,19.697017669677734
S004,P0014,2024-01-02,15,136.0,32.942196,-17.942195892333984
S004,P0014,2024-01-03,57,120.0,32.565575,24.434425354003906
S004,P0014,2024-01-04,42,53.0,42.72129,-0.7212905883789062
S004,P0014,2024-01-05,43,145.0,45.608734,-2.608734130859375
S004,P0014,2024-01-06,51,100.0,45.8592,5.140800476074219
S004,P0014,2024-01-07,30,67.0,42.806206,-12.806205749511719
S004,P0014,2024-01-08,32,149.0,33.03336,-1.0333595275878906
S004,P0014,2024-01-09,74,112.0,96.64592,-22.645919799804688
S004,P0014,2024-01-10,69,57.0,90.81779,-21.817787170410156
S004,P0014,2024-01-11,101,179.0,112.408455,-11.408454895019531
S004,P0014,2024-01-12,86,68.0,94.93442,-8.934417724609375
S004,P0014,2024-01-13,117,169.0,108.15002,8.849983215332031
S004,P0014,2024-01-14,104,237.0,99.64005,4.359947204589844
S004,P0014,2024-01-15,54,158.0,77.907814,-23.907814025878906
S004,P0014,2024-01-16,108,326.0,123.23591,-15.235908508300781
S004,P0014,2024-01-17,70,229.0,80.81538,-10.815376281738281
S004,P0014,2024-01-18,82,157.0,114.832115,-32.832115173339844
S004,P0014,2024-01-19,78,63.0,110.62035,-32.62035369873047
S004,P0014,2024-01-20,110,199.0,115.04313,-5.043128967285156
S004,P0014,2024-01-21,110,68.0,122.41944,-12.419441223144531
S004,P0014,2024-01-22,103,218.0,115.449265,-12.449264526367188
S004,P0014,2024-01-23,90,137.0,84.68096,5.319038391113281
S004,P0014,2024-01-24,65,238.0,80.10949,-15.109489440917969
S004,P0014,2024-01-25,57,167.0,79.666695,-22.66669464111328
S004,P0014,2024-01-26,85,111.0,92.332924,-7.332923889160156
S004,P0014,2024-01-27,112,148.0,113.31357,-1.313568115234375
S004,P0014,2024-01-28,126,45.0,115.92617,10.073829650878906
S004,P0014,2024-01-29,83,252.0,83.72615,-0.7261505126953125
S004,P0014,2024-01-30,39,379.0,81.21503,-42.21502685546875
S004,P0015,2023-09-07,53,339.0,80.09421,-27.094207763671875
S004,P0015,2023-09-08,25,281.0,71.20019,-46.20018768310547
S004,P0015,2023-09-09,112,265.0,80.7756,31.224403381347656
S004,P0015,2023-09-10,100,185.0,64.059265,35.94073486328125
S004,P0015,2023-09-11,107,75.0,68.31894,38.681060791015625
S004,P0015,2023-09-12,68,327.0,63.579384,4.420616149902344
S004,P0015,2023-09-13,61,250.0,62.773796,-1.7737960815429688
S004,P0015,2023-09-14,136,569.0,82.59216,53.4078369140625
S004,P0015,2023-09-15,59,454.0,63.34249,-4.342491149902344
S004,P0015,2023-09-16,93,390.0,65.295715,27.70428466796875
S004,P0015,2023-09-17,59,288.0,66.80473,-7.8047332763671875
S004,P0015,2023-09-18,52,240.0,81.84575,-29.845748901367188
S004,P0015,2023-09-19,67,184.0,61.537327,5.462673187255859
S004,P0015,2023-09-20,60,113.0,63.17505,-3.175048828125
S004,P0015,2023-09-21,34,233.0,59.719322,-25.719322204589844
S004,P0015,2023-09-22,120,193.0,80.218506,39.781494140625
S004,P0015,2023-09-23,118,108.0,84.86574,33.13426208496094
S004,P0015,2023-09-24,77,0.0,59.764606,17.235393524169922
S004,P0015,2023-09-25,77,313.0,63.48317,13.516830444335938
S004,P0015,2023-09-26,88,661.0,62.177006,25.822994232177734
S004,P0015,2023-09-27,89,600.0,78.93477,10.065231323242188
S004,P0015,2023-09-28,123,515.0,82.55753,40.442466735839844
S004,P0015,2023-09-29,83,367.0,72.13233,10.867668151855469
S004,P0015,2023-09-30,82,278.0,64.95653,17.043472290039062
S004,P0015,2023-10-01,102,182.0,85.13512,16.864883422851562
S004,P0015,2023-10-02,72,64.0,68.28758,3.7124176025390625
S004,P0015,2023-10-03,74,253.0,69.09523,4.9047698974609375
S004,P0015,2023-10-04,50,167.0,66.56011,-16.56011199951172
S004,P0015,2023-10-05,59,119.0,65.078865,-6.078865051269531
S004,P0015,2023-10-06,137,274.0,84.3642,52.63580322265625
S004,P0015,2023-10-07,38,190.0,93.0205,-55.02050018310547
S004,P0015,2023-10-08,12,147.0,77.06668,-65.06668090820312
S004,P0015,2023-10-09,46,474.0,62.637142,-16.637142181396484
S004,P0015,2023-10-10,53,432.0,35.47397,17.526031494140625
S004,P0015,2023-10-11,19,394.0,38.45952,-19.459518432617188
S004,P0015,2023-10-12,31,379.0,38.565163,-7.565162658691406
S004,P0015,2023-10-13,29,350.0,24.629013,4.3709869384765625
S004,P0015,2023-10-14,74,319.0,30.68887,43.31113052368164
S004,P0015,2023-10-15,68,265.0,45.12806,22.87194061279297
S004,P0015,2023-10-16,72,219.0,37.5088,34.4911994934082
S004,P0015,2023-10-17,39,160.0,37.943264,1.0567359924316406
S004,P0015,2023-10-18,75,320.0,34.974834,40.02516555786133
S004,P0015,2023-10-19,44,271.0,42.071056,1.9289436340332031
S004,P0015,2023-10-20,40,225.0,45.856556,-5.856555938720703
S004,P0015,2023-10-21,16,198.0,52.63689,-36.63689041137695
S004,P0015,2023-10-22,46,187.0,48.737423,-2.7374229431152344
S004,P0015,2023-10-23,23,149.0,34.250813,-11.250812530517578
S004,P0015,2023-10-24,42,135.0,40.119728,1.8802719116210938
S004,P0015,2023-10-25,42,216.0,54.60551,-12.605510711669922
S004,P0015,2023-10-26,79,174.0,79.933464,-0.9334640502929688
S004,P0015,2023-10-27,87,104.0,65.85634,21.143661499023438
S004,P0015,2023-10-28,6,199.0,112.01775,-106.01775360107422
S004,P0015,2023-10-29,83,406.0,63.618652,19.38134765625
S004,P0015,2023-10-30,55,322.0,56.61414,-1.6141395568847656
S004,P0015,2023-10-31,86,269.0,57.633194,28.366806030273438
S004,P0015,2023-11-01,80,215.0,77.54328,2.4567184448242188
S004,P0015,2023-11-02,106,147.0,79.91355,26.086448669433594
S004,P0015,2023-11-03,69,301.0,67.34437,1.6556320190429688
S004,P0015,2023-11-04,19,251.0,59.96048,-40.960479736328125
S004,P0015,2023-11-05,94,524.0,60.30047,33.69953155517578
S004,P0015,2023-11-06,81,459.0,59.851643,21.148357391357422
S004,P0015,2023-11-07,49,404.0,59.073376,-10.073375701904297
S004,P0015,2023-11-08,93,372.0,56.82693,36.17306900024414
S004,P0015,2023-11-09,67,299.0,59.55987,7.440128326416016
S004,P0015,2023-11-10,66,245.0,60.143356,5.8566436767578125
S004,P0015,2023-11-11,107,517.0,77.2598,29.740196228027344
S004,P0015,2023-11-12,93,389.0,62.760765,30.239234924316406
S004,P0015,2023-11-13,76,333.0,62.956314,13.043685913085938
S004,P0015,2023-11-14,93,256.0,62.996223,30.00377655029297
S004,P0015,2023-11-15,94,176.0,68.620285,25.379714965820312
S004,P0015,2023-11-16,75,63.0,66.376884,8.623115539550781
S004,P0015,2023-11-17,29,294.0,63.585075,-34.58507537841797
S004,P0015,2023-11-18,105,273.0,61.726185,43.2738151550293
S004,P0015,2023-11-19,97,182.0,67.012276,29.98772430419922
S004,P0015,2023-11-20,95,108.0,79.87563,15.124366760253906
S004,P0015,2023-11-21,81,275.0,77.45544,3.5445632934570312
S004,P0015,2023-11-22,149,203.0,81.50518,67.49481964111328
S004,P0015,2023-11-23,69,80.0,94.70529,-25.705291748046875
S004,P0015,2023-11-24,29,319.0,66.903946,-37.90394592285156
S004,P0015,2023-11-25,60,661.0,66.55805,-6.558052062988281
S004,P0015,2023-11-26,60,589.0,89.46528,-29.46527862548828
S004,P0015,2023-11-27,47,525.0,81.388336,-34.388336181640625
S004,P0015,2023-11-28,113,475.0,77.51531,35.48468780517578
S004,P0015,2023-11-29,85,384.0,62.62761,22.372390747070312
S004,P0015,2023-11-30,60,297.0,62.07294,-2.0729408264160156
S004,P0015,2023-12-01,61,244.0,61.685772,-0.6857719421386719
S004,P0015,2023-12-02,110,172.0,81.59755,28.402450561523438
S004,P0015,2023-12-03,112,57.0,84.51203,27.48796844482422
S004,P0015,2023-12-04,89,150.0,74.65795,14.342048645019531
S004,P0015,2023-12-05,98,345.0,69.03925,28.96074676513672
S004,P0015,2023-12-06,95,267.0,95.1383,-0.13829803466796875
S004,P0015,2023-12-07,34,181.0,79.021614,-45.02161407470703
S004,P0015,2023-12-08,51,438.0,61.585243,-10.585243225097656
S004,P0015,2023-12-09,87,388.0,67.4664,19.533599853515625
S004,P0015,2023-12-10,53,309.0,62.58154,-9.581539154052734
S004,P0015,2023-12-11,30,248.0,72.50113,-42.501129150390625
S004,P0015,2023-12-12,35,213.0,60.218697,-25.21869659423828
S004,P0015,2023-12-13,68,190.0,69.98839,-1.9883880615234375
S004,P0015,2023-12-14,96,133.0,71.84227,24.157730102539062
S004,P0015,2023-12-15,50,72.0,61.541237,-11.541236877441406
S004,P0015,2023-12-16,119,274.0,75.85317,43.146827697753906
S004,P0015,2023-12-17,66,373.0,87.457565,-21.457565307617188
S004,P0015,2023-12-18,85,323.0,61.628525,23.371475219726562
S004,P0015,2023-12-19,100,259.0,61.988026,38.0119743347168
S004,P0015,2023-12-20,89,187.0,65.14031,23.85968780517578
S004,P0015,2023-12-21,68,304.0,62.59783,5.402168273925781
S004,P0015,2023-12-22,37,263.0,71.716194,-34.71619415283203
S004,P0015,2023-12-23,74,232.0,64.9542,9.045799255371094
S004,P0015,2023-12-24,77,167.0,62.60098,14.39902114868164
S004,P0015,2023-12-25,120,107.0,82.93678,37.06321716308594
S004,P0015,2023-12-26,79,262.0,65.72322,13.276779174804688
S004,P0015,2023-12-27,51,175.0,89.95009,-38.95008850097656
S004,P0015,2023-12-28,47,522.0,74.14941,-27.14940643310547
S004,P0015,2023-12-29,26,471.0,41.21948,-15.219478607177734
S004,P0015,2023-12-30,27,444.0,42.80761,-15.807609558105469
S004,P0015,2023-12-31,25,424.0,37.256077,-12.25607681274414
S004,P0015,2024-01-01,53,409.0,20.219688,32.780311584472656
S004,P0015,2024-01-02,21,375.0,21.12502,-0.12501907348632812
S004,P0015,2024-01-03,26,356.0,30.929853,-4.929853439331055
S004,P0015,2024-01-04,23,339.0,16.949007,6.050992965698242
S004,P0015,2024-01-05,23,321.0,20.692566,2.30743408203125
S004,P0015,2024-01-06,42,295.0,24.016346,17.983654022216797
S004,P0015,2024-01-07,35,255.0,26.346342,8.653657913208008
S004,P0015,2024-01-08,46,217.0,21.385954,24.614046096801758
S004,P0015,2024-01-09,78,168.0,65.01443,12.985572814941406
S004,P0015,2024-01-10,32,91.0,61.698742,-29.698741912841797
S004,P0015,2024-01-11,67,231.0,60.900673,6.099327087402344
S004,P0015,2024-01-12,21,393.0,69.26995,-48.26995086669922
S004,P0015,2024-01-13,131,368.0,79.4351,51.564903259277344
S004,P0015,2024-01-14,144,275.0,69.77079,74.22920989990234
S004,P0015,2024-01-15,127,106.0,77.63942,49.36058044433594
S004,P0015,2024-01-16,69,322.0,70.88008,-1.8800811767578125
S004,P0015,2024-01-17,65,269.0,72.258255,-7.2582550048828125
S004,P0015,2024-01-18,71,622.0,66.82939,4.1706085205078125
S004,P0015,2024-01-19,29,546.0,72.58004,-43.580039978027344
S004,P0015,2024-01-20,55,514.0,84.22183,-29.221832275390625
S004,P0015,2024-01-21,67,453.0,63.361324,3.6386756896972656
S004,P0015,2024-01-22,71,375.0,62.00954,8.990459442138672
S004,P0015,2024-01-23,61,291.0,58.835148,2.1648521423339844
S004,P0015,2024-01-24,69,247.0,59.80252,9.197479248046875
S004,P0015,2024-01-25,73,168.0,60.537315,12.462684631347656
S004,P0015,2024-01-26,89,111.0,77.8276,11.172401428222656
S004,P0015,2024-01-27,131,282.0,78.845764,52.15423583984375
S004,P0015,2024-01-28,88,126.0,90.15691,-2.1569137573242188
S004,P0015,2024-01-29,66,346.0,62.56331,3.4366912841796875
S004,P0015,2024-01-30,40,292.0,65.480354,-25.48035430908203
S004,P0016,2023-09-07,46,411.0,56.76305,-10.763050079345703
S004,P0016,2023-09-08,82,364.0,64.279594,17.72040557861328
S004,P0016,2023-09-09,62,286.0,80.67907,-18.67906951904297
S004,P0016,2023-09-10,61,213.0,82.535835,-21.53583526611328
S004,P0016,2023-09-11,95,147.0,69.1199,25.880096435546875
S004,P0016,2023-09-12,100,45.0,87.41968,12.580322265625
S004,P0016,2023-09-13,90,215.0,67.02251,22.977493286132812
S004,P0016,2023-09-14,102,134.0,75.69173,26.308273315429688
S004,P0016,2023-09-15,72,424.0,61.996315,10.003684997558594
S004,P0016,2023-09-16,84,372.0,82.45922,1.5407791137695312
S004,P0016,2023-09-17,66,281.0,64.6909,1.3090972900390625
S004,P0016,2023-09-18,67,207.0,64.85968,2.14031982421875
S004,P0016,2023-09-19,51,135.0,65.00909,-14.009086608886719
S004,P0016,2023-09-20,104,90.0,72.9658,31.034202575683594
S004,P0016,2023-09-21,90,195.0,68.749855,21.250144958496094
S004,P0016,2023-09-22,70,139.0,84.19552,-14.195518493652344
S004,P0016,2023-09-23,102,416.0,72.799255,29.20074462890625
S004,P0016,2023-09-24,83,349.0,83.71656,-0.7165603637695312
S004,P0016,2023-09-25,78,286.0,68.22438,9.775619506835938
S004,P0016,2023-09-26,56,219.0,65.65395,-9.653953552246094
S004,P0016,2023-09-27,62,154.0,83.422806,-21.422805786132812
S004,P0016,2023-09-28,103,110.0,91.72001,11.279991149902344
S004,P0016,2023-09-29,57,7.0,70.83094,-13.830940246582031
S004,P0016,2023-09-30,56,156.0,65.961655,-9.961654663085938
S004,P0016,2023-10-01,124,400.0,77.715866,46.28413391113281
S004,P0016,2023-10-02,12,260.0,87.36111,-75.3611068725586
S004,P0016,2023-10-03,77,247.0,63.9074,13.092601776123047
S004,P0016,2023-10-04,109,552.0,93.28888,15.71112060546875
S004,P0016,2023-10-05,106,480.0,88.94042,17.05957794189453
S004,P0016,2023-10-06,106,370.0,89.28528,16.7147216796875
S004,P0016,2023-10-07,29,295.0,84.57841,-55.578407287597656
S004,P0016,2023-10-08,22,272.0,50.24322,-28.243221282958984
S004,P0016,2023-10-09,45,251.0,57.050312,-12.050312042236328
S004,P0016,2023-10-10,34,204.0,47.38317,-13.383171081542969
S004,P0016,2023-10-11,39,169.0,42.40909,-3.409088134765625
S004,P0016,2023-10-12,42,129.0,34.99675,7.0032501220703125
S004,P0016,2023-10-13,81,101.0,48.738533,32.26146697998047
S004,P0016,2023-10-14,43,39.0,35.750668,7.249332427978516
S004,P0016,2023-10-15,23,136.0,32.76546,-9.765460968017578
S004,P0016,2023-10-16,21,340.0,32.1164,-11.116401672363281
S004,P0016,2023-10-17,41,318.0,31.564608,9.435392379760742
S004,P0016,2023-10-18,17,272.0,38.007343,-21.007343292236328
S004,P0016,2023-10-19,36,256.0,31.393953,4.606046676635742
S004,P0016,2023-10-20,22,231.0,28.732342,-6.732341766357422
S004,P0016,2023-10-21,35,213.0,31.039965,3.9600353240966797
S004,P0016,2023-10-22,20,189.0,29.882465,-9.882465362548828
S004,P0016,2023-10-23,54,168.0,38.906166,15.093833923339844
S004,P0016,2023-10-24,28,105.0,29.794678,-1.794677734375
S004,P0016,2023-10-25,101,78.0,69.95818,31.04181671142578
S004,P0016,2023-10-26,53,145.0,69.849785,-16.84978485107422
S004,P0016,2023-10-27,68,92.0,69.105576,-1.1055755615234375
S004,P0016,2023-10-28,119,338.0,90.690834,28.309165954589844
S004,P0016,2023-10-29,29,211.0,68.96404,-39.96404266357422
S004,P0016,2023-10-30,67,179.0,65.83903,1.1609725952148438
S004,P0016,2023-10-31,85,406.0,67.884224,17.11577606201172
S004,P0016,2023-11-01,111,350.0,86.03502,24.964981079101562
S004,P0016,2023-11-02,59,244.0,64.33588,-5.33587646484375
S004,P0016,2023-11-03,81,204.0,78.93999,2.0600128173828125
S004,P0016,2023-11-04,93,412.0,69.81339,23.186607360839844
S004,P0016,2023-11-05,97,331.0,81.75381,15.246192932128906
S004,P0016,2023-11-06,58,254.0,67.59402,-9.594017028808594
S004,P0016,2023-11-07,90,185.0,68.50139,21.498611450195312
S004,P0016,2023-11-08,99,359.0,64.45239,34.547607421875
S004,P0016,2023-11-09,117,296.0,92.504036,24.49596405029297
S004,P0016,2023-11-10,90,210.0,72.957275,17.042724609375
S004,P0016,2023-11-11,90,108.0,72.04813,17.951873779296875
S004,P0016,2023-11-12,117,450.0,88.15178,28.848220825195312
S004,P0016,2023-11-13,85,311.0,93.644485,-8.644485473632812
S004,P0016,2023-11-14,48,214.0,67.88749,-19.887489318847656
S004,P0016,2023-11-15,50,157.0,68.969315,-18.969314575195312
S004,P0016,2023-11-16,89,98.0,70.249245,18.750755310058594
S004,P0016,2023-11-17,111,13.0,94.63744,16.36255645751953
S004,P0016,2023-11-18,82,155.0,71.39426,10.605743408203125
S004,P0016,2023-11-19,99,378.0,87.20425,11.795753479003906
S004,P0016,2023-11-20,88,277.0,70.15332,17.8466796875
S004,P0016,2023-11-21,65,189.0,85.43925,-20.439247131347656
S004,P0016,2023-11-22,83,149.0,68.630005,14.3699951171875
S004,P0016,2023-11-23,76,288.0,86.64752,-10.64752197265625
S004,P0016,2023-11-24,36,198.0,64.912636,-28.912635803222656
S004,P0016,2023-11-25,91,170.0,72.05118,18.948822021484375
S004,P0016,2023-11-26,91,83.0,73.67791,17.32209014892578
S004,P0016,2023-11-27,97,13.0,76.20729,20.792709350585938
S004,P0016,2023-11-28,61,234.0,64.54688,-3.5468826293945312
S004,P0016,2023-11-29,81,176.0,71.40739,9.592613220214844
S004,P0016,2023-11-30,42,455.0,63.316307,-21.316307067871094
S004,P0016,2023-12-01,65,421.0,73.81528,-8.815277099609375
S004,P0016,2023-12-02,76,361.0,65.59253,10.407470703125
S004,P0016,2023-12-03,43,286.0,79.99333,-36.99333190917969
S004,P0016,2023-12-04,94,256.0,91.70407,2.295928955078125
S004,P0016,2023-12-05,106,161.0,97.08341,8.916587829589844
S004,P0016,2023-12-06,57,56.0,74.968735,-17.968734741210938
S004,P0016,2023-12-07,102,247.0,89.92961,12.070388793945312
S004,P0016,2023-12-08,138,134.0,104.48326,33.51673889160156
S004,P0016,2023-12-09,84,0.0,77.49589,6.504112243652344
S004,P0016,2023-12-10,71,309.0,68.83409,2.1659088134765625
S004,P0016,2023-12-11,70,728.0,69.92302,0.0769805908203125
S004,P0016,2023-12-12,86,654.0,69.42854,16.571456909179688
S004,P0016,2023-12-13,85,576.0,65.83821,19.161788940429688
S004,P0016,2023-12-14,47,478.0,66.84907,-19.84906768798828
S004,P0016,2023-12-15,62,446.0,65.07541,-3.075408935546875
S004,P0016,2023-12-16,96,396.0,69.5307,26.46929931640625
S004,P0016,2023-12-17,73,336.0,67.7514,5.24859619140625
S004,P0016,2023-12-18,76,249.0,83.5552,-7.555198669433594
S004,P0016,2023-12-19,58,195.0,63.28308,-5.2830810546875
S004,P0016,2023-12-20,33,147.0,60.82596,-27.825958251953125
S004,P0016,2023-12-21,127,315.0,81.717,45.282997131347656
S004,P0016,2023-12-22,113,185.0,95.72749,17.272506713867188
S004,P0016,2023-12-23,88,85.0,90.451965,-2.45196533203125
S004,P0016,2023-12-24,41,354.0,63.315575,-22.315574645996094
S004,P0016,2023-12-25,74,322.0,66.87535,7.1246490478515625
S004,P0016,2023-12-26,100,254.0,86.100845,13.899154663085938
S004,P0016,2023-12-27,27,137.0,59.733894,-32.73389434814453
S004,P0016,2023-12-28,27,120.0,36.8972,-9.897201538085938
S004,P0016,2023-12-29,40,389.0,34.179653,5.820346832275391
S004,P0016,2023-12-30,51,343.0,31.510702,19.48929786682129
S004,P0016,2023-12-31,44,304.0,31.32958,12.670419692993164
S004,P0016,2024-01-01,30,265.0,25.607882,4.392118453979492
S004,P0016,2024-01-02,51,242.0,26.167635,24.832365036010742
S004,P0016,2024-01-03,26,188.0,22.568832,3.4311676025390625
S004,P0016,2024-01-04,35,168.0,28.687717,6.312282562255859
S004,P0016,2024-01-05,29,137.0,31.82133,-2.821329116821289
S004,P0016,2024-01-06,35,118.0,31.25116,3.74884033203125
S004,P0016,2024-01-07,88,84.0,30.314602,57.68539810180664
S004,P0016,2024-01-08,73,13.0,32.61103,40.38896942138672
S004,P0016,2024-01-09,54,109.0,73.1442,-19.144203186035156
S004,P0016,2024-01-10,111,360.0,81.86417,29.135833740234375
S004,P0016,2024-01-11,94,293.0,74.82122,19.17877960205078
S004,P0016,2024-01-12,40,216.0,68.703926,-28.70392608642578
S004,P0016,2024-01-13,132,498.0,93.957146,38.04285430908203
S004,P0016,2024-01-14,48,350.0,77.85298,-29.852981567382812
S004,P0016,2024-01-15,51,306.0,76.103546,-25.103546142578125
S004,P0016,2024-01-16,82,248.0,87.21848,-5.218482971191406
S004,P0016,2024-01-17,69,155.0,68.5769,0.42310333251953125
S004,P0016,2024-01-18,110,103.0,93.158485,16.841514587402344
S004,P0016,2024-01-19,44,309.0,68.90801,-24.90801239013672
S004,P0016,2024-01-20,142,266.0,82.197075,59.80292510986328
S004,P0016,2024-01-21,76,135.0,72.79688,3.2031173706054688
S004,P0016,2024-01-22,81,83.0,73.46143,7.538566589355469
S004,P0016,2024-01-23,84,435.0,81.92118,2.0788192749023438
S004,P0016,2024-01-24,65,351.0,63.170174,1.8298263549804688
S004,P0016,2024-01-25,85,301.0,69.19515,15.804847717285156
S004,P0016,2024-01-26,91,241.0,72.20829,18.791709899902344
S004,P0016,2024-01-27,77,169.0,73.73359,3.2664108276367188
S004,P0016,2024-01-28,87,78.0,69.90593,17.094070434570312
S004,P0016,2024-01-29,71,230.0,65.48354,5.516456604003906
S004,P0016,2024-01-30,43,153.0,66.63282,-23.63282012939453
S004,P0017,2023-09-07,123,92.0,95.60907,27.39093017578125
S004,P0017,2023-09-08,78,142.0,95.3251,-17.325103759765625
S004,P0017,2023-09-09,93,167.0,120.874504,-27.87450408935547
S004,P0017,2023-09-10,97,203.0,117.90664,-20.906639099121094
S004,P0017,2023-09-11,78,89.0,116.68524,-38.68524169921875
S004,P0017,2023-09-12,102,83.0,91.99967,10.000328063964844
S004,P0017,2023-09-13,143,87.0,92.74236,50.25763702392578
S004,P0017,2023-09-14,38,169.0,88.361694,-50.3616943359375
S004,P0017,2023-09-15,126,146.0,92.04762,33.95237731933594
S004,P0017,2023-09-16,107,132.0,121.06369,-14.063690185546875
S004,P0017,2023-09-17,123,182.0,123.61665,-0.6166534423828125
S004,P0017,2023-09-18,105,195.0,91.98948,13.010520935058594
S004,P0017,2023-09-19,67,77.0,120.70161,-53.70160675048828
S004,P0017,2023-09-20,46,101.0,86.013695,-40.013694763183594
S004,P0017,2023-09-21,114,118.0,119.111694,-5.1116943359375
S004,P0017,2023-09-22,173,138.0,135.5248,37.47520446777344
S004,P0017,2023-09-23,132,153.0,96.58862,35.411376953125
S004,P0017,2023-09-24,63,215.0,91.104836,-28.104835510253906
S004,P0017,2023-09-25,113,171.0,126.21574,-13.215736389160156
S004,P0017,2023-09-26,127,184.0,123.99392,3.0060806274414062
S004,P0017,2023-09-27,65,144.0,95.57835,-30.578346252441406
S004,P0017,2023-09-28,88,163.0,92.27381,-4.273811340332031
S004,P0017,2023-09-29,82,141.0,86.74014,-4.740142822265625
S004,P0017,2023-09-30,46,162.0,92.09743,-46.09742736816406
S004,P0017,2023-10-01,61,134.0,84.75574,-23.7557373046875
S004,P0017,2023-10-02,64,156.0,86.378654,-22.37865447998047
S004,P0017,2023-10-03,83,103.0,90.29002,-7.2900238037109375
S004,P0017,2023-10-04,114,113.0,80.99789,33.002113342285156
S004,P0017,2023-10-05,98,134.0,91.20039,6.7996063232421875
S004,P0017,2023-10-06,114,171.0,86.65022,27.349777221679688
S004,P0017,2023-10-07,55,194.0,83.133484,-28.13348388671875
S004,P0017,2023-10-08,97,146.0,102.58337,-5.583366394042969
S004,P0017,2023-10-09,96,190.0,84.891106,11.108894348144531
S004,P0017,2023-10-10,162,111.0,118.8891,43.11090087890625
S004,P0017,2023-10-11,53,177.0,92.70781,-39.70780944824219
S004,P0017,2023-10-12,147,114.0,114.99505,32.00495147705078
S004,P0017,2023-10-13,134,138.0,102.341034,31.658966064453125
S004,P0017,2023-10-14,88,135.0,96.77088,-8.770881652832031
S004,P0017,2023-10-15,105,151.0,100.08378,4.916221618652344
S004,P0017,2023-10-16,85,189.0,94.5082,-9.508201599121094
S004,P0017,2023-10-17,157,138.0,134.22803,22.77197265625
S004,P0017,2023-10-18,153,158.0,137.89087,15.109130859375
S004,P0017,2023-10-19,152,175.0,137.75449,14.245513916015625
S004,P0017,2023-10-20,71,183.0,123.77831,-52.77831268310547
S004,P0017,2023-10-21,40,130.0,95.41254,-55.41253662109375
S004,P0017,2023-10-22,41,100.0,91.11545,-50.115447998046875
S004,P0017,2023-10-23,107,110.0,102.27932,4.720680236816406
S004,P0017,2023-10-24,137,134.0,130.30042,6.6995849609375
S004,P0017,2023-10-25,139,153.0,99.201385,39.798614501953125
S004,P0017,2023-10-26,161,199.0,140.59624,20.403762817382812
S004,P0017,2023-10-27,115,189.0,99.77929,15.220710754394531
S004,P0017,2023-10-28,93,201.0,129.55133,-36.55133056640625
S004,P0017,2023-10-29,101,102.0,105.125374,-4.125373840332031
S004,P0017,2023-10-30,50,119.0,95.819954,-45.81995391845703
S004,P0017,2023-10-31,121,124.0,99.378654,21.62134552001953
S004,P0017,2023-11-01,88,156.0,99.8761,-11.8760986328125
S004,P0017,2023-11-02,96,155.0,125.80434,-29.804336547851562
S004,P0017,2023-11-03,93,155.0,95.98901,-2.989013671875
S004,P0017,2023-11-04,137,174.0,133.86494,3.1350555419921875
S004,P0017,2023-11-05,114,205.0,103.89743,10.102569580078125
S004,P0017,2023-11-06,83,113.0,100.13063,-17.130630493164062
S004,P0017,2023-11-07,143,125.0,134.61797,8.382034301757812
S004,P0017,2023-11-08,169,156.0,150.76314,18.236862182617188
S004,P0017,2023-11-09,222,161.0,171.40723,50.5927734375
S004,P0017,2023-11-10,142,231.0,120.90921,21.090789794921875
S004,P0017,2023-11-11,142,64.0,130.9257,11.074295043945312
S004,P0017,2023-11-12,137,152.0,137.2936,-0.2935943603515625
S004,P0017,2023-11-13,97,159.0,121.028534,-24.028533935546875
S004,P0017,2023-11-14,81,180.0,159.60594,-78.60594177246094
S004,P0017,2023-11-15,117,118.0,148.54114,-31.5411376953125
S004,P0017,2023-11-16,70,137.0,112.29959,-42.299591064453125
S004,P0017,2023-11-17,77,116.0,96.72244,-19.722442626953125
S004,P0017,2023-11-18,128,109.0,105.68312,22.316879272460938
S004,P0017,2023-11-19,97,151.0,105.32894,-8.328941345214844
S004,P0017,2023-11-20,114,173.0,115.48332,-1.4833221435546875
S004,P0017,2023-11-21,96,146.0,114.25824,-18.25823974609375
S004,P0017,2023-11-22,154,192.0,150.30312,3.6968841552734375
S004,P0017,2023-11-23,101,199.0,158.75671,-57.7567138671875
S004,P0017,2023-11-24,110,108.0,111.71007,-1.7100677490234375
S004,P0017,2023-11-25,53,137.0,96.810486,-43.81048583984375
S004,P0017,2023-11-26,142,105.0,145.16095,-3.16094970703125
S004,P0017,2023-11-27,115,153.0,105.05831,9.941688537597656
S004,P0017,2023-11-28,133,174.0,117.37313,15.626869201660156
S004,P0017,2023-11-29,61,195.0,102.75674,-41.756736755371094
S004,P0017,2023-11-30,71,129.0,101.36545,-30.365447998046875
S004,P0017,2023-12-01,112,108.0,111.39712,0.6028823852539062
S004,P0017,2023-12-02,112,127.0,122.814964,-10.814964294433594
S004,P0017,2023-12-03,104,161.0,119.24133,-15.2413330078125
S004,P0017,2023-12-04,78,206.0,113.770454,-35.77045440673828
S004,P0017,2023-12-05,148,127.0,120.18051,27.819488525390625
S004,P0017,2023-12-06,117,171.0,154.84601,-37.84600830078125
S004,P0017,2023-12-07,76,170.0,107.05955,-31.059547424316406
S004,P0017,2023-12-08,88,98.0,134.76395,-46.763946533203125
S004,P0017,2023-12-09,145,135.0,115.30122,29.698776245117188
S004,P0017,2023-12-10,77,170.0,97.84301,-20.84300994873047
S004,P0017,2023-12-11,36,120.0,134.37546,-98.37545776367188
S004,P0017,2023-12-12,49,97.0,130.26323,-81.26322937011719
S004,P0017,2023-12-13,111,113.0,97.03147,13.968528747558594
S004,P0017,2023-12-14,173,132.0,102.88131,70.11869049072266
S004,P0017,2023-12-15,209,148.0,154.77751,54.22248840332031
S004,P0017,2023-12-16,68,242.0,139.14499,-71.14498901367188
S004,P0017,2023-12-17,100,163.0,113.764435,-13.764434814453125
S004,P0017,2023-12-18,75,154.0,112.88622,-37.88622283935547
S004,P0017,2023-12-19,134,139.0,110.88098,23.1190185546875
S004,P0017,2023-12-20,92,162.0,125.76861,-33.76860809326172
S004,P0017,2023-12-21,67,153.0,90.20714,-23.207138061523438
S004,P0017,2023-12-22,145,103.0,137.2094,7.7906036376953125
S004,P0017,2023-12-23,136,172.0,102.193924,33.80607604980469
S004,P0017,2023-12-24,162,187.0,139.81067,22.1893310546875
S004,P0017,2023-12-25,101,200.0,96.71161,4.28839111328125
S004,P0017,2023-12-26,167,114.0,123.140945,43.85905456542969
S004,P0017,2023-12-27,165,176.0,159.04706,5.95294189453125
S004,P0017,2023-12-28,128,198.0,107.979965,20.020034790039062
S004,P0017,2023-12-29,108,224.0,100.55856,7.441436767578125
S004,P0017,2023-12-30,191,134.0,134.37155,56.628448486328125
S004,P0017,2023-12-31,143,203.0,124.89379,18.10620880126953
S004,P0017,2024-01-01,119,202.0,105.48279,13.5172119140625
S004,P0017,2024-01-02,123,85.0,136.79807,-13.798065185546875
S004,P0017,2024-01-03,117,103.0,116.04784,0.9521636962890625
S004,P0017,2024-01-04,150,132.0,138.13977,11.8602294921875
S004,P0017,2024-01-05,193,136.0,180.8509,12.149093627929688
S004,P0017,2024-01-06,102,231.0,108.39816,-6.398162841796875
S004,P0017,2024-01-07,106,127.0,121.82436,-15.824363708496094
S004,P0017,2024-01-08,234,127.0,179.226,54.77400207519531
S004,P0017,2024-01-09,111,237.0,139.4345,-28.434494018554688
S004,P0017,2024-01-10,168,136.0,197.61864,-29.618637084960938
S004,P0017,2024-01-11,95,173.0,135.41216,-40.41215515136719
S004,P0017,2024-01-12,74,161.0,118.597206,-44.597206115722656
S004,P0017,2024-01-13,126,109.0,165.66127,-39.66127014160156
S004,P0017,2024-01-14,80,149.0,116.3506,-36.35060119628906
S004,P0017,2024-01-15,108,130.0,123.796616,-15.796615600585938
S004,P0017,2024-01-16,116,164.0,127.135506,-11.135505676269531
S004,P0017,2024-01-17,140,188.0,123.23797,16.76203155517578
S004,P0017,2024-01-18,79,172.0,112.555275,-33.555274963378906
S004,P0017,2024-01-19,127,90.0,134.81415,-7.81414794921875
S004,P0017,2024-01-20,206,102.0,189.96477,16.035232543945312
S004,P0017,2024-01-21,173,208.0,179.54486,-6.54486083984375
S004,P0017,2024-01-22,177,249.0,181.33199,-4.3319854736328125
S004,P0017,2024-01-23,28,218.0,118.23378,-90.23377990722656
S004,P0017,2024-01-24,169,199.0,172.76653,-3.7665252685546875
S004,P0017,2024-01-25,134,253.0,136.6292,-2.6291961669921875
S004,P0017,2024-01-26,135,155.0,142.18631,-7.186309814453125
S004,P0017,2024-01-27,68,174.0,163.81017,-95.81016540527344
S004,P0017,2024-01-28,116,120.0,147.14769,-31.147689819335938
S004,P0017,2024-01-29,132,101.0,127.79433,4.2056732177734375
S004,P0017,2024-01-30,121,166.0,134.59653,-13.596527099609375
S004,P0018,2023-09-07,49,130.0,74.97002,-25.970016479492188
S004,P0018,2023-09-08,84,86.0,115.18429,-31.184288024902344
S004,P0018,2023-09-09,109,102.0,93.888054,15.111946105957031
S004,P0018,2023-09-10,65,127.0,79.28556,-14.285560607910156
S004,P0018,2023-09-11,95,143.0,92.54976,2.4502410888671875
S004,P0018,2023-09-12,91,112.0,79.401566,11.598434448242188
S004,P0018,2023-09-13,54,133.0,78.938354,-24.9383544921875
S004,P0018,2023-09-14,74,81.0,108.46756,-34.467559814453125
S004,P0018,2023-09-15,74,83.0,78.115715,-4.115715026855469
S004,P0018,2023-09-16,85,115.0,108.31526,-23.315261840820312
S004,P0018,2023-09-17,101,105.0,112.88314,-11.883140563964844
S004,P0018,2023-09-18,69,144.0,79.13292,-10.132919311523438
S004,P0018,2023-09-19,71,61.0,83.3074,-12.307403564453125
S004,P0018,2023-09-20,55,82.0,81.25441,-26.254409790039062
S004,P0018,2023-09-21,69,100.0,79.843544,-10.843544006347656
S004,P0018,2023-09-22,53,95.0,104.08247,-51.08247375488281
S004,P0018,2023-09-23,137,90.0,126.90278,10.097221374511719
S004,P0018,2023-09-24,139,118.0,130.10454,8.895462036132812
S004,P0018,2023-09-25,67,136.0,77.71116,-10.711158752441406
S004,P0018,2023-09-26,19,73.0,76.2966,-57.296600341796875
S004,P0018,2023-09-27,63,103.0,78.67348,-15.673477172851562
S004,P0018,2023-09-28,81,126.0,109.00108,-28.001083374023438
S004,P0018,2023-09-29,47,111.0,79.058685,-32.058685302734375
S004,P0018,2023-09-30,83,110.0,85.51479,-2.5147933959960938
S004,P0018,2023-10-01,94,120.0,77.46395,16.536048889160156
S004,P0018,2023-10-02,117,150.0,121.00757,-4.007568359375
S004,P0018,2023-10-03,65,157.0,78.8487,-13.848701477050781
S004,P0018,2023-10-04,60,111.0,80.594925,-20.594924926757812
S004,P0018,2023-10-05,98,132.0,111.60296,-13.602958679199219
S004,P0018,2023-10-06,77,158.0,80.97887,-3.9788665771484375
S004,P0018,2023-10-07,37,78.0,111.01476,-74.01476287841797
S004,P0018,2023-10-08,41,85.0,86.16041,-45.16040802001953
S004,P0018,2023-10-09,41,101.0,57.972298,-16.97229766845703
S004,P0018,2023-10-10,36,118.0,49.58351,-13.583511352539062
S004,P0018,2023-10-11,15,94.0,45.92505,-30.925048828125
S004,P0018,2023-10-12,75,81.0,52.73292,22.267078399658203
S004,P0018,2023-10-13,16,104.0,55.858696,-39.85869598388672
S004,P0018,2023-10-14,49,93.0,42.11961,6.880390167236328
S004,P0018,2023-10-15,39,90.0,52.45598,-13.455978393554688
S004,P0018,2023-10-16,56,105.0,42.93517,13.064830780029297
S004,P0018,2023-10-17,66,106.0,38.820957,27.17904281616211
S004,P0018,2023-10-18,53,88.0,41.845337,11.1546630859375
S004,P0018,2023-10-19,47,80.0,63.94406,-16.944061279296875
S004,P0018,2023-10-20,29,86.0,53.934425,-24.934425354003906
S004,P0018,2023-10-21,34,101.0,47.5329,-13.532901763916016
S004,P0018,2023-10-22,14,119.0,44.508682,-30.508682250976562
S004,P0018,2023-10-23,31,110.0,37.774784,-6.774784088134766
S004,P0018,2023-10-24,36,85.0,37.937706,-1.9377059936523438
S004,P0018,2023-10-25,88,110.0,86.64457,1.3554306030273438
S004,P0018,2023-10-26,95,115.0,87.74235,7.257652282714844
S004,P0018,2023-10-27,82,153.0,85.996544,-3.9965438842773438
S004,P0018,2023-10-28,98,63.0,107.851204,-9.851203918457031
S004,P0018,2023-10-29,78,113.0,78.646835,-0.6468353271484375
S004,P0018,2023-10-30,54,121.0,73.2234,-19.22339630126953
S004,P0018,2023-10-31,41,145.0,73.19894,-32.198936462402344
S004,P0018,2023-11-01,80,97.0,74.64726,5.3527374267578125
S004,P0018,2023-11-02,86,122.0,104.41303,-18.41303253173828
S004,P0018,2023-11-03,105,153.0,111.09193,-6.091926574707031
S004,P0018,2023-11-04,41,162.0,72.16319,-31.163192749023438
S004,P0018,2023-11-05,116,120.0,107.00217,8.997833251953125
S004,P0018,2023-11-06,73,111.0,78.247375,-5.24737548828125
S004,P0018,2023-11-07,80,142.0,81.40554,-1.4055404663085938
S004,P0018,2023-11-08,77,155.0,109.97982,-32.979820251464844
S004,P0018,2023-11-09,71,83.0,107.63728,-36.63728332519531
S004,P0018,2023-11-10,86,67.0,77.64485,8.355148315429688
S004,P0018,2023-11-11,70,101.0,79.08833,-9.088333129882812
S004,P0018,2023-11-12,77,121.0,107.98481,-30.98480987548828
S004,P0018,2023-11-13,60,148.0,79.704346,-19.704345703125
S004,P0018,2023-11-14,75,83.0,82.01413,-7.014129638671875
S004,P0018,2023-11-15,130,66.0,129.12566,0.8743438720703125
S004,P0018,2023-11-16,118,113.0,100.12054,17.87946319580078
S004,P0018,2023-11-17,64,138.0,75.62006,-11.620063781738281
S004,P0018,2023-11-18,106,78.0,102.871056,3.1289443969726562
S004,P0018,2023-11-19,77,106.0,112.54267,-35.54267120361328
S004,P0018,2023-11-20,112,84.0,100.41994,11.580062866210938
S004,P0018,2023-11-21,65,121.0,80.971825,-15.971824645996094
S004,P0018,2023-11-22,103,120.0,110.75155,-7.751548767089844
S004,P0018,2023-11-23,91,137.0,86.85084,4.149162292480469
S004,P0018,2023-11-24,48,128.0,78.72885,-30.728851318359375
S004,P0018,2023-11-25,125,71.0,124.45366,0.5463409423828125
S004,P0018,2023-11-26,38,136.0,81.4945,-43.49449920654297
S004,P0018,2023-11-27,80,106.0,83.560486,-3.56048583984375
S004,P0018,2023-11-28,85,118.0,83.75461,1.245391845703125
S004,P0018,2023-11-29,25,103.0,77.042076,-52.042076110839844
S004,P0018,2023-11-30,90,88.0,87.80783,2.192169189453125
S004,P0018,2023-12-01,70,138.0,75.156136,-5.156135559082031
S004,P0018,2023-12-02,65,81.0,104.21926,-39.219261169433594
S004,P0018,2023-12-03,63,87.0,81.84139,-18.841392517089844
S004,P0018,2023-12-04,88,83.0,84.66015,3.3398513793945312
S004,P0018,2023-12-05,62,83.0,107.003624,-45.003623962402344
S004,P0018,2023-12-06,100,77.0,86.402435,13.597564697265625
S004,P0018,2023-12-07,85,112.0,85.91652,-0.9165191650390625
S004,P0018,2023-12-08,91,108.0,92.46204,-1.4620437622070312
S004,P0018,2023-12-09,88,125.0,90.193405,-2.1934051513671875
S004,P0018,2023-12-10,91,148.0,107.611176,-16.611175537109375
S004,P0018,2023-12-11,98,197.0,96.686516,1.3134841918945312
S004,P0018,2023-12-12,26,134.0,80.70863,-54.70863342285156
S004,P0018,2023-12-13,72,112.0,109.753784,-37.7537841796875
S004,P0018,2023-12-14,82,131.0,83.465164,-1.4651641845703125
S004,P0018,2023-12-15,51,169.0,100.02645,-49.026451110839844
S004,P0018,2023-12-16,104,111.0,92.37195,11.6280517578125
S004,P0018,2023-12-17,118,118.0,117.46682,0.5331802368164062
S004,P0018,2023-12-18,86,145.0,85.677574,0.32242584228515625
S004,P0018,2023-12-19,26,152.0,96.61805,-70.61804962158203
S004,P0018,2023-12-20,69,131.0,76.63711,-7.637107849121094
S004,P0018,2023-12-21,120,124.0,120.75474,-0.7547378540039062
S004,P0018,2023-12-22,70,154.0,82.419914,-12.419914245605469
S004,P0018,2023-12-23,59,83.0,106.16014,-47.16014099121094
S004,P0018,2023-12-24,92,69.0,96.13254,-4.132537841796875
S004,P0018,2023-12-25,113,94.0,102.41238,10.587623596191406
S004,P0018,2023-12-26,104,102.0,88.363495,15.636505126953125
S004,P0018,2023-12-27,28,123.0,74.2688,-46.268798828125
S004,P0018,2023-12-28,27,104.0,78.91083,-51.91082763671875
S004,P0018,2023-12-29,32,82.0,48.81915,-16.819149017333984
S004,P0018,2023-12-30,25,96.0,49.62739,-24.627391815185547
S004,P0018,2023-12-31,40,73.0,41.27943,-1.2794303894042969
S004,P0018,2024-01-01,71,78.0,46.558918,24.441082000732422
S004,P0018,2024-01-02,34,98.0,30.909428,3.0905723571777344
S004,P0018,2024-01-03,36,110.0,35.06705,0.9329490661621094
S004,P0018,2024-01-04,32,86.0,43.33046,-11.330459594726562
S004,P0018,2024-01-05,36,103.0,52.34586,-16.34585952758789
S004,P0018,2024-01-06,24,126.0,38.027058,-14.027057647705078
S004,P0018,2024-01-07,31,107.0,35.35035,-4.350349426269531
S004,P0018,2024-01-08,16,74.0,34.295868,-18.295867919921875
S004,P0018,2024-01-09,48,114.0,73.634766,-25.634765625
S004,P0018,2024-01-10,62,140.0,79.089005,-17.089004516601562
S004,P0018,2024-01-11,75,68.0,102.56292,-27.56291961669922
S004,P0018,2024-01-12,71,64.0,97.63312,-26.63311767578125
S004,P0018,2024-01-13,84,63.0,89.6612,-5.661201477050781
S004,P0018,2024-01-14,59,92.0,76.31661,-17.316612243652344
S004,P0018,2024-01-15,54,93.0,84.66594,-30.665939331054688
S004,P0018,2024-01-16,77,100.0,81.52273,-4.522727966308594
S004,P0018,2024-01-17,82,110.0,88.59965,-6.599647521972656
S004,P0018,2024-01-18,51,117.0,83.70889,-32.708892822265625
S004,P0018,2024-01-19,48,142.0,94.514694,-46.51469421386719
S004,P0018,2024-01-20,38,113.0,79.32495,-41.324951171875
S004,P0018,2024-01-21,61,84.0,80.01219,-19.012191772460938
S004,P0018,2024-01-22,159,96.0,121.51453,37.4854736328125
S004,P0018,2024-01-23,39,187.0,81.6103,-42.61029815673828
S004,P0018,2024-01-24,52,160.0,81.958145,-29.958145141601562
S004,P0018,2024-01-25,96,106.0,89.8963,6.10369873046875
S004,P0018,2024-01-26,69,110.0,103.231155,-34.23115539550781
S004,P0018,2024-01-27,84,108.0,110.29294,-26.292938232421875
S004,P0018,2024-01-28,89,103.0,111.92156,-22.92156219482422
S004,P0018,2024-01-29,97,120.0,88.04108,8.95892333984375
S004,P0018,2024-01-30,66,97.0,78.63579,-12.635787963867188
S004,P0019,2023-09-07,170,104.0,117.14556,52.85443878173828
S004,P0019,2023-09-08,67,193.0,80.6877,-13.687698364257812
S004,P0019,2023-09-09,112,124.0,88.26099,23.739013671875
S004,P0019,2023-09-10,79,115.0,85.61556,-6.615562438964844
S004,P0019,2023-09-11,126,111.0,92.68604,33.31395721435547
S004,P0019,2023-09-12,72,142.0,82.455376,-10.455375671386719
S004,P0019,2023-09-13,73,69.0,89.190025,-16.190025329589844
S004,P0019,2023-09-14,179,70.0,113.300255,65.69974517822266
S004,P0019,2023-09-15,93,178.0,91.32705,1.6729507446289062
S004,P0019,2023-09-16,58,72.0,86.330666,-28.330665588378906
S004,P0019,2023-09-17,89,82.0,86.68377,2.3162307739257812
S004,P0019,2023-09-18,97,85.0,85.84184,11.158157348632812
S004,P0019,2023-09-19,94,113.0,109.81962,-15.819618225097656
S004,P0019,2023-09-20,174,148.0,116.3808,57.61920166015625
S004,P0019,2023-09-21,109,182.0,80.31127,28.68872833251953
S004,P0019,2023-09-22,87,116.0,105.445786,-18.445785522460938
S004,P0019,2023-09-23,125,117.0,111.614555,13.385444641113281
S004,P0019,2023-09-24,149,128.0,97.00277,51.997230529785156
S004,P0019,2023-09-25,64,189.0,79.94019,-15.940193176269531
S004,P0019,2023-09-26,46,116.0,93.50929,-47.50929260253906
S004,P0019,2023-09-27,136,66.0,96.948326,39.051673889160156
S004,P0019,2023-09-28,81,159.0,115.61188,-34.61187744140625
S004,P0019,2023-09-29,62,107.0,92.37802,-30.378021240234375
S004,P0019,2023-09-30,51,95.0,87.43393,-36.433929443359375
S004,P0019,2023-10-01,110,102.0,86.55405,23.445953369140625
S004,P0019,2023-10-02,98,121.0,86.376884,11.623115539550781
S004,P0019,2023-10-03,124,131.0,94.9387,29.061302185058594
S004,P0019,2023-10-04,98,133.0,90.02645,7.973548889160156
S004,P0019,2023-10-05,103,121.0,87.2865,15.7135009765625
S004,P0019,2023-10-06,104,171.0,89.882805,14.117195129394531
S004,P0019,2023-10-07,131,198.0,111.16808,19.83191680908203
S004,P0019,2023-10-08,176,227.0,128.61554,47.38446044921875
S004,P0019,2023-10-09,163,224.0,114.86395,48.13604736328125
S004,P0019,2023-10-10,68,239.0,76.97616,-8.976158142089844
S004,P0019,2023-10-11,68,159.0,76.33402,-8.334022521972656
S004,P0019,2023-10-12,88,118.0,100.48017,-12.480171203613281
S004,P0019,2023-10-13,131,153.0,114.48459,16.515411376953125
S004,P0019,2023-10-14,96,164.0,77.73772,18.262283325195312
S004,P0019,2023-10-15,114,165.0,86.76964,27.230361938476562
S004,P0019,2023-10-16,74,201.0,72.51711,1.4828872680664062
S004,P0019,2023-10-17,87,130.0,96.93608,-9.936080932617188
S004,P0019,2023-10-18,92,136.0,81.74431,10.255691528320312
S004,P0019,2023-10-19,87,121.0,97.20081,-10.200813293457031
S004,P0019,2023-10-20,26,122.0,76.15595,-50.15595245361328
S004,P0019,2023-10-21,156,106.0,86.919,69.08100128173828
S004,P0019,2023-10-22,148,184.0,89.71304,58.286956787109375
S004,P0019,2023-10-23,84,256.0,76.39552,7.6044769287109375
S004,P0019,2023-10-24,89,170.0,78.01992,10.980079650878906
S004,P0019,2023-10-25,126,81.0,92.151825,33.848175048828125
S004,P0019,2023-10-26,143,130.0,124.683716,18.3162841796875
S004,P0019,2023-10-27,107,170.0,90.387146,16.61285400390625
S004,P0019,2023-10-28,141,178.0,124.50638,16.493621826171875
S004,P0019,2023-10-29,29,208.0,91.68708,-62.68708038330078
S004,P0019,2023-10-30,77,190.0,81.85547,-4.85546875
S004,P0019,2023-10-31,144,125.0,94.97645,49.02355194091797
S004,P0019,2023-11-01,120,117.0,119.075905,0.9240951538085938
S004,P0019,2023-11-02,186,143.0,129.75395,56.24604797363281
S004,P0019,2023-11-03,88,231.0,92.04746,-4.047462463378906
S004,P0019,2023-11-04,77,154.0,119.277145,-42.27714538574219
S004,P0019,2023-11-05,123,85.0,103.835846,19.164154052734375
S004,P0019,2023-11-06,104,106.0,93.77363,10.226371765136719
S004,P0019,2023-11-07,87,150.0,87.69546,-0.6954574584960938
S004,P0019,2023-11-08,75,182.0,85.456726,-10.45672607421875
S004,P0019,2023-11-09,83,106.0,83.400604,-0.400604248046875
S004,P0019,2023-11-10,173,150.0,114.321144,58.678855895996094
S004,P0019,2023-11-11,146,188.0,95.62041,50.37959289550781
S004,P0019,2023-11-12,95,204.0,85.7046,9.295402526855469
S004,P0019,2023-11-13,122,100.0,98.050575,23.949424743652344
S004,P0019,2023-11-14,126,131.0,96.67961,29.320388793945312
S004,P0019,2023-11-15,174,169.0,121.354645,52.645355224609375
S004,P0019,2023-11-16,124,249.0,108.64225,15.357749938964844
S004,P0019,2023-11-17,102,106.0,100.02368,1.976318359375
S004,P0019,2023-11-18,163,111.0,124.59918,38.40081787109375
S004,P0019,2023-11-19,87,157.0,94.595985,-7.595985412597656
S004,P0019,2023-11-20,88,157.0,92.25273,-4.2527313232421875
S004,P0019,2023-11-21,175,185.0,132.66199,42.3380126953125
S004,P0019,2023-11-22,117,183.0,116.08944,0.9105606079101562
S004,P0019,2023-11-23,86,171.0,93.16841,-7.1684112548828125
S004,P0019,2023-11-24,143,69.0,109.199165,33.80083465576172
S004,P0019,2023-11-25,92,137.0,95.89494,-3.8949432373046875
S004,P0019,2023-11-26,147,106.0,132.90224,14.097763061523438
S004,P0019,2023-11-27,151,155.0,134.89558,16.104415893554688
S004,P0019,2023-11-28,94,122.0,92.73816,1.2618408203125
S004,P0019,2023-11-29,86,138.0,94.427605,-8.427604675292969
S004,P0019,2023-11-30,91,132.0,95.84051,-4.840507507324219
S004,P0019,2023-12-01,105,139.0,99.33393,5.666069030761719
S004,P0019,2023-12-02,171,169.0,152.39743,18.602569580078125
S004,P0019,2023-12-03,39,154.0,145.45798,-106.45797729492188
S004,P0019,2023-12-04,136,125.0,120.98213,15.017868041992188
S004,P0019,2023-12-05,170,154.0,124.01322,45.986778259277344
S004,P0019,2023-12-06,94,145.0,137.33093,-43.3309326171875
S004,P0019,2023-12-07,77,141.0,101.363754,-24.363754272460938
S004,P0019,2023-12-08,90,143.0,103.10744,-13.107437133789062
S004,P0019,2023-12-09,117,152.0,108.55126,8.448738098144531
S004,P0019,2023-12-10,121,159.0,113.009995,7.9900054931640625
S004,P0019,2023-12-11,87,154.0,98.94018,-11.940177917480469
S004,P0019,2023-12-12,132,155.0,120.04915,11.950851440429688
S004,P0019,2023-12-13,78,149.0,115.55293,-37.55293273925781
S004,P0019,2023-12-14,131,69.0,110.20332,20.796676635742188
S004,P0019,2023-12-15,120,150.0,106.89333,13.106666564941406
S004,P0019,2023-12-16,138,165.0,113.21643,24.7835693359375
S004,P0019,2023-12-17,153,178.0,125.734085,27.265914916992188
S004,P0019,2023-12-18,114,215.0,135.04382,-21.0438232421875
S004,P0019,2023-12-19,90,100.0,102.441315,-12.441314697265625
S004,P0019,2023-12-20,105,132.0,98.33737,6.662628173828125
S004,P0019,2023-12-21,123,110.0,116.88086,6.119140625
S004,P0019,2023-12-22,81,134.0,90.039024,-9.039024353027344
S004,P0019,2023-12-23,160,129.0,142.11731,17.8826904296875
S004,P0019,2023-12-24,107,170.0,108.034874,-1.0348739624023438
S004,P0019,2023-12-25,218,151.0,106.742615,111.25738525390625
S004,P0019,2023-12-26,138,261.0,112.59076,25.40924072265625
S004,P0019,2023-12-27,156,104.0,136.0258,19.974197387695312
S004,P0019,2023-12-28,145,164.0,105.2115,39.78849792480469
S004,P0019,2023-12-29,98,222.0,86.15016,11.849838256835938
S004,P0019,2023-12-30,147,125.0,109.40198,37.5980224609375
S004,P0019,2023-12-31,137,175.0,109.46925,27.530746459960938
S004,P0019,2024-01-01,161,163.0,106.04109,54.95890808105469
S004,P0019,2024-01-02,59,147.0,72.442665,-13.442665100097656
S004,P0019,2024-01-03,155,102.0,108.62269,46.37731170654297
S004,P0019,2024-01-04,87,181.0,81.043304,5.956695556640625
S004,P0019,2024-01-05,121,86.0,99.94246,21.057540893554688
S004,P0019,2024-01-06,139,130.0,113.92675,25.07324981689453
S004,P0019,2024-01-07,161,178.0,128.46176,32.538238525390625
S004,P0019,2024-01-08,168,174.0,131.5896,36.410400390625
S004,P0019,2024-01-09,116,200.0,146.99817,-30.9981689453125
S004,P0019,2024-01-10,82,63.0,100.973145,-18.97314453125
S004,P0019,2024-01-11,102,97.0,102.94583,-0.945831298828125
S004,P0019,2024-01-12,46,125.0,112.58177,-66.58177185058594
S004,P0019,2024-01-13,141,96.0,137.43092,3.5690765380859375
S004,P0019,2024-01-14,10,156.0,107.45125,-97.45124816894531
S004,P0019,2024-01-15,121,144.0,111.156784,9.843215942382812
S004,P0019,2024-01-16,83,128.0,89.04629,-6.046287536621094
S004,P0019,2024-01-17,101,136.0,98.29313,2.7068710327148438
S004,P0019,2024-01-18,152,150.0,118.88745,33.112548828125
S004,P0019,2024-01-19,91,205.0,97.93484,-6.934837341308594
S004,P0019,2024-01-20,117,146.0,104.65093,12.349067687988281
S004,P0019,2024-01-21,82,146.0,102.26656,-20.266563415527344
S004,P0019,2024-01-22,157,150.0,123.69765,33.30235290527344
S004,P0019,2024-01-23,90,148.0,94.91681,-4.91680908203125
S004,P0019,2024-01-24,69,172.0,118.45979,-49.45979309082031
S004,P0019,2024-01-25,112,110.0,113.56461,-1.5646133422851562
S004,P0019,2024-01-26,258,154.0,123.66186,134.33814239501953
S004,P0019,2024-01-27,59,298.0,92.15238,-33.152381896972656
S004,P0019,2024-01-28,58,240.0,90.421005,-32.42100524902344
S004,P0019,2024-01-29,120,182.0,109.3826,10.617401123046875
S004,P0019,2024-01-30,126,219.0,107.57537,18.42462921142578
S004,P0020,2023-09-07,100,222.0,94.82706,5.172943115234375
S004,P0020,2023-09-08,53,133.0,73.95147,-20.95146942138672
S004,P0020,2023-09-09,115,266.0,104.67706,10.32293701171875
S004,P0020,2023-09-10,71,167.0,90.79993,-19.7999267578125
S004,P0020,2023-09-11,79,332.0,76.47263,2.5273666381835938
S004,P0020,2023-09-12,90,242.0,73.82126,16.178741455078125
S004,P0020,2023-09-13,114,186.0,99.32023,14.679771423339844
S004,P0020,2023-09-14,53,102.0,72.77383,-19.773826599121094
S004,P0020,2023-09-15,113,244.0,103.50478,9.495216369628906
S004,P0020,2023-09-16,38,161.0,74.93395,-36.93395233154297
S004,P0020,2023-09-17,109,373.0,82.258156,26.741844177246094
S004,P0020,2023-09-18,68,251.0,70.8471,-2.8470993041992188
S004,P0020,2023-09-19,97,179.0,72.801865,24.198135375976562
S004,P0020,2023-09-20,123,103.0,104.62812,18.37187957763672
S004,P0020,2023-09-21,88,233.0,75.04735,12.952651977539062
S004,P0020,2023-09-22,69,178.0,96.001595,-27.00159454345703
S004,P0020,2023-09-23,107,109.0,77.713135,29.286865234375
S004,P0020,2023-09-24,53,157.0,95.60914,-42.60913848876953
S004,P0020,2023-09-25,116,291.0,101.29325,14.706748962402344
S004,P0020,2023-09-26,62,159.0,76.349106,-14.349105834960938
S004,P0020,2023-09-27,32,114.0,70.41211,-38.412109375
S004,P0020,2023-09-28,108,204.0,77.87137,30.128631591796875
S004,P0020,2023-09-29,101,100.0,76.50469,24.49530792236328
S004,P0020,2023-09-30,103,235.0,75.51409,27.48590850830078
S004,P0020,2023-10-01,118,116.0,75.55446,42.44554138183594
S004,P0020,2023-10-02,95,221.0,81.26821,13.731788635253906
S004,P0020,2023-10-03,70,156.0,74.80895,-4.808952331542969
S004,P0020,2023-10-04,96,253.0,81.1649,14.835098266601562
S004,P0020,2023-10-05,101,177.0,108.1722,-7.172203063964844
S004,P0020,2023-10-06,142,62.0,113.510796,28.48920440673828
S004,P0020,2023-10-07,21,163.0,90.60976,-69.60975646972656
S004,P0020,2023-10-08,29,390.0,69.82734,-40.82733917236328
S004,P0020,2023-10-09,23,362.0,60.234337,-37.234336853027344
S004,P0020,2023-10-10,23,345.0,51.34447,-28.344470977783203
S004,P0020,2023-10-11,42,320.0,49.39131,-7.3913116455078125
S004,P0020,2023-10-12,51,285.0,41.394146,9.605854034423828
S004,P0020,2023-10-13,50,241.0,49.297672,0.7023277282714844
S004,P0020,2023-10-14,43,200.0,34.70531,8.294689178466797
S004,P0020,2023-10-15,24,159.0,37.665646,-13.665645599365234
S004,P0020,2023-10-16,14,131.0,40.29951,-26.299510955810547
S004,P0020,2023-10-17,38,115.0,37.712708,0.28729248046875
S004,P0020,2023-10-18,29,91.0,43.04517,-14.045169830322266
S004,P0020,2023-10-19,20,134.0,34.85538,-14.85538101196289
S004,P0020,2023-10-20,35,116.0,38.640087,-3.640087127685547
S004,P0020,2023-10-21,43,92.0,44.63103,-1.6310310363769531
S004,P0020,2023-10-22,30,58.0,32.30012,-2.300121307373047
S004,P0020,2023-10-23,62,121.0,44.81699,17.18301010131836
S004,P0020,2023-10-24,21,84.0,31.866201,-10.866201400756836
S004,P0020,2023-10-25,108,197.0,97.10404,10.895957946777344
S004,P0020,2023-10-26,38,90.0,88.56532,-50.56532287597656
S004,P0020,2023-10-27,78,267.0,87.594795,-9.594795227050781
S004,P0020,2023-10-28,60,177.0,69.223434,-9.223434448242188
S004,P0020,2023-10-29,54,118.0,69.94376,-15.943763732910156
S004,P0020,2023-10-30,59,82.0,67.03494,-8.034942626953125
S004,P0020,2023-10-31,111,119.0,71.68966,39.310340881347656
S004,P0020,2023-11-01,118,52.0,76.24545,41.754547119140625
S004,P0020,2023-11-02,129,192.0,100.61012,28.389877319335938
S004,P0020,2023-11-03,96,258.0,103.56645,-7.5664520263671875
S004,P0020,2023-11-04,38,189.0,69.48527,-31.485267639160156
S004,P0020,2023-11-05,81,158.0,76.13571,4.864288330078125
S004,P0020,2023-11-06,76,92.0,76.14452,-0.14452362060546875
S004,P0020,2023-11-07,88,194.0,76.11535,11.884651184082031
S004,P0020,2023-11-08,55,111.0,69.973595,-14.973594665527344
S004,P0020,2023-11-09,80,243.0,70.64285,9.357147216796875
S004,P0020,2023-11-10,139,160.0,105.76879,33.23120880126953
S004,P0020,2023-11-11,87,0.0,74.926636,12.0733642578125
S004,P0020,2023-11-12,102,283.0,76.47402,25.525978088378906
S004,P0020,2023-11-13,97,215.0,79.54866,17.451339721679688
S004,P0020,2023-11-14,80,130.0,76.06164,3.9383621215820312
S004,P0020,2023-11-15,56,233.0,91.62577,-35.625770568847656
S004,P0020,2023-11-16,105,182.0,76.791084,28.20891571044922
S004,P0020,2023-11-17,46,90.0,90.771065,-44.77106475830078
S004,P0020,2023-11-18,82,242.0,71.02197,10.97802734375
S004,P0020,2023-11-19,88,178.0,76.41627,11.583732604980469
S004,P0020,2023-11-20,47,98.0,72.66458,-25.664581298828125
S004,P0020,2023-11-21,75,213.0,89.651825,-14.651824951171875
S004,P0020,2023-11-22,48,143.0,69.45285,-21.452850341796875
S004,P0020,2023-11-23,21,89.0,64.09599,-43.09599304199219
S004,P0020,2023-11-24,39,73.0,67.69907,-28.699073791503906
S004,P0020,2023-11-25,75,41.0,89.116646,-14.116645812988281
S004,P0020,2023-11-26,84,74.0,87.39477,-3.3947677612304688
S004,P0020,2023-11-27,64,172.0,79.843506,-15.843505859375
S004,P0020,2023-11-28,59,132.0,82.448044,-23.448043823242188
S004,P0020,2023-11-29,57,85.0,67.86149,-10.861488342285156
S004,P0020,2023-11-30,76,161.0,69.736595,6.263404846191406
S004,P0020,2023-12-01,60,70.0,66.38854,-6.388542175292969
S004,P0020,2023-12-02,74,184.0,85.754974,-11.754974365234375
S004,P0020,2023-12-03,65,118.0,73.6936,-8.693603515625
S004,P0020,2023-12-04,4,220.0,83.530396,-79.5303955078125
S004,P0020,2023-12-05,125,215.0,95.969536,29.03046417236328
S004,P0020,2023-12-06,79,137.0,93.68707,-14.68707275390625
S004,P0020,2023-12-07,85,273.0,71.8382,13.161796569824219
S004,P0020,2023-12-08,122,202.0,96.56737,25.432632446289062
S004,P0020,2023-12-09,106,57.0,103.38715,2.6128463745117188
S004,P0020,2023-12-10,22,196.0,63.606846,-41.60684585571289
S004,P0020,2023-12-11,107,355.0,111.92436,-4.9243621826171875
S004,P0020,2023-12-12,64,235.0,71.8861,-7.886100769042969
S004,P0020,2023-12-13,61,162.0,73.28011,-12.280113220214844
S004,P0020,2023-12-14,47,118.0,70.85559,-23.8555908203125
S004,P0020,2023-12-15,56,179.0,69.26053,-13.260528564453125
S004,P0020,2023-12-16,86,127.0,74.514725,11.485275268554688
S004,P0020,2023-12-17,44,47.0,71.49047,-27.49047088623047
S004,P0020,2023-12-18,97,187.0,97.17502,-0.175018310546875
S004,P0020,2023-12-19,65,86.0,77.68099,-12.680992126464844
S004,P0020,2023-12-20,88,223.0,75.43893,12.561073303222656
S004,P0020,2023-12-21,132,130.0,78.1828,53.81719970703125
S004,P0020,2023-12-22,146,28.0,113.97483,32.025169372558594
S004,P0020,2023-12-23,35,280.0,90.166824,-55.16682434082031
S004,P0020,2023-12-24,49,573.0,67.44586,-18.44586181640625
S004,P0020,2023-12-25,77,516.0,77.44531,-0.4453125
S004,P0020,2023-12-26,52,440.0,72.12068,-20.120681762695312
S004,P0020,2023-12-27,28,399.0,54.51984,-26.519840240478516
S004,P0020,2023-12-28,23,370.0,38.91377,-15.913768768310547
S004,P0020,2023-12-29,44,349.0,33.798992,10.201007843017578
S004,P0020,2023-12-30,50,302.0,31.910948,18.089052200317383
S004,P0020,2023-12-31,47,254.0,32.63237,14.367630004882812
S004,P0020,2024-01-01,66,206.0,42.993412,23.006587982177734
S004,P0020,2024-01-02,49,149.0,40.943913,8.056087493896484
S004,P0020,2024-01-03,33,100.0,32.213493,0.7865066528320312
S004,P0020,2024-01-04,19,80.0,37.65839,-18.658390045166016
S004,P0020,2024-01-05,38,138.0,38.35416,-0.3541603088378906
S004,P0020,2024-01-06,49,104.0,39.525703,9.474296569824219
S004,P0020,2024-01-07,22,62.0,27.624002,-5.624002456665039
S004,P0020,2024-01-08,39,164.0,27.579298,11.42070198059082
S004,P0020,2024-01-09,48,124.0,69.19059,-21.190589904785156
S004,P0020,2024-01-10,73,90.0,73.22891,-0.228912353515625
S004,P0020,2024-01-11,73,108.0,77.11629,-4.1162872314453125
S004,P0020,2024-01-12,70,153.0,75.57124,-5.5712432861328125
S004,P0020,2024-01-13,66,86.0,80.06655,-14.066551208496094
S004,P0020,2024-01-14,72,175.0,80.076744,-8.076744079589844
S004,P0020,2024-01-15,64,128.0,74.47897,-10.478973388671875
S004,P0020,2024-01-16,49,214.0,69.96562,-20.965621948242188
S004,P0020,2024-01-17,71,173.0,75.34166,-4.3416595458984375
S004,P0020,2024-01-18,87,115.0,96.004616,-9.004615783691406
S004,P0020,2024-01-19,61,178.0,76.57888,-15.578880310058594
S004,P0020,2024-01-20,83,117.0,75.05614,7.9438629150390625
S004,P0020,2024-01-21,89,46.0,87.27004,1.7299575805664062
S004,P0020,2024-01-22,157,152.0,107.83278,49.16722106933594
S004,P0020,2024-01-23,59,151.0,76.79361,-17.793609619140625
S004,P0020,2024-01-24,73,470.0,82.600525,-9.60052490234375
S004,P0020,2024-01-25,44,384.0,66.02327,-22.023269653320312
S004,P0020,2024-01-26,74,340.0,76.372154,-2.3721542358398438
S004,P0020,2024-01-27,68,255.0,71.600845,-3.6008453369140625
S004,P0020,2024-01-28,75,209.0,83.49481,-8.49481201171875
S004,P0020,2024-01-29,63,149.0,71.152794,-8.152793884277344
S004,P0020,2024-01-30,93,79.0,77.04975,15.950248718261719
S005,P0001,2023-09-07,138,311.0,102.47786,35.52214050292969
S005,P0001,2023-09-08,167,194.0,99.984604,67.01539611816406
S005,P0001,2023-09-09,77,308.0,97.72185,-20.721847534179688
S005,P0001,2023-09-10,92,220.0,103.92341,-11.923408508300781
S005,P0001,2023-09-11,141,137.0,136.44336,4.556640625
S005,P0001,2023-09-12,101,179.0,108.851616,-7.851615905761719
S005,P0001,2023-09-13,236,393.0,131.97101,104.02899169921875
S005,P0001,2023-09-14,119,216.0,117.401344,1.5986557006835938
S005,P0001,2023-09-15,96,479.0,131.3894,-35.389404296875
S005,P0001,2023-09-16,89,413.0,98.17771,-9.177711486816406
S005,P0001,2023-09-17,110,309.0,107.69256,2.3074417114257812
S005,P0001,2023-09-18,49,213.0,125.210915,-76.2109146118164
S005,P0001,2023-09-19,125,168.0,123.621346,1.3786544799804688
S005,P0001,2023-09-20,49,59.0,88.79451,-39.79450988769531
S005,P0001,2023-09-21,112,232.0,99.93027,12.069732666015625
S005,P0001,2023-09-22,64,126.0,93.76981,-29.769813537597656
S005,P0001,2023-09-23,89,341.0,91.689,-2.6890029907226562
S005,P0001,2023-09-24,120,263.0,126.76549,-6.7654876708984375
S005,P0001,2023-09-25,84,164.0,81.791306,2.2086944580078125
S005,P0001,2023-09-26,114,381.0,90.6217,23.37830352783203
S005,P0001,2023-09-27,76,273.0,84.1912,-8.191200256347656
S005,P0001,2023-09-28,146,189.0,112.08089,33.91911315917969
S005,P0001,2023-09-29,169,76.0,81.46651,87.53349304199219
S005,P0001,2023-09-30,79,276.0,97.30929,-18.309288024902344
S005,P0001,2023-10-01,125,510.0,115.29625,9.703750610351562
S005,P0001,2023-10-02,197,380.0,119.18852,77.81147766113281
S005,P0001,2023-10-03,57,213.0,100.41034,-43.41033935546875
S005,P0001,2023-10-04,99,551.0,115.023315,-16.0233154296875
S005,P0001,2023-10-05,104,485.0,94.819374,9.180625915527344
S005,P0001,2023-10-06,185,383.0,92.27412,92.72588348388672
S005,P0001,2023-10-07,95,202.0,75.53859,19.461410522460938
S005,P0001,2023-10-08,71,566.0,72.39232,-1.3923187255859375
S005,P0001,2023-10-09,133,500.0,94.49877,38.50122833251953
S005,P0001,2023-10-10,81,416.0,73.50886,7.491142272949219
S005,P0001,2023-10-11,100,348.0,78.544624,21.45537567138672
S005,P0001,2023-10-12,59,252.0,86.76914,-27.769142150878906
S005,P0001,2023-10-13,37,204.0,67.40189,-30.401893615722656
S005,P0001,2023-10-14,47,174.0,70.79426,-23.79425811767578
S005,P0001,2023-10-15,32,126.0,75.08306,-43.08306121826172
S005,P0001,2023-10-16,81,91.0,40.699524,40.30047607421875
S005,P0001,2023-10-17,74,25.0,80.35699,-6.356986999511719
S005,P0001,2023-10-18,70,176.0,52.832355,17.167644500732422
S005,P0001,2023-10-19,88,120.0,61.469337,26.530662536621094
S005,P0001,2023-10-20,158,201.0,70.89764,87.10236358642578
S005,P0001,2023-10-21,102,54.0,67.64331,34.356689453125
S005,P0001,2023-10-22,61,271.0,74.48887,-13.488868713378906
S005,P0001,2023-10-23,74,199.0,86.10647,-12.106468200683594
S005,P0001,2023-10-24,19,148.0,76.41328,-57.41327667236328
S005,P0001,2023-10-25,209,133.0,94.021385,114.9786148071289
S005,P0001,2023-10-26,82,0.0,123.64654,-41.64653778076172
S005,P0001,2023-10-27,137,398.0,85.89171,51.10829162597656
S005,P0001,2023-10-28,176,248.0,83.90903,92.09097290039062
S005,P0001,2023-10-29,180,102.0,81.67765,98.32234954833984
S005,P0001,2023-10-30,137,419.0,92.15295,44.84705352783203
S005,P0001,2023-10-31,122,307.0,85.24338,36.756622314453125
S005,P0001,2023-11-01,223,232.0,134.25337,88.74662780761719
S005,P0001,2023-11-02,119,60.0,92.4701,26.52989959716797
S005,P0001,2023-11-03,185,378.0,123.27106,61.72894287109375
S005,P0001,2023-11-04,68,197.0,112.1681,-44.16809844970703
S005,P0001,2023-11-05,60,515.0,91.00907,-31.009071350097656
S005,P0001,2023-11-06,91,467.0,81.57243,9.427566528320312
S005,P0001,2023-11-07,97,375.0,84.297386,12.702613830566406
S005,P0001,2023-11-08,102,276.0,131.17621,-29.17620849609375
S005,P0001,2023-11-09,70,203.0,71.84295,-1.8429489135742188
S005,P0001,2023-11-10,86,152.0,76.58746,9.41253662109375
S005,P0001,2023-11-11,112,64.0,71.96751,40.032493591308594
S005,P0001,2023-11-12,126,195.0,100.26264,25.73735809326172
S005,P0001,2023-11-13,127,294.0,112.35058,14.649421691894531
S005,P0001,2023-11-14,88,179.0,92.35863,-4.3586273193359375
S005,P0001,2023-11-15,78,401.0,91.27267,-13.272666931152344
S005,P0001,2023-11-16,82,335.0,101.27456,-19.274559020996094
S005,P0001,2023-11-17,76,240.0,88.3162,-12.316200256347656
S005,P0001,2023-11-18,169,155.0,98.17441,70.82559204101562
S005,P0001,2023-11-19,130,10.0,93.41936,36.58064270019531
S005,P0001,2023-11-20,145,322.0,113.30267,31.69732666015625
S005,P0001,2023-11-21,66,227.0,97.02476,-31.024757385253906
S005,P0001,2023-11-22,110,415.0,99.979256,10.020744323730469
S005,P0001,2023-11-23,133,333.0,94.9523,38.047698974609375
S005,P0001,2023-11-24,103,234.0,101.89073,1.1092681884765625
S005,P0001,2023-11-25,103,150.0,101.1642,1.8358001708984375
S005,P0001,2023-11-26,97,291.0,121.20717,-24.207168579101562
S005,P0001,2023-11-27,181,219.0,84.97562,96.02438354492188
S005,P0001,2023-11-28,82,83.0,89.600845,-7.6008453369140625
S005,P0001,2023-11-29,125,376.0,97.22032,27.779678344726562
S005,P0001,2023-11-30,101,251.0,80.47575,20.524246215820312
S005,P0001,2023-12-01,161,136.0,77.77766,83.22234344482422
S005,P0001,2023-12-02,105,0.0,122.04106,-17.041061401367188
S005,P0001,2023-12-03,80,359.0,85.25763,-5.25762939453125
S005,P0001,2023-12-04,186,268.0,119.12427,66.875732421875
S005,P0001,2023-12-05,119,97.0,101.498924,17.501075744628906
S005,P0001,2023-12-06,126,395.0,116.74118,9.258819580078125
S005,P0001,2023-12-07,174,257.0,109.321266,64.6787338256836
S005,P0001,2023-12-08,163,110.0,140.70723,22.292770385742188
S005,P0001,2023-12-09,6,329.0,78.65648,-72.65647888183594
S005,P0001,2023-12-10,206,325.0,140.34863,65.6513671875
S005,P0001,2023-12-11,121,113.0,102.67445,18.325546264648438
S005,P0001,2023-12-12,125,363.0,135.96245,-10.962448120117188
S005,P0001,2023-12-13,160,269.0,106.69991,53.300086975097656
S005,P0001,2023-12-14,72,87.0,103.94574,-31.94573974609375
S005,P0001,2023-12-15,175,310.0,147.24081,27.759185791015625
S005,P0001,2023-12-16,87,145.0,115.54038,-28.540382385253906
S005,P0001,2023-12-17,59,390.0,91.88383,-32.883827209472656
S005,P0001,2023-12-18,94,354.0,110.27628,-16.276283264160156
S005,P0001,2023-12-19,58,254.0,99.94949,-41.949493408203125
S005,P0001,2023-12-20,95,186.0,103.68705,-8.687049865722656
S005,P0001,2023-12-21,196,77.0,96.568535,99.43146514892578
S005,P0001,2023-12-22,155,176.0,93.91308,61.08692169189453
S005,P0001,2023-12-23,118,431.0,105.03436,12.96563720703125
S005,P0001,2023-12-24,206,301.0,135.5031,70.49690246582031
S005,P0001,2023-12-25,166,122.0,120.283325,45.7166748046875
S005,P0001,2023-12-26,140,342.0,140.93582,-0.935821533203125
S005,P0001,2023-12-27,114,231.0,108.96382,5.0361785888671875
S005,P0001,2023-12-28,84,114.0,88.51382,-4.513816833496094
S005,P0001,2023-12-29,63,220.0,80.467804,-17.467803955078125
S005,P0001,2023-12-30,37,181.0,85.883675,-48.88367462158203
S005,P0001,2023-12-31,82,150.0,70.307976,11.692024230957031
S005,P0001,2024-01-01,106,83.0,66.41906,39.58094024658203
S005,P0001,2024-01-02,59,169.0,75.12606,-16.126060485839844
S005,P0001,2024-01-03,71,353.0,78.56719,-7.567192077636719
S005,P0001,2024-01-04,90,271.0,84.3225,5.677497863769531
S005,P0001,2024-01-05,110,202.0,62.103443,47.89655685424805
S005,P0001,2024-01-06,58,126.0,77.62281,-19.62281036376953
S005,P0001,2024-01-07,82,258.0,59.965332,22.03466796875
S005,P0001,2024-01-08,90,169.0,74.2029,15.797096252441406
S005,P0001,2024-01-09,169,100.0,76.52375,92.47624969482422
S005,P0001,2024-01-10,53,174.0,87.786194,-34.78619384765625
S005,P0001,2024-01-11,141,459.0,104.63493,36.36506652832031
S005,P0001,2024-01-12,142,347.0,81.0165,60.983497619628906
S005,P0001,2024-01-13,149,198.0,110.93911,38.060890197753906
S005,P0001,2024-01-14,123,56.0,84.282295,38.71770477294922
S005,P0001,2024-01-15,103,333.0,96.02393,6.976066589355469
S005,P0001,2024-01-16,104,234.0,92.04784,11.952163696289062
S005,P0001,2024-01-17,31,151.0,105.921646,-74.92164611816406
S005,P0001,2024-01-18,132,296.0,89.07206,42.927940368652344
S005,P0001,2024-01-19,105,175.0,116.00059,-11.000587463378906
S005,P0001,2024-01-20,95,394.0,85.01624,9.983757019042969
S005,P0001,2024-01-21,148,308.0,106.6629,41.33709716796875
S005,P0001,2024-01-22,177,209.0,113.49601,63.503990173339844
S005,P0001,2024-01-23,49,379.0,71.46173,-22.46173095703125
S005,P0001,2024-01-24,236,324.0,122.9459,113.0541000366211
S005,P0001,2024-01-25,209,71.0,105.04674,103.95326232910156
S005,P0001,2024-01-26,152,392.0,99.533394,52.46660614013672
S005,P0001,2024-01-27,68,299.0,97.437675,-29.43767547607422
S005,P0001,2024-01-28,128,243.0,116.731674,11.268325805664062
S005,P0001,2024-01-29,118,117.0,109.888565,8.111434936523438
S005,P0001,2024-01-30,99,267.0,103.45405,-4.454048156738281
S005,P0002,2023-09-07,116,356.0,110.34781,5.652191162109375
S005,P0002,2023-09-08,75,234.0,101.70563,-26.70562744140625
S005,P0002,2023-09-09,57,156.0,105.50618,-48.50617980957031
S005,P0002,2023-09-10,159,391.0,134.65915,24.340850830078125
S005,P0002,2023-09-11,139,270.0,96.85598,42.144020080566406
S005,P0002,2023-09-12,92,111.0,107.92969,-15.9296875
S005,P0002,2023-09-13,108,525.0,103.48436,4.5156402587890625
S005,P0002,2023-09-14,114,457.0,102.460014,11.539985656738281
S005,P0002,2023-09-15,89,354.0,140.97888,-51.9788818359375
S005,P0002,2023-09-16,66,248.0,103.6862,-37.68620300292969
S005,P0002,2023-09-17,90,193.0,133.28082,-43.28082275390625
S005,P0002,2023-09-18,114,126.0,103.36966,10.630340576171875
S005,P0002,2023-09-19,111,217.0,103.145096,7.8549041748046875
S005,P0002,2023-09-20,147,134.0,130.16629,16.833709716796875
S005,P0002,2023-09-21,77,341.0,99.419174,-22.419174194335938
S005,P0002,2023-09-22,101,261.0,96.33206,4.667938232421875
S005,P0002,2023-09-23,114,553.0,97.817726,16.182273864746094
S005,P0002,2023-09-24,149,421.0,132.96777,16.0322265625
S005,P0002,2023-09-25,91,265.0,96.95134,-5.9513397216796875
S005,P0002,2023-09-26,112,164.0,108.9827,3.017303466796875
S005,P0002,2023-09-27,166,547.0,104.90557,61.09442901611328
S005,P0002,2023-09-28,126,354.0,102.6878,23.31220245361328
S005,P0002,2023-09-29,96,242.0,107.166016,-11.166015625
S005,P0002,2023-09-30,64,645.0,105.7718,-41.77179718017578
S005,P0002,2023-10-01,108,591.0,96.20081,11.799186706542969
S005,P0002,2023-10-02,125,478.0,96.77354,28.226463317871094
S005,P0002,2023-10-03,88,368.0,136.69164,-48.69163513183594
S005,P0002,2023-10-04,120,293.0,131.339,-11.339004516601562
S005,P0002,2023-10-05,96,175.0,135.19934,-39.1993408203125
S005,P0002,2023-10-06,81,102.0,101.000206,-20.000205993652344
S005,P0002,2023-10-07,63,336.0,84.203,-21.2030029296875
S005,P0002,2023-10-08,91,298.0,111.271576,-20.271575927734375
S005,P0002,2023-10-09,45,212.0,83.04831,-38.048309326171875
S005,P0002,2023-10-10,25,173.0,75.22497,-50.22496795654297
S005,P0002,2023-10-11,44,447.0,68.72722,-24.727218627929688
S005,P0002,2023-10-12,66,400.0,63.228527,2.771472930908203
S005,P0002,2023-10-13,37,323.0,63.612755,-26.612754821777344
S005,P0002,2023-10-14,70,295.0,68.76024,1.2397613525390625
S005,P0002,2023-10-15,46,232.0,54.34486,-8.344860076904297
S005,P0002,2023-10-16,26,201.0,40.090298,-14.09029769897461
S005,P0002,2023-10-17,90,180.0,60.493725,29.506275177001953
S005,P0002,2023-10-18,47,118.0,55.342476,-8.342475891113281
S005,P0002,2023-10-19,62,62.0,46.988388,15.011611938476562
S005,P0002,2023-10-20,58,249.0,49.593327,8.406673431396484
S005,P0002,2023-10-21,42,214.0,52.51123,-10.51123046875
S005,P0002,2023-10-22,30,164.0,44.961628,-14.961627960205078
S005,P0002,2023-10-23,68,140.0,60.215187,7.784812927246094
S005,P0002,2023-10-24,21,86.0,44.697983,-23.697982788085938
S005,P0002,2023-10-25,81,69.0,112.58229,-31.582290649414062
S005,P0002,2023-10-26,58,235.0,111.02553,-53.02552795410156
S005,P0002,2023-10-27,104,186.0,106.068245,-2.0682449340820312
S005,P0002,2023-10-28,127,116.0,110.294655,16.705345153808594
S005,P0002,2023-10-29,53,30.0,84.51166,-31.51165771484375
S005,P0002,2023-10-30,81,281.0,91.008644,-10.008644104003906
S005,P0002,2023-10-31,64,547.0,85.34277,-21.3427734375
S005,P0002,2023-11-01,61,498.0,88.51376,-27.513763427734375
S005,P0002,2023-11-02,58,456.0,86.131645,-28.13164520263672
S005,P0002,2023-11-03,121,407.0,106.99641,14.003593444824219
S005,P0002,2023-11-04,71,317.0,94.63703,-23.63703155517578
S005,P0002,2023-11-05,88,249.0,90.298546,-2.2985458374023438
S005,P0002,2023-11-06,107,502.0,99.10609,7.893913269042969
S005,P0002,2023-11-07,89,394.0,109.74037,-20.740371704101562
S005,P0002,2023-11-08,117,297.0,117.02607,-0.02606964111328125
S005,P0002,2023-11-09,65,189.0,90.453896,-25.453895568847656
S005,P0002,2023-11-10,183,132.0,122.63186,60.368141174316406
S005,P0002,2023-11-11,131,421.0,125.40748,5.592521667480469
S005,P0002,2023-11-12,138,265.0,134.47968,3.52032470703125
S005,P0002,2023-11-13,117,705.0,100.0083,16.99169921875
S005,P0002,2023-11-14,80,631.0,95.463646,-15.463645935058594
S005,P0002,2023-11-15,140,569.0,125.62338,14.376617431640625
S005,P0002,2023-11-16,124,413.0,104.778694,19.22130584716797
S005,P0002,2023-11-17,70,297.0,90.56232,-20.56231689453125
S005,P0002,2023-11-18,100,234.0,122.65091,-22.650909423828125
S005,P0002,2023-11-19,147,464.0,83.019226,63.98077392578125
S005,P0002,2023-11-20,83,310.0,126.75597,-43.75596618652344
S005,P0002,2023-11-21,132,242.0,106.27457,25.725433349609375
S005,P0002,2023-11-22,125,486.0,94.26156,30.738441467285156
S005,P0002,2023-11-23,68,339.0,97.72698,-29.72698211669922
S005,P0002,2023-11-24,95,289.0,108.21347,-13.213470458984375
S005,P0002,2023-11-25,108,177.0,135.29344,-27.293441772460938
S005,P0002,2023-11-26,38,75.0,95.95289,-57.95288848876953
S005,P0002,2023-11-27,117,293.0,101.24062,15.759376525878906
S005,P0002,2023-11-28,92,162.0,99.74685,-7.746849060058594
S005,P0002,2023-11-29,86,93.0,100.05773,-14.057731628417969
S005,P0002,2023-11-30,120,309.0,94.21393,25.78607177734375
S005,P0002,2023-12-01,142,214.0,114.8999,27.10009765625
S005,P0002,2023-12-02,70,61.0,97.34841,-27.348411560058594
S005,P0002,2023-12-03,121,427.0,103.07849,17.9215087890625
S005,P0002,2023-12-04,93,324.0,133.53716,-40.53715515136719
S005,P0002,2023-12-05,88,218.0,113.294365,-25.29436492919922
S005,P0002,2023-12-06,128,140.0,111.94196,16.05803680419922
S005,P0002,2023-12-07,34,351.0,94.12498,-60.124977111816406
S005,P0002,2023-12-08,119,322.0,98.72779,20.27220916748047
S005,P0002,2023-12-09,88,238.0,100.507515,-12.507514953613281
S005,P0002,2023-12-10,101,175.0,99.301994,1.6980056762695312
S005,P0002,2023-12-11,77,510.0,97.48493,-20.48493194580078
S005,P0002,2023-12-12,158,450.0,123.12973,34.870269775390625
S005,P0002,2023-12-13,65,264.0,92.24594,-27.245941162109375
S005,P0002,2023-12-14,165,199.0,102.61117,62.388832092285156
S005,P0002,2023-12-15,119,554.0,105.54373,13.456268310546875
S005,P0002,2023-12-16,177,427.0,94.620224,82.37977600097656
S005,P0002,2023-12-17,140,251.0,104.22042,35.779579162597656
S005,P0002,2023-12-18,130,119.0,109.20516,20.794837951660156
S005,P0002,2023-12-19,92,454.0,103.16338,-11.163383483886719
S005,P0002,2023-12-20,155,381.0,131.67029,23.3297119140625
S005,P0002,2023-12-21,143,204.0,138.63031,4.36968994140625
S005,P0002,2023-12-22,106,95.0,137.62457,-31.62457275390625
S005,P0002,2023-12-23,133,528.0,131.33171,1.6682891845703125
S005,P0002,2023-12-24,114,408.0,138.95343,-24.95343017578125
S005,P0002,2023-12-25,92,295.0,110.55337,-18.553367614746094
S005,P0002,2023-12-26,92,227.0,113.48725,-21.48725128173828
S005,P0002,2023-12-27,38,162.0,115.287605,-77.28760528564453
S005,P0002,2023-12-28,75,440.0,100.4805,-25.480499267578125
S005,P0002,2023-12-29,38,362.0,78.69774,-40.69773864746094
S005,P0002,2023-12-30,44,331.0,67.587074,-23.587074279785156
S005,P0002,2023-12-31,66,304.0,65.079605,0.9203948974609375
S005,P0002,2024-01-01,57,255.0,74.45588,-17.45587921142578
S005,P0002,2024-01-02,86,208.0,40.851418,45.148582458496094
S005,P0002,2024-01-03,43,116.0,68.25569,-25.255691528320312
S005,P0002,2024-01-04,59,66.0,44.048386,14.951614379882812
S005,P0002,2024-01-05,82,288.0,46.17763,35.82236862182617
S005,P0002,2024-01-06,42,224.0,51.79635,-9.796348571777344
S005,P0002,2024-01-07,67,197.0,61.157173,5.842826843261719
S005,P0002,2024-01-08,65,387.0,47.176598,17.823402404785156
S005,P0002,2024-01-09,149,343.0,86.48805,62.51194763183594
S005,P0002,2024-01-10,67,175.0,90.131996,-23.131996154785156
S005,P0002,2024-01-11,83,121.0,92.98412,-9.984123229980469
S005,P0002,2024-01-12,83,458.0,87.64148,-4.6414794921875
S005,P0002,2024-01-13,43,396.0,89.58247,-46.58247375488281
S005,P0002,2024-01-14,72,350.0,93.02943,-21.02942657470703
S005,P0002,2024-01-15,187,266.0,118.48999,68.510009765625
S005,P0002,2024-01-16,95,144.0,129.72752,-34.72752380371094
S005,P0002,2024-01-17,47,57.0,100.492744,-53.49274444580078
S005,P0002,2024-01-18,106,567.0,101.51261,4.487388610839844
S005,P0002,2024-01-19,37,449.0,97.77335,-60.773353576660156
S005,P0002,2024-01-20,78,423.0,120.674576,-42.67457580566406
S005,P0002,2024-01-21,64,335.0,97.53261,-33.53260803222656
S005,P0002,2024-01-22,109,289.0,98.09033,10.90966796875
S005,P0002,2024-01-23,100,183.0,105.502495,-5.502494812011719
S005,P0002,2024-01-24,70,107.0,110.35408,-40.35408020019531
S005,P0002,2024-01-25,101,377.0,112.32656,-11.326560974121094
S005,P0002,2024-01-26,84,256.0,109.2552,-25.255203247070312
S005,P0002,2024-01-27,83,194.0,111.245415,-28.24541473388672
S005,P0002,2024-01-28,115,97.0,97.83534,17.164657592773438
S005,P0002,2024-01-29,118,274.0,94.42103,23.57897186279297
S005,P0002,2024-01-30,136,156.0,97.04309,38.9569091796875
S005,P0003,2023-09-07,72,215.0,120.70348,-48.70348358154297
S005,P0003,2023-09-08,65,141.0,89.21219,-24.212188720703125
S005,P0003,2023-09-09,151,132.0,114.94607,36.053932189941406
S005,P0003,2023-09-10,145,145.0,115.588745,29.4112548828125
S005,P0003,2023-09-11,134,161.0,119.93518,14.0648193359375
S005,P0003,2023-09-12,53,166.0,95.454926,-42.454925537109375
S005,P0003,2023-09-13,150,127.0,122.245804,27.754196166992188
S005,P0003,2023-09-14,68,127.0,91.24808,-23.248077392578125
S005,P0003,2023-09-15,167,121.0,94.50031,72.49968719482422
S005,P0003,2023-09-16,59,179.0,94.705246,-35.70524597167969
S005,P0003,2023-09-17,48,135.0,90.69927,-42.69927215576172
S005,P0003,2023-09-18,165,130.0,124.75698,40.243019104003906
S005,P0003,2023-09-19,115,146.0,93.962456,21.03754425048828
S005,P0003,2023-09-20,78,126.0,95.14415,-17.144149780273438
S005,P0003,2023-09-21,67,108.0,87.52158,-20.521583557128906
S005,P0003,2023-09-22,68,140.0,90.92775,-22.927749633789062
S005,P0003,2023-09-23,143,168.0,116.88124,26.118759155273438
S005,P0003,2023-09-24,67,166.0,93.069,-26.069000244140625
S005,P0003,2023-09-25,83,99.0,94.32588,-11.325881958007812
S005,P0003,2023-09-26,99,121.0,89.53649,9.463508605957031
S005,P0003,2023-09-27,123,83.0,92.05395,30.94605255126953
S005,P0003,2023-09-28,79,113.0,88.1117,-9.111701965332031
S005,P0003,2023-09-29,119,113.0,93.53279,25.467208862304688
S005,P0003,2023-09-30,103,134.0,93.423805,9.576194763183594
S005,P0003,2023-10-01,99,158.0,93.8898,5.110198974609375
S005,P0003,2023-10-02,128,182.0,117.334366,10.665634155273438
S005,P0003,2023-10-03,79,198.0,93.41231,-14.412307739257812
S005,P0003,2023-10-04,118,123.0,93.83117,24.16883087158203
S005,P0003,2023-10-05,103,126.0,120.46676,-17.466758728027344
S005,P0003,2023-10-06,101,144.0,119.264824,-18.26482391357422
S005,P0003,2023-10-07,34,144.0,81.094666,-47.09466552734375
S005,P0003,2023-10-08,24,114.0,70.50342,-46.50341796875
S005,P0003,2023-10-09,57,149.0,74.879364,-17.879364013671875
S005,P0003,2023-10-10,36,104.0,72.443054,-36.44305419921875
S005,P0003,2023-10-11,74,114.0,78.952065,-4.952064514160156
S005,P0003,2023-10-12,57,102.0,56.695812,0.3041877746582031
S005,P0003,2023-10-13,37,113.0,39.943653,-2.943653106689453
S005,P0003,2023-10-14,30,134.0,30.986559,-0.9865589141845703
S005,P0003,2023-10-15,21,104.0,33.117348,-12.117347717285156
S005,P0003,2023-10-16,30,135.0,27.582066,2.4179344177246094
S005,P0003,2023-10-17,43,103.0,30.960913,12.039087295532227
S005,P0003,2023-10-18,54,103.0,33.972923,20.027076721191406
S005,P0003,2023-10-19,11,102.0,41.483017,-30.483016967773438
S005,P0003,2023-10-20,16,90.0,25.759506,-9.759506225585938
S005,P0003,2023-10-21,32,130.0,30.148764,1.851236343383789
S005,P0003,2023-10-22,52,100.0,29.95269,22.04730987548828
S005,P0003,2023-10-23,65,101.0,36.65301,28.346988677978516
S005,P0003,2023-10-24,35,126.0,27.09847,7.901529312133789
S005,P0003,2023-10-25,73,96.0,104.1142,-31.11419677734375
S005,P0003,2023-10-26,74,128.0,86.59537,-12.595367431640625
S005,P0003,2023-10-27,111,121.0,89.73342,21.266578674316406
S005,P0003,2023-10-28,84,139.0,85.89058,-1.8905792236328125
S005,P0003,2023-10-29,99,142.0,86.75878,12.241218566894531
S005,P0003,2023-10-30,113,153.0,89.5391,23.460899353027344
S005,P0003,2023-10-31,82,187.0,83.584564,-1.584564208984375
S005,P0003,2023-11-01,57,108.0,84.23274,-27.232742309570312
S005,P0003,2023-11-02,50,119.0,82.34143,-32.3414306640625
S005,P0003,2023-11-03,68,115.0,83.921646,-15.921646118164062
S005,P0003,2023-11-04,98,123.0,83.91644,14.08355712890625
S005,P0003,2023-11-05,56,134.0,85.22488,-29.224876403808594
S005,P0003,2023-11-06,74,140.0,98.70422,-24.7042236328125
S005,P0003,2023-11-07,80,135.0,77.92326,2.0767364501953125
S005,P0003,2023-11-08,118,141.0,98.0379,19.96209716796875
S005,P0003,2023-11-09,106,158.0,83.376274,22.62372589111328
S005,P0003,2023-11-10,115,166.0,85.10055,29.899452209472656
S005,P0003,2023-11-11,124,179.0,108.03775,15.962249755859375
S005,P0003,2023-11-12,188,231.0,120.970764,67.02923583984375
S005,P0003,2023-11-13,113,245.0,92.06608,20.933921813964844
S005,P0003,2023-11-14,114,131.0,111.31059,2.6894073486328125
S005,P0003,2023-11-15,126,154.0,124.703606,1.2963943481445312
S005,P0003,2023-11-16,87,181.0,91.21672,-4.2167205810546875
S005,P0003,2023-11-17,53,97.0,86.65627,-33.656272888183594
S005,P0003,2023-11-18,124,114.0,114.69483,9.305168151855469
S005,P0003,2023-11-19,64,126.0,108.942184,-44.94218444824219
S005,P0003,2023-11-20,120,147.0,86.17791,33.82209014892578
S005,P0003,2023-11-21,69,165.0,85.52709,-16.52709197998047
S005,P0003,2023-11-22,66,102.0,87.903625,-21.90362548828125
S005,P0003,2023-11-23,123,103.0,117.25664,5.7433624267578125
S005,P0003,2023-11-24,94,102.0,93.05654,0.9434585571289062
S005,P0003,2023-11-25,100,106.0,91.82566,8.174339294433594
S005,P0003,2023-11-26,118,141.0,92.89862,25.10137939453125
S005,P0003,2023-11-27,129,111.0,121.51254,7.487457275390625
S005,P0003,2023-11-28,113,165.0,94.13651,18.863487243652344
S005,P0003,2023-11-29,89,162.0,92.622955,-3.622955322265625
S005,P0003,2023-11-30,148,164.0,94.16608,53.83392333984375
S005,P0003,2023-12-01,192,161.0,122.55766,69.44233703613281
S005,P0003,2023-12-02,90,220.0,133.49171,-43.49171447753906
S005,P0003,2023-12-03,144,117.0,109.74895,34.25105285644531
S005,P0003,2023-12-04,87,127.0,116.761475,-29.761474609375
S005,P0003,2023-12-05,127,154.0,113.736206,13.2637939453125
S005,P0003,2023-12-06,118,190.0,145.1407,-27.140701293945312
S005,P0003,2023-12-07,113,232.0,118.364876,-5.364875793457031
S005,P0003,2023-12-08,104,132.0,109.3516,-5.351600646972656
S005,P0003,2023-12-09,92,174.0,137.52467,-45.52467346191406
S005,P0003,2023-12-10,95,194.0,125.854355,-30.854354858398438
S005,P0003,2023-12-11,85,80.0,99.17456,-14.174560546875
S005,P0003,2023-12-12,123,100.0,129.56812,-6.568115234375
S005,P0003,2023-12-13,118,127.0,103.84308,14.15692138671875
S005,P0003,2023-12-14,36,130.0,97.87154,-61.87153625488281
S005,P0003,2023-12-15,119,104.0,100.54929,18.450706481933594
S005,P0003,2023-12-16,135,119.0,124.68366,10.316337585449219
S005,P0003,2023-12-17,142,142.0,102.282295,39.71770477294922
S005,P0003,2023-12-18,151,146.0,128.28276,22.717239379882812
S005,P0003,2023-12-19,72,229.0,131.03703,-59.03703308105469
S005,P0003,2023-12-20,45,162.0,98.6794,-53.67939758300781
S005,P0003,2023-12-21,99,132.0,101.699524,-2.69952392578125
S005,P0003,2023-12-22,124,135.0,96.40787,27.592132568359375
S005,P0003,2023-12-23,104,150.0,97.64271,6.357292175292969
S005,P0003,2023-12-24,73,163.0,96.77557,-23.77557373046875
S005,P0003,2023-12-25,56,164.0,96.98069,-40.980690002441406
S005,P0003,2023-12-26,95,98.0,103.11981,-8.11981201171875
S005,P0003,2023-12-27,44,120.0,101.671455,-57.67145538330078
S005,P0003,2023-12-28,27,124.0,64.44853,-37.44853210449219
S005,P0003,2023-12-29,18,92.0,46.659714,-28.659713745117188
S005,P0003,2023-12-30,21,128.0,53.69332,-32.693321228027344
S005,P0003,2023-12-31,49,111.0,31.500029,17.499971389770508
S005,P0003,2024-01-01,19,132.0,19.199772,-0.19977188110351562
S005,P0003,2024-01-02,23,115.0,15.160484,7.839515686035156
S005,P0003,2024-01-03,39,95.0,17.142916,21.857084274291992
S005,P0003,2024-01-04,28,102.0,21.222174,6.777826309204102
S005,P0003,2024-01-05,27,133.0,24.978601,2.0213985443115234
S005,P0003,2024-01-06,71,104.0,22.501755,48.49824523925781
S005,P0003,2024-01-07,14,109.0,15.745049,-1.7450494766235352
S005,P0003,2024-01-08,31,99.0,28.42031,2.579690933227539
S005,P0003,2024-01-09,97,128.0,86.789474,10.210525512695312
S005,P0003,2024-01-10,115,162.0,110.749466,4.2505340576171875
S005,P0003,2024-01-11,4,184.0,107.43976,-103.43975830078125
S005,P0003,2024-01-12,83,180.0,94.73695,-11.736953735351562
S005,P0003,2024-01-13,95,86.0,94.65882,0.34117889404296875
S005,P0003,2024-01-14,78,90.0,97.48797,-19.48796844482422
S005,P0003,2024-01-15,80,117.0,92.25691,-12.256912231445312
S005,P0003,2024-01-16,74,103.0,104.8849,-30.884902954101562
S005,P0003,2024-01-17,73,125.0,93.17427,-20.174270629882812
S005,P0003,2024-01-18,43,154.0,92.7014,-49.70140075683594
S005,P0003,2024-01-19,34,127.0,104.609436,-70.60943603515625
S005,P0003,2024-01-20,104,99.0,91.54622,12.453781127929688
S005,P0003,2024-01-21,68,97.0,88.84579,-20.845787048339844
S005,P0003,2024-01-22,183,116.0,108.56365,74.43634796142578
S005,P0003,2024-01-23,59,206.0,95.15446,-36.154457092285156
S005,P0003,2024-01-24,150,145.0,114.03478,35.96521759033203
S005,P0003,2024-01-25,62,160.0,91.84257,-29.842567443847656
S005,P0003,2024-01-26,80,97.0,99.33675,-19.336746215820312
S005,P0003,2024-01-27,92,136.0,92.34163,-0.3416290283203125
S005,P0003,2024-01-28,113,140.0,120.09963,-7.099632263183594
S005,P0003,2024-01-29,100,178.0,86.315544,13.684455871582031
S005,P0003,2024-01-30,121,212.0,92.02486,28.975143432617188
S005,P0004,2023-09-07,94,220.0,89.73776,4.262237548828125
S005,P0004,2023-09-08,128,112.0,121.36394,6.6360626220703125
S005,P0004,2023-09-09,121,141.0,134.52441,-13.5244140625
S005,P0004,2023-09-10,66,132.0,95.18732,-29.18731689453125
S005,P0004,2023-09-11,166,162.0,130.84468,35.15531921386719
S005,P0004,2023-09-12,118,149.0,100.20839,17.791610717773438
S005,P0004,2023-09-13,189,153.0,136.5533,52.44670104980469
S005,P0004,2023-09-14,59,202.0,75.174355,-16.174354553222656
S005,P0004,2023-09-15,157,154.0,136.43323,20.5667724609375
S005,P0004,2023-09-16,150,158.0,142.58438,7.415618896484375
S005,P0004,2023-09-17,88,153.0,112.47122,-24.471221923828125
S005,P0004,2023-09-18,159,166.0,125.92835,33.07164764404297
S005,P0004,2023-09-19,111,212.0,117.91879,-6.918792724609375
S005,P0004,2023-09-20,141,102.0,119.06146,21.93853759765625
S005,P0004,2023-09-21,117,129.0,92.57866,24.421340942382812
S005,P0004,2023-09-22,155,162.0,145.72942,9.270584106445312
S005,P0004,2023-09-23,114,133.0,122.37217,-8.372169494628906
S005,P0004,2023-09-24,133,162.0,118.72013,14.279869079589844
S005,P0004,2023-09-25,99,143.0,65.62478,33.375221252441406
S005,P0004,2023-09-26,150,193.0,112.473915,37.526084899902344
S005,P0004,2023-09-27,84,220.0,99.34633,-15.346328735351562
S005,P0004,2023-09-28,166,141.0,147.91566,18.084335327148438
S005,P0004,2023-09-29,178,168.0,125.72475,52.27525329589844
S005,P0004,2023-09-30,77,228.0,83.506035,-6.506034851074219
S005,P0004,2023-10-01,113,163.0,117.055595,-4.055595397949219
S005,P0004,2023-10-02,162,185.0,151.57149,10.428512573242188
S005,P0004,2023-10-03,93,194.0,112.82073,-19.82073211669922
S005,P0004,2023-10-04,146,100.0,106.456184,39.54381561279297
S005,P0004,2023-10-05,121,152.0,118.26696,2.7330398559570312
S005,P0004,2023-10-06,134,179.0,120.09401,13.905990600585938
S005,P0004,2023-10-07,152,146.0,87.146095,64.8539047241211
S005,P0004,2023-10-08,87,177.0,80.95462,6.045379638671875
S005,P0004,2023-10-09,49,115.0,63.225636,-14.225635528564453
S005,P0004,2023-10-10,57,109.0,62.539425,-5.539424896240234
S005,P0004,2023-10-11,164,115.0,111.498505,52.501495361328125
S005,P0004,2023-10-12,64,170.0,55.358475,8.641525268554688
S005,P0004,2023-10-13,65,99.0,85.44859,-20.448593139648438
S005,P0004,2023-10-14,38,103.0,76.07307,-38.07306671142578
S005,P0004,2023-10-15,78,120.0,71.920494,6.079505920410156
S005,P0004,2023-10-16,56,137.0,61.57713,-5.577129364013672
S005,P0004,2023-10-17,80,79.0,72.00899,7.9910125732421875
S005,P0004,2023-10-18,126,87.0,78.95572,47.044281005859375
S005,P0004,2023-10-19,177,106.0,90.81955,86.18045043945312
S005,P0004,2023-10-20,107,157.0,73.9443,33.055702209472656
S005,P0004,2023-10-21,99,169.0,69.72495,29.275047302246094
S005,P0004,2023-10-22,60,170.0,65.262794,-5.262794494628906
S005,P0004,2023-10-23,66,102.0,50.498993,15.501007080078125
S005,P0004,2023-10-24,56,92.0,56.049343,-0.049343109130859375
S005,P0004,2023-10-25,92,108.0,77.08362,14.9163818359375
S005,P0004,2023-10-26,143,128.0,98.25346,44.74653625488281
S005,P0004,2023-10-27,125,169.0,90.66153,34.338470458984375
S005,P0004,2023-10-28,169,166.0,105.493484,63.50651550292969
S005,P0004,2023-10-29,87,185.0,62.145897,24.854103088378906
S005,P0004,2023-10-30,94,84.0,92.26016,1.739837646484375
S005,P0004,2023-10-31,145,133.0,92.89793,52.102073669433594
S005,P0004,2023-11-01,128,144.0,111.135544,16.864456176757812
S005,P0004,2023-11-02,73,136.0,81.63217,-8.632171630859375
S005,P0004,2023-11-03,120,149.0,96.31959,23.68041229248047
S005,P0004,2023-11-04,112,143.0,95.93186,16.068138122558594
S005,P0004,2023-11-05,141,140.0,121.12397,19.87602996826172
S005,P0004,2023-11-06,62,197.0,50.794334,11.205665588378906
S005,P0004,2023-11-07,129,159.0,89.03396,39.966041564941406
S005,P0004,2023-11-08,141,183.0,111.065796,29.9342041015625
S005,P0004,2023-11-09,78,206.0,42.030025,35.969974517822266
S005,P0004,2023-11-10,132,144.0,82.883286,49.11671447753906
S005,P0004,2023-11-11,146,199.0,89.12571,56.874290466308594
S005,P0004,2023-11-12,92,183.0,54.658447,37.341552734375
S005,P0004,2023-11-13,116,81.0,89.33265,26.66735076904297
S005,P0004,2023-11-14,115,129.0,104.783516,10.216484069824219
S005,P0004,2023-11-15,82,93.0,70.79378,11.206222534179688
S005,P0004,2023-11-16,140,92.0,107.099106,32.90089416503906
S005,P0004,2023-11-17,103,156.0,84.067116,18.932884216308594
S005,P0004,2023-11-18,142,151.0,105.05768,36.94232177734375
S005,P0004,2023-11-19,233,184.0,116.9751,116.02490234375
S005,P0004,2023-11-20,72,230.0,87.05431,-15.054313659667969
S005,P0004,2023-11-21,194,186.0,106.87137,87.12863159179688
S005,P0004,2023-11-22,65,156.0,48.40491,16.595088958740234
S005,P0004,2023-11-23,113,79.0,119.38344,-6.3834381103515625
S005,P0004,2023-11-24,177,114.0,143.72014,33.27986145019531
S005,P0004,2023-11-25,102,174.0,111.18,-9.180000305175781
S005,P0004,2023-11-26,183,183.0,106.97045,76.02954864501953
S005,P0004,2023-11-27,124,201.0,93.10285,30.89714813232422
S005,P0004,2023-11-28,157,237.0,90.62452,66.37548065185547
S005,P0004,2023-11-29,120,245.0,113.7625,6.2375030517578125
S005,P0004,2023-11-30,98,155.0,117.90546,-19.90545654296875
S005,P0004,2023-12-01,115,187.0,99.96579,15.034210205078125
S005,P0004,2023-12-02,123,202.0,118.6998,4.300201416015625
S005,P0004,2023-12-03,137,219.0,119.456726,17.54327392578125
S005,P0004,2023-12-04,93,78.0,108.518265,-15.518264770507812
S005,P0004,2023-12-05,117,120.0,105.81041,11.189590454101562
S005,P0004,2023-12-06,208,120.0,167.71986,40.28013610839844
S005,P0004,2023-12-07,100,236.0,93.21981,6.780189514160156
S005,P0004,2023-12-08,123,118.0,109.7842,13.215797424316406
S005,P0004,2023-12-09,60,148.0,66.46884,-6.468841552734375
S005,P0004,2023-12-10,68,98.0,77.91475,-9.914749145507812
S005,P0004,2023-12-11,140,83.0,148.16872,-8.168716430664062
S005,P0004,2023-12-12,71,168.0,90.71046,-19.71045684814453
S005,P0004,2023-12-13,149,119.0,115.20086,33.79914093017578
S005,P0004,2023-12-14,198,125.0,122.55862,75.4413833618164
S005,P0004,2023-12-15,105,178.0,98.10599,6.894012451171875
S005,P0004,2023-12-16,122,189.0,95.40671,26.593292236328125
S005,P0004,2023-12-17,34,196.0,76.09247,-42.09246826171875
S005,P0004,2023-12-18,109,168.0,99.428696,9.571304321289062
S005,P0004,2023-12-19,134,189.0,107.06584,26.934158325195312
S005,P0004,2023-12-20,166,201.0,107.93313,58.066871643066406
S005,P0004,2023-12-21,148,217.0,105.45362,42.54637908935547
S005,P0004,2023-12-22,250,241.0,128.39485,121.60514831542969
S005,P0004,2023-12-23,93,360.0,85.92523,7.07476806640625
S005,P0004,2023-12-24,252,288.0,129.11926,122.8807373046875
S005,P0004,2023-12-25,113,341.0,78.268394,34.731605529785156
S005,P0004,2023-12-26,116,247.0,110.43911,5.560890197753906
S005,P0004,2023-12-27,73,144.0,63.330944,9.669055938720703
S005,P0004,2023-12-28,140,123.0,110.14102,29.858978271484375
S005,P0004,2023-12-29,37,152.0,35.998898,1.0011024475097656
S005,P0004,2023-12-30,51,129.0,52.465324,-1.4653244018554688
S005,P0004,2023-12-31,101,151.0,48.40025,52.59975051879883
S005,P0004,2024-01-01,67,142.0,55.96494,11.03506088256836
S005,P0004,2024-01-02,81,135.0,74.46451,6.535491943359375
S005,P0004,2024-01-03,100,163.0,81.4634,18.536598205566406
S005,P0004,2024-01-04,30,176.0,41.005863,-11.005863189697266
S005,P0004,2024-01-05,116,154.0,67.357735,48.64226531982422
S005,P0004,2024-01-06,81,169.0,67.23657,13.763427734375
S005,P0004,2024-01-07,73,88.0,64.27939,8.720611572265625
S005,P0004,2024-01-08,133,86.0,93.82631,39.17369079589844
S005,P0004,2024-01-09,38,150.0,68.14021,-30.140213012695312
S005,P0004,2024-01-10,68,126.0,85.27812,-17.278121948242188
S005,P0004,2024-01-11,152,142.0,117.89913,34.100868225097656
S005,P0004,2024-01-12,204,154.0,119.74679,84.25321197509766
S005,P0004,2024-01-13,141,233.0,103.02604,37.973960876464844
S005,P0004,2024-01-14,122,75.0,107.92842,14.071578979492188
S005,P0004,2024-01-15,156,140.0,118.25865,37.74134826660156
S005,P0004,2024-01-16,176,138.0,143.37212,32.62788391113281
S005,P0004,2024-01-17,125,145.0,133.6892,-8.689193725585938
S005,P0004,2024-01-18,108,132.0,121.96678,-13.966781616210938
S005,P0004,2024-01-19,86,119.0,87.20519,-1.2051925659179688
S005,P0004,2024-01-20,158,147.0,122.08179,35.918212890625
S005,P0004,2024-01-21,139,178.0,149.89088,-10.890884399414062
S005,P0004,2024-01-22,144,252.0,89.87627,54.12373352050781
S005,P0004,2024-01-23,146,80.0,113.49149,32.508506774902344
S005,P0004,2024-01-24,145,127.0,119.05165,25.948348999023438
S005,P0004,2024-01-25,143,154.0,113.95981,29.040191650390625
S005,P0004,2024-01-26,167,135.0,132.45407,34.545928955078125
S005,P0004,2024-01-27,69,173.0,85.49488,-16.49488067626953
S005,P0004,2024-01-28,147,118.0,139.48846,7.51153564453125
S005,P0004,2024-01-29,87,140.0,76.04083,10.95916748046875
S005,P0004,2024-01-30,115,141.0,110.4227,4.577301025390625
S005,P0005,2023-09-07,72,493.0,99.153206,-27.15320587158203
S005,P0005,2023-09-08,81,420.0,99.05387,-18.053871154785156
S005,P0005,2023-09-09,42,335.0,102.00747,-60.007469177246094
S005,P0005,2023-09-10,35,293.0,102.33891,-67.33891296386719
S005,P0005,2023-09-11,58,255.0,95.334366,-37.33436584472656
S005,P0005,2023-09-12,150,195.0,86.5902,63.40979766845703
S005,P0005,2023-09-13,88,86.0,86.50445,1.4955520629882812
S005,P0005,2023-09-14,125,372.0,111.67493,13.3250732421875
S005,P0005,2023-09-15,142,274.0,118.61737,23.38262939453125
S005,P0005,2023-09-16,170,146.0,119.3843,50.615699768066406
S005,P0005,2023-09-17,55,309.0,98.12599,-43.12599182128906
S005,P0005,2023-09-18,63,246.0,89.69014,-26.690139770507812
S005,P0005,2023-09-19,129,182.0,90.69524,38.30476379394531
S005,P0005,2023-09-20,186,77.0,93.22281,92.77719116210938
S005,P0005,2023-09-21,133,219.0,118.17744,14.822563171386719
S005,P0005,2023-09-22,108,418.0,127.501335,-19.50133514404297
S005,P0005,2023-09-23,106,329.0,122.93044,-16.930442810058594
S005,P0005,2023-09-24,89,231.0,124.86128,-35.86128234863281
S005,P0005,2023-09-25,74,164.0,113.92065,-39.92064666748047
S005,P0005,2023-09-26,123,283.0,95.51374,27.48625946044922
S005,P0005,2023-09-27,133,169.0,116.107025,16.892974853515625
S005,P0005,2023-09-28,131,240.0,85.5852,45.41480255126953
S005,P0005,2023-09-29,138,97.0,91.770905,46.229095458984375
S005,P0005,2023-09-30,53,284.0,92.670044,-39.6700439453125
S005,P0005,2023-10-01,67,225.0,86.65969,-19.659690856933594
S005,P0005,2023-10-02,163,166.0,91.77679,71.22321319580078
S005,P0005,2023-10-03,187,0.0,118.967224,68.03277587890625
S005,P0005,2023-10-04,89,272.0,94.46957,-5.469566345214844
S005,P0005,2023-10-05,55,495.0,81.7366,-26.736602783203125
S005,P0005,2023-10-06,128,434.0,83.50882,44.491180419921875
S005,P0005,2023-10-07,50,328.0,70.14353,-20.143531799316406
S005,P0005,2023-10-08,75,283.0,70.79521,4.2047882080078125
S005,P0005,2023-10-09,64,218.0,87.80828,-23.80828094482422
S005,P0005,2023-10-10,61,145.0,82.852806,-21.852806091308594
S005,P0005,2023-10-11,104,104.0,72.934494,31.065505981445312
S005,P0005,2023-10-12,87,153.0,80.7303,6.2696990966796875
S005,P0005,2023-10-13,69,283.0,86.06036,-17.06036376953125
S005,P0005,2023-10-14,51,241.0,90.41583,-39.41583251953125
S005,P0005,2023-10-15,102,202.0,69.817604,32.182395935058594
S005,P0005,2023-10-16,41,122.0,83.868904,-42.86890411376953
S005,P0005,2023-10-17,29,303.0,61.517803,-32.51780319213867
S005,P0005,2023-10-18,78,269.0,59.007744,18.99225616455078
S005,P0005,2023-10-19,80,183.0,65.99215,14.007850646972656
S005,P0005,2023-10-20,71,135.0,52.444504,18.555496215820312
S005,P0005,2023-10-21,94,228.0,60.71576,33.28424072265625
S005,P0005,2023-10-22,108,160.0,83.02715,24.97284698486328
S005,P0005,2023-10-23,111,260.0,83.19529,27.804710388183594
S005,P0005,2023-10-24,55,132.0,81.74044,-26.740440368652344
S005,P0005,2023-10-25,80,353.0,85.106125,-5.1061248779296875
S005,P0005,2023-10-26,90,287.0,85.4812,4.518798828125
S005,P0005,2023-10-27,115,213.0,88.77061,26.229393005371094
S005,P0005,2023-10-28,143,137.0,82.48892,60.511077880859375
S005,P0005,2023-10-29,139,276.0,84.04294,54.957061767578125
S005,P0005,2023-10-30,108,172.0,88.80178,19.198219299316406
S005,P0005,2023-10-31,106,342.0,84.23856,21.761436462402344
S005,P0005,2023-11-01,115,274.0,111.076096,3.9239044189453125
S005,P0005,2023-11-02,78,162.0,76.31582,1.6841812133789062
S005,P0005,2023-11-03,95,352.0,103.3927,-8.3927001953125
S005,P0005,2023-11-04,135,244.0,107.18475,27.81524658203125
S005,P0005,2023-11-05,147,116.0,105.11174,41.88825988769531
S005,P0005,2023-11-06,103,242.0,87.58706,15.412940979003906
S005,P0005,2023-11-07,135,447.0,88.948135,46.05186462402344
S005,P0005,2023-11-08,102,296.0,90.14872,11.851280212402344
S005,P0005,2023-11-09,139,211.0,93.19928,45.80072021484375
S005,P0005,2023-11-10,88,87.0,86.29586,1.7041397094726562
S005,P0005,2023-11-11,42,342.0,81.271736,-39.27173614501953
S005,P0005,2023-11-12,102,314.0,90.01516,11.984840393066406
S005,P0005,2023-11-13,189,191.0,114.78315,74.21685028076172
S005,P0005,2023-11-14,165,0.0,108.2421,56.757896423339844
S005,P0005,2023-11-15,83,358.0,86.16407,-3.1640701293945312
S005,P0005,2023-11-16,117,621.0,87.6043,29.39569854736328
S005,P0005,2023-11-17,149,512.0,94.40113,54.59886932373047
S005,P0005,2023-11-18,93,333.0,99.45189,-6.4518890380859375
S005,P0005,2023-11-19,155,244.0,128.34795,26.652053833007812
S005,P0005,2023-11-20,136,98.0,122.30268,13.697319030761719
S005,P0005,2023-11-21,146,354.0,90.1764,55.82360076904297
S005,P0005,2023-11-22,79,258.0,96.10215,-17.102149963378906
S005,P0005,2023-11-23,176,502.0,120.7583,55.24169921875
S005,P0005,2023-11-24,160,295.0,92.24085,67.75914764404297
S005,P0005,2023-11-25,146,181.0,137.36397,8.636032104492188
S005,P0005,2023-11-26,158,426.0,105.421776,52.578224182128906
S005,P0005,2023-11-27,236,280.0,121.8145,114.18550109863281
S005,P0005,2023-11-28,128,113.0,95.41494,32.585060119628906
S005,P0005,2023-11-29,96,478.0,107.178925,-11.178924560546875
S005,P0005,2023-11-30,115,399.0,109.62558,5.374420166015625
S005,P0005,2023-12-01,123,304.0,134.0915,-11.091506958007812
S005,P0005,2023-12-02,140,169.0,109.536095,30.463905334472656
S005,P0005,2023-12-03,107,252.0,108.41513,-1.415130615234375
S005,P0005,2023-12-04,61,168.0,110.543396,-49.54339599609375
S005,P0005,2023-12-05,118,342.0,141.66821,-23.668212890625
S005,P0005,2023-12-06,186,208.0,109.76084,76.2391586303711
S005,P0005,2023-12-07,120,81.0,103.45457,16.545433044433594
S005,P0005,2023-12-08,178,433.0,111.63549,66.36450958251953
S005,P0005,2023-12-09,55,295.0,120.79384,-65.79383850097656
S005,P0005,2023-12-10,51,233.0,108.71615,-57.716148376464844
S005,P0005,2023-12-11,58,188.0,102.71672,-44.71672058105469
S005,P0005,2023-12-12,187,131.0,129.82309,57.176910400390625
S005,P0005,2023-12-13,112,0.0,106.3566,5.643402099609375
S005,P0005,2023-12-14,129,443.0,131.2955,-2.295501708984375
S005,P0005,2023-12-15,93,365.0,123.36006,-30.360061645507812
S005,P0005,2023-12-16,148,288.0,131.5004,16.499603271484375
S005,P0005,2023-12-17,116,158.0,127.60196,-11.601959228515625
S005,P0005,2023-12-18,98,277.0,106.85568,-8.855682373046875
S005,P0005,2023-12-19,109,165.0,127.141716,-18.14171600341797
S005,P0005,2023-12-20,124,43.0,104.319305,19.680694580078125
S005,P0005,2023-12-21,135,235.0,101.43821,33.561790466308594
S005,P0005,2023-12-22,177,416.0,131.79059,45.20941162109375
S005,P0005,2023-12-23,107,288.0,114.62204,-7.622039794921875
S005,P0005,2023-12-24,114,492.0,103.18811,10.8118896484375
S005,P0005,2023-12-25,71,359.0,117.52308,-46.52307891845703
S005,P0005,2023-12-26,118,289.0,98.42637,19.573631286621094
S005,P0005,2023-12-27,60,171.0,83.41131,-23.41130828857422
S005,P0005,2023-12-28,46,369.0,103.304085,-57.30408477783203
S005,P0005,2023-12-29,87,336.0,68.32447,18.67552947998047
S005,P0005,2023-12-30,33,232.0,71.797134,-38.79713439941406
S005,P0005,2023-12-31,59,194.0,56.6595,2.3404998779296875
S005,P0005,2024-01-01,110,144.0,43.085262,66.91473770141602
S005,P0005,2024-01-02,75,34.0,75.03489,-0.03488922119140625
S005,P0005,2024-01-03,71,232.0,73.3864,-2.3863983154296875
S005,P0005,2024-01-04,99,169.0,44.810432,54.18956756591797
S005,P0005,2024-01-05,69,65.0,76.17206,-7.17205810546875
S005,P0005,2024-01-06,45,203.0,40.606377,4.393623352050781
S005,P0005,2024-01-07,83,175.0,49.65988,33.340118408203125
S005,P0005,2024-01-08,113,120.0,47.493515,65.50648498535156
S005,P0005,2024-01-09,130,198.0,86.367584,43.632415771484375
S005,P0005,2024-01-10,163,82.0,87.9092,75.0907974243164
S005,P0005,2024-01-11,85,283.0,88.091125,-3.09112548828125
S005,P0005,2024-01-12,123,549.0,89.535515,33.46448516845703
S005,P0005,2024-01-13,95,469.0,90.4794,4.520599365234375
S005,P0005,2024-01-14,149,373.0,89.73035,59.2696533203125
S005,P0005,2024-01-15,104,277.0,89.11107,14.888931274414062
S005,P0005,2024-01-16,149,192.0,118.53324,30.466758728027344
S005,P0005,2024-01-17,114,74.0,94.47742,19.5225830078125
S005,P0005,2024-01-18,115,321.0,90.32592,24.67407989501953
S005,P0005,2024-01-19,141,213.0,122.487305,18.5126953125
S005,P0005,2024-01-20,192,57.0,131.62534,60.374664306640625
S005,P0005,2024-01-21,196,290.0,117.74146,78.25853729248047
S005,P0005,2024-01-22,133,537.0,100.68957,32.31043243408203
S005,P0005,2024-01-23,108,410.0,100.22743,7.7725677490234375
S005,P0005,2024-01-24,64,310.0,139.43674,-75.43673706054688
S005,P0005,2024-01-25,145,253.0,97.917725,47.082275390625
S005,P0005,2024-01-26,248,104.0,124.668144,123.33185577392578
S005,P0005,2024-01-27,111,266.0,157.067,-46.06700134277344
S005,P0005,2024-01-28,98,581.0,99.7755,-1.7754974365234375
S005,P0005,2024-01-29,164,469.0,90.369354,73.63064575195312
S005,P0005,2024-01-30,113,288.0,102.480736,10.519264221191406
S005,P0006,2023-09-07,60,668.0,126.99369,-66.99369049072266
S005,P0006,2023-09-08,150,622.0,116.57829,33.42170715332031
S005,P0006,2023-09-09,183,450.0,151.50676,31.493240356445312
S005,P0006,2023-09-10,81,321.0,84.38745,-3.387451171875
S005,P0006,2023-09-11,88,232.0,86.66377,1.3362274169921875
S005,P0006,2023-09-12,186,685.0,107.243904,78.75609588623047
S005,P0006,2023-09-13,161,556.0,114.97754,46.0224609375
S005,P0006,2023-09-14,109,399.0,92.03646,16.963539123535156
S005,P0006,2023-09-15,65,331.0,88.0549,-23.054901123046875
S005,P0006,2023-09-16,127,985.0,113.61464,13.385360717773438
S005,P0006,2023-09-17,134,849.0,116.32825,17.6717529296875
S005,P0006,2023-09-18,92,709.0,89.61736,2.3826370239257812
S005,P0006,2023-09-19,140,620.0,106.695755,33.30424499511719
S005,P0006,2023-09-20,114,518.0,102.17187,11.828132629394531
S005,P0006,2023-09-21,125,406.0,109.004745,15.995254516601562
S005,P0006,2023-09-22,141,324.0,106.812614,34.18738555908203
S005,P0006,2023-09-23,75,639.0,114.5123,-39.512298583984375
S005,P0006,2023-09-24,118,564.0,106.825165,11.174835205078125
S005,P0006,2023-09-25,122,459.0,125.95116,-3.9511566162109375
S005,P0006,2023-09-26,88,367.0,138.6673,-50.66729736328125
S005,P0006,2023-09-27,252,267.0,141.15645,110.84355163574219
S005,P0006,2023-09-28,127,487.0,132.89691,-5.89691162109375
S005,P0006,2023-09-29,164,342.0,114.38779,49.612213134765625
S005,P0006,2023-09-30,58,172.0,88.96213,-30.962127685546875
S005,P0006,2023-10-01,64,1031.0,87.25216,-23.252159118652344
S005,P0006,2023-10-02,57,986.0,96.51882,-39.518821716308594
S005,P0006,2023-10-03,122,927.0,126.52102,-4.521018981933594
S005,P0006,2023-10-04,123,832.0,125.56875,-2.5687484741210938
S005,P0006,2023-10-05,72,718.0,95.74286,-23.74285888671875
S005,P0006,2023-10-06,169,658.0,111.26249,57.737510681152344
S005,P0006,2023-10-07,86,475.0,82.721794,3.2782058715820312
S005,P0006,2023-10-08,44,387.0,78.18295,-34.182952880859375
S005,P0006,2023-10-09,81,358.0,74.06051,6.939491271972656
S005,P0006,2023-10-10,99,848.0,101.532776,-2.53277587890625
S005,P0006,2023-10-11,94,740.0,102.40937,-8.409370422363281
S005,P0006,2023-10-12,88,652.0,79.40585,8.594146728515625
S005,P0006,2023-10-13,51,582.0,74.46084,-23.460838317871094
S005,P0006,2023-10-14,107,549.0,91.48978,15.510223388671875
S005,P0006,2023-10-15,90,429.0,79.32196,10.67803955078125
S005,P0006,2023-10-16,61,365.0,97.114944,-36.11494445800781
S005,P0006,2023-10-17,117,312.0,76.78165,40.218353271484375
S005,P0006,2023-10-18,80,199.0,92.489784,-12.489784240722656
S005,P0006,2023-10-19,120,503.0,95.05853,24.94146728515625
S005,P0006,2023-10-20,102,363.0,78.30167,23.698333740234375
S005,P0006,2023-10-21,63,284.0,67.51831,-4.518310546875
S005,P0006,2023-10-22,66,216.0,102.86898,-36.868980407714844
S005,P0006,2023-10-23,67,604.0,97.13061,-30.13060760498047
S005,P0006,2023-10-24,47,530.0,71.81333,-24.813331604003906
S005,P0006,2023-10-25,205,495.0,121.65472,83.34528350830078
S005,P0006,2023-10-26,142,286.0,102.29232,39.707679748535156
S005,P0006,2023-10-27,118,168.0,94.360504,23.639495849609375
S005,P0006,2023-10-28,145,73.0,93.55288,51.447120666503906
S005,P0006,2023-10-29,113,797.0,98.63206,14.367942810058594
S005,P0006,2023-10-30,143,694.0,102.499275,40.50072479248047
S005,P0006,2023-10-31,88,578.0,89.241295,-1.2412948608398438
S005,P0006,2023-11-01,95,497.0,88.28932,6.7106781005859375
S005,P0006,2023-11-02,113,422.0,95.80414,17.19586181640625
S005,P0006,2023-11-03,90,333.0,86.20648,3.79351806640625
S005,P0006,2023-11-04,94,230.0,91.95174,2.0482635498046875
S005,P0006,2023-11-05,50,155.0,94.68501,-44.68501281738281
S005,P0006,2023-11-06,159,571.0,99.00474,59.995262145996094
S005,P0006,2023-11-07,46,445.0,87.2001,-41.200103759765625
S005,P0006,2023-11-08,130,408.0,85.911995,44.08800506591797
S005,P0006,2023-11-09,172,301.0,119.787895,52.21210479736328
S005,P0006,2023-11-10,168,802.0,125.98516,42.01483917236328
S005,P0006,2023-11-11,112,691.0,92.93249,19.06751251220703
S005,P0006,2023-11-12,143,558.0,120.525276,22.47472381591797
S005,P0006,2023-11-13,140,461.0,122.01323,17.986770629882812
S005,P0006,2023-11-14,126,334.0,107.346405,18.653594970703125
S005,P0006,2023-11-15,174,228.0,132.71129,41.28871154785156
S005,P0006,2023-11-16,158,627.0,120.477394,37.522605895996094
S005,P0006,2023-11-17,168,519.0,144.62823,23.37176513671875
S005,P0006,2023-11-18,143,385.0,136.70213,6.2978668212890625
S005,P0006,2023-11-19,100,226.0,113.61273,-13.61273193359375
S005,P0006,2023-11-20,162,731.0,118.3679,43.632102966308594
S005,P0006,2023-11-21,106,555.0,103.743866,2.256134033203125
S005,P0006,2023-11-22,178,479.0,142.57147,35.42852783203125
S005,P0006,2023-11-23,129,367.0,106.3947,22.605300903320312
S005,P0006,2023-11-24,157,770.0,119.51954,37.48046112060547
S005,P0006,2023-11-25,133,675.0,118.188416,14.81158447265625
S005,P0006,2023-11-26,112,575.0,113.940636,-1.9406356811523438
S005,P0006,2023-11-27,255,474.0,146.80318,108.19682312011719
S005,P0006,2023-11-28,85,233.0,123.959404,-38.95940399169922
S005,P0006,2023-11-29,223,131.0,107.42441,115.57559204101562
S005,P0006,2023-11-30,146,0.0,99.83664,46.163360595703125
S005,P0006,2023-12-01,174,1216.0,129.97824,44.021759033203125
S005,P0006,2023-12-02,123,1106.0,124.5084,-1.5083999633789062
S005,P0006,2023-12-03,218,995.0,175.61902,42.3809814453125
S005,P0006,2023-12-04,80,780.0,89.48254,-9.482536315917969
S005,P0006,2023-12-05,173,731.0,126.9236,46.07640075683594
S005,P0006,2023-12-06,199,526.0,140.47948,58.52052307128906
S005,P0006,2023-12-07,230,401.0,153.24464,76.75535583496094
S005,P0006,2023-12-08,121,180.0,116.92235,4.0776519775390625
S005,P0006,2023-12-09,95,903.0,138.32137,-43.32136535644531
S005,P0006,2023-12-10,88,809.0,84.84183,3.158172607421875
S005,P0006,2023-12-11,85,735.0,95.54372,-10.543716430664062
S005,P0006,2023-12-12,193,646.0,156.55936,36.440643310546875
S005,P0006,2023-12-13,175,424.0,120.76818,54.23181915283203
S005,P0006,2023-12-14,131,246.0,97.48986,33.51013946533203
S005,P0006,2023-12-15,48,120.0,136.82117,-88.8211669921875
S005,P0006,2023-12-16,122,782.0,113.946815,8.053184509277344
S005,P0006,2023-12-17,151,675.0,131.97697,19.023025512695312
S005,P0006,2023-12-18,123,535.0,139.3345,-16.334503173828125
S005,P0006,2023-12-19,97,448.0,89.220764,7.77923583984375
S005,P0006,2023-12-20,70,362.0,84.54541,-14.54541015625
S005,P0006,2023-12-21,222,900.0,153.9645,68.03550720214844
S005,P0006,2023-12-22,133,710.0,110.14075,22.8592529296875
S005,P0006,2023-12-23,119,561.0,108.05057,10.949432373046875
S005,P0006,2023-12-24,177,440.0,115.84223,61.15776824951172
S005,P0006,2023-12-25,177,1074.0,126.08157,50.918426513671875
S005,P0006,2023-12-26,157,866.0,123.13224,33.867759704589844
S005,P0006,2023-12-27,77,707.0,69.444595,7.5554046630859375
S005,P0006,2023-12-28,112,656.0,97.461174,14.538825988769531
S005,P0006,2023-12-29,55,539.0,78.59549,-23.595489501953125
S005,P0006,2023-12-30,49,482.0,78.866516,-29.86651611328125
S005,P0006,2023-12-31,43,452.0,78.02532,-35.02532196044922
S005,P0006,2024-01-01,74,426.0,64.126366,9.873634338378906
S005,P0006,2024-01-02,37,370.0,98.17986,-61.17986297607422
S005,P0006,2024-01-03,149,336.0,80.515114,68.4848861694336
S005,P0006,2024-01-04,122,236.0,92.21308,29.78691864013672
S005,P0006,2024-01-05,80,137.0,65.956116,14.04388427734375
S005,P0006,2024-01-06,90,75.0,73.0094,16.9906005859375
S005,P0006,2024-01-07,115,720.0,81.92788,33.072120666503906
S005,P0006,2024-01-08,80,599.0,94.61145,-14.6114501953125
S005,P0006,2024-01-09,93,509.0,90.8563,2.1436996459960938
S005,P0006,2024-01-10,116,402.0,92.977455,23.022544860839844
S005,P0006,2024-01-11,96,279.0,83.74403,12.255966186523438
S005,P0006,2024-01-12,120,178.0,110.13082,9.869178771972656
S005,P0006,2024-01-13,87,91.0,88.44359,-1.4435882568359375
S005,P0006,2024-01-14,63,510.0,78.10708,-15.107078552246094
S005,P0006,2024-01-15,118,459.0,84.887184,33.112815856933594
S005,P0006,2024-01-16,63,381.0,84.59902,-21.599021911621094
S005,P0006,2024-01-17,108,313.0,87.016754,20.983245849609375
S005,P0006,2024-01-18,83,234.0,89.735054,-6.735054016113281
S005,P0006,2024-01-19,73,663.0,84.65959,-11.659591674804688
S005,P0006,2024-01-20,84,608.0,81.4882,2.5118026733398438
S005,P0006,2024-01-21,148,552.0,109.75782,38.24217987060547
S005,P0006,2024-01-22,123,452.0,82.32791,40.672088623046875
S005,P0006,2024-01-23,134,378.0,106.68764,27.312362670898438
S005,P0006,2024-01-24,167,264.0,110.91203,56.08796691894531
S005,P0006,2024-01-25,141,696.0,115.18087,25.819129943847656
S005,P0006,2024-01-26,76,604.0,88.26919,-12.269187927246094
S005,P0006,2024-01-27,142,534.0,101.70764,40.2923583984375
S005,P0006,2024-01-28,112,408.0,115.17709,-3.177093505859375
S005,P0006,2024-01-29,78,327.0,92.65024,-14.650238037109375
S005,P0006,2024-01-30,163,266.0,95.28295,67.71704864501953
S005,P0007,2023-09-07,173,275.0,144.87717,28.122833251953125
S005,P0007,2023-09-08,116,493.0,149.4088,-33.40879821777344
S005,P0007,2023-09-09,146,395.0,142.19164,3.8083648681640625
S005,P0007,2023-09-10,111,304.0,112.96043,-1.9604263305664062
S005,P0007,2023-09-11,160,204.0,128.9079,31.09210205078125
S005,P0007,2023-09-12,81,13.0,101.13796,-20.137962341308594
S005,P0007,2023-09-13,125,303.0,108.36109,16.63890838623047
S005,P0007,2023-09-14,142,176.0,150.0627,-8.062698364257812
S005,P0007,2023-09-15,200,346.0,167.73349,32.266510009765625
S005,P0007,2023-09-16,105,214.0,113.47701,-8.477012634277344
S005,P0007,2023-09-17,151,417.0,120.32159,30.67841339111328
S005,P0007,2023-09-18,109,272.0,151.9291,-42.92909240722656
S005,P0007,2023-09-19,96,173.0,145.7406,-49.7406005859375
S005,P0007,2023-09-20,135,352.0,110.155594,24.844406127929688
S005,P0007,2023-09-21,113,214.0,106.458885,6.541114807128906
S005,P0007,2023-09-22,51,118.0,108.03595,-57.03594970703125
S005,P0007,2023-09-23,94,311.0,150.27945,-56.279449462890625
S005,P0007,2023-09-24,68,202.0,104.48143,-36.48143005371094
S005,P0007,2023-09-25,52,152.0,114.48576,-62.48576354980469
S005,P0007,2023-09-26,55,253.0,101.46159,-46.46159362792969
S005,P0007,2023-09-27,140,204.0,95.76823,44.231773376464844
S005,P0007,2023-09-28,159,111.0,138.71039,20.28961181640625
S005,P0007,2023-09-29,125,316.0,102.343666,22.656333923339844
S005,P0007,2023-09-30,99,195.0,98.867,0.13300323486328125
S005,P0007,2023-10-01,221,311.0,134.62163,86.37837219238281
S005,P0007,2023-10-02,249,49.0,171.95668,77.04331970214844
S005,P0007,2023-10-03,124,402.0,123.963905,0.03609466552734375
S005,P0007,2023-10-04,69,683.0,127.67601,-58.67601013183594
S005,P0007,2023-10-05,125,607.0,131.75746,-6.7574615478515625
S005,P0007,2023-10-06,118,496.0,160.90837,-42.90837097167969
S005,P0007,2023-10-07,108,368.0,156.08612,-48.08612060546875
S005,P0007,2023-10-08,50,269.0,102.90582,-52.90582275390625
S005,P0007,2023-10-09,42,211.0,93.921005,-51.92100524902344
S005,P0007,2023-10-10,82,180.0,105.716095,-23.716094970703125
S005,P0007,2023-10-11,88,110.0,118.49227,-30.492271423339844
S005,P0007,2023-10-12,48,240.0,90.46279,-42.462791442871094
S005,P0007,2023-10-13,53,204.0,84.468575,-31.46857452392578
S005,P0007,2023-10-14,45,162.0,94.59023,-49.590232849121094
S005,P0007,2023-10-15,108,124.0,66.97554,41.02445983886719
S005,P0007,2023-10-16,112,120.0,76.28553,35.71446990966797
S005,P0007,2023-10-17,61,208.0,81.245255,-20.245254516601562
S005,P0007,2023-10-18,110,149.0,97.85448,12.145523071289062
S005,P0007,2023-10-19,91,75.0,80.23574,10.764259338378906
S005,P0007,2023-10-20,88,258.0,81.119896,6.880104064941406
S005,P0007,2023-10-21,102,165.0,104.19315,-2.1931533813476562
S005,P0007,2023-10-22,57,51.0,81.25574,-24.2557373046875
S005,P0007,2023-10-23,86,221.0,80.00198,5.998016357421875
S005,P0007,2023-10-24,55,118.0,79.56894,-24.568939208984375
S005,P0007,2023-10-25,97,209.0,111.79673,-14.796730041503906
S005,P0007,2023-10-26,108,134.0,95.05773,12.942268371582031
S005,P0007,2023-10-27,196,255.0,90.34611,105.65389251708984
S005,P0007,2023-10-28,167,58.0,105.218925,61.78107452392578
S005,P0007,2023-10-29,103,317.0,99.238045,3.7619552612304688
S005,P0007,2023-10-30,111,581.0,112.782455,-1.7824554443359375
S005,P0007,2023-10-31,40,485.0,95.473305,-55.473304748535156
S005,P0007,2023-11-01,84,452.0,103.798744,-19.798744201660156
S005,P0007,2023-11-02,230,382.0,93.29146,136.7085418701172
S005,P0007,2023-11-03,155,127.0,127.40259,27.597412109375
S005,P0007,2023-11-04,69,530.0,112.29316,-43.29315948486328
S005,P0007,2023-11-05,118,464.0,138.3478,-20.347793579101562
S005,P0007,2023-11-06,108,363.0,111.35244,-3.3524398803710938
S005,P0007,2023-11-07,235,266.0,140.03568,94.96432495117188
S005,P0007,2023-11-08,142,8.0,109.11764,32.882362365722656
S005,P0007,2023-11-09,151,472.0,110.883224,40.11677551269531
S005,P0007,2023-11-10,140,304.0,104.07121,35.92878723144531
S005,P0007,2023-11-11,139,144.0,114.65073,24.349273681640625
S005,P0007,2023-11-12,76,335.0,113.34082,-37.3408203125
S005,P0007,2023-11-13,114,261.0,147.71971,-33.71971130371094
S005,P0007,2023-11-14,113,160.0,107.40161,5.598388671875
S005,P0007,2023-11-15,156,232.0,125.61792,30.382080078125
S005,P0007,2023-11-16,149,76.0,153.24225,-4.24224853515625
S005,P0007,2023-11-17,148,350.0,148.54486,-0.54486083984375
S005,P0007,2023-11-18,124,182.0,139.53186,-15.5318603515625
S005,P0007,2023-11-19,154,382.0,111.76553,42.234466552734375
S005,P0007,2023-11-20,141,230.0,106.92434,34.075660705566406
S005,P0007,2023-11-21,59,426.0,136.56854,-77.56854248046875
S005,P0007,2023-11-22,179,364.0,155.39609,23.603912353515625
S005,P0007,2023-11-23,115,235.0,151.62508,-36.62507629394531
S005,P0007,2023-11-24,79,532.0,117.025116,-38.025115966796875
S005,P0007,2023-11-25,124,451.0,109.11651,14.883491516113281
S005,P0007,2023-11-26,100,342.0,143.8885,-43.88850402832031
S005,P0007,2023-11-27,133,239.0,109.152916,23.847084045410156
S005,P0007,2023-11-28,86,139.0,111.27149,-25.27149200439453
S005,P0007,2023-11-29,130,327.0,108.16039,21.83960723876953
S005,P0007,2023-11-30,62,176.0,123.29273,-61.29273223876953
S005,P0007,2023-12-01,102,379.0,115.67796,-13.677963256835938
S005,P0007,2023-12-02,95,273.0,147.97955,-52.97955322265625
S005,P0007,2023-12-03,131,216.0,122.06217,8.937828063964844
S005,P0007,2023-12-04,100,75.0,118.21788,-18.217880249023438
S005,P0007,2023-12-05,58,253.0,119.173454,-61.17345428466797
S005,P0007,2023-12-06,205,195.0,150.20744,54.79255676269531
S005,P0007,2023-12-07,142,47.0,133.15834,8.841659545898438
S005,P0007,2023-12-08,151,344.0,123.38147,27.6185302734375
S005,P0007,2023-12-09,74,240.0,118.62775,-44.62774658203125
S005,P0007,2023-12-10,124,440.0,147.48648,-23.486480712890625
S005,P0007,2023-12-11,46,343.0,128.1725,-82.17250061035156
S005,P0007,2023-12-12,156,298.0,124.638374,31.36162567138672
S005,P0007,2023-12-13,158,178.0,110.96475,47.035247802734375
S005,P0007,2023-12-14,46,325.0,113.07148,-67.07147979736328
S005,P0007,2023-12-15,73,276.0,135.83601,-62.83601379394531
S005,P0007,2023-12-16,111,203.0,146.8392,-35.839202880859375
S005,P0007,2023-12-17,126,84.0,108.214424,17.78557586669922
S005,P0007,2023-12-18,172,249.0,105.96335,66.03665161132812
S005,P0007,2023-12-19,144,145.0,143.57933,0.4206695556640625
S005,P0007,2023-12-20,151,420.0,105.18353,45.81646728515625
S005,P0007,2023-12-21,101,241.0,105.642715,-4.6427154541015625
S005,P0007,2023-12-22,169,130.0,113.97185,55.02815246582031
S005,P0007,2023-12-23,130,215.0,141.15178,-11.151779174804688
S005,P0007,2023-12-24,162,413.0,144.1406,17.859405517578125
S005,P0007,2023-12-25,42,292.0,112.63782,-70.6378173828125
S005,P0007,2023-12-26,49,241.0,120.65961,-71.65960693359375
S005,P0007,2023-12-27,91,190.0,106.98385,-15.983848571777344
S005,P0007,2023-12-28,65,93.0,99.56086,-34.56085968017578
S005,P0007,2023-12-29,86,228.0,96.003,-10.002998352050781
S005,P0007,2023-12-30,62,150.0,93.0233,-31.023300170898438
S005,P0007,2023-12-31,69,261.0,88.91358,-19.91358184814453
S005,P0007,2024-01-01,116,216.0,94.72195,21.278053283691406
S005,P0007,2024-01-02,60,147.0,76.124405,-16.124404907226562
S005,P0007,2024-01-03,88,365.0,87.52684,0.4731597900390625
S005,P0007,2024-01-04,111,284.0,87.51461,23.485389709472656
S005,P0007,2024-01-05,70,165.0,67.61853,2.3814697265625
S005,P0007,2024-01-06,80,300.0,59.509907,20.490093231201172
S005,P0007,2024-01-07,53,232.0,66.4372,-13.437202453613281
S005,P0007,2024-01-08,56,190.0,59.16781,-3.1678085327148438
S005,P0007,2024-01-09,111,127.0,87.399025,23.600975036621094
S005,P0007,2024-01-10,154,57.0,114.35252,39.64747619628906
S005,P0007,2024-01-11,126,257.0,91.557205,34.44279479980469
S005,P0007,2024-01-12,105,421.0,94.0779,10.922096252441406
S005,P0007,2024-01-13,196,303.0,122.98294,73.01705932617188
S005,P0007,2024-01-14,143,92.0,97.73553,45.26447296142578
S005,P0007,2024-01-15,95,458.0,104.641464,-9.641464233398438
S005,P0007,2024-01-16,195,401.0,134.36566,60.63433837890625
S005,P0007,2024-01-17,90,236.0,147.9299,-57.929901123046875
S005,P0007,2024-01-18,138,521.0,107.36446,30.635536193847656
S005,P0007,2024-01-19,51,420.0,109.05492,-58.05491638183594
S005,P0007,2024-01-20,81,368.0,137.04436,-56.04435729980469
S005,P0007,2024-01-21,142,287.0,95.76637,46.23362731933594
S005,P0007,2024-01-22,80,142.0,95.89813,-15.89813232421875
S005,P0007,2024-01-23,65,350.0,93.159546,-28.1595458984375
S005,P0007,2024-01-24,56,299.0,93.995476,-37.99547576904297
S005,P0007,2024-01-25,37,236.0,114.194496,-77.19449615478516
S005,P0007,2024-01-26,99,206.0,88.70745,10.292549133300781
S005,P0007,2024-01-27,92,101.0,121.309296,-29.309295654296875
S005,P0007,2024-01-28,96,211.0,83.993324,12.006675720214844
S005,P0007,2024-01-29,133,134.0,85.42348,47.57652282714844
S005,P0007,2024-01-30,56,261.0,86.653694,-30.65369415283203
S005,P0008,2023-09-07,233,240.0,161.22002,71.77998352050781
S005,P0008,2023-09-08,98,300.0,119.190025,-21.190025329589844
S005,P0008,2023-09-09,80,240.0,98.11522,-18.115219116210938
S005,P0008,2023-09-10,155,148.0,141.43462,13.565383911132812
S005,P0008,2023-09-11,96,158.0,101.33662,-5.336616516113281
S005,P0008,2023-09-12,147,178.0,133.44484,13.555160522460938
S005,P0008,2023-09-13,118,201.0,108.37828,9.621719360351562
S005,P0008,2023-09-14,102,107.0,105.682144,-3.6821441650390625
S005,P0008,2023-09-15,65,86.0,94.38827,-29.388267517089844
S005,P0008,2023-09-16,102,80.0,105.25559,-3.2555923461914062
S005,P0008,2023-09-17,87,110.0,95.528656,-8.528656005859375
S005,P0008,2023-09-18,105,108.0,110.61985,-5.619850158691406
S005,P0008,2023-09-19,154,118.0,144.27222,9.727783203125
S005,P0008,2023-09-20,149,159.0,112.557976,36.44202423095703
S005,P0008,2023-09-21,194,169.0,149.05774,44.9422607421875
S005,P0008,2023-09-22,208,219.0,141.43993,66.56007385253906
S005,P0008,2023-09-23,201,167.0,108.17132,92.82868194580078
S005,P0008,2023-09-24,98,164.0,115.4481,-17.448097229003906
S005,P0008,2023-09-25,64,99.0,128.58678,-64.58677673339844
S005,P0008,2023-09-26,97,105.0,121.300865,-24.300865173339844
S005,P0008,2023-09-27,220,94.0,157.62366,62.3763427734375
S005,P0008,2023-09-28,104,197.0,108.09909,-4.099090576171875
S005,P0008,2023-09-29,31,101.0,97.95999,-66.95999145507812
S005,P0008,2023-09-30,50,82.0,92.90437,-42.90437316894531
S005,P0008,2023-10-01,156,98.0,133.87422,22.125778198242188
S005,P0008,2023-10-02,174,155.0,155.45416,18.54583740234375
S005,P0008,2023-10-03,84,208.0,102.22063,-18.220626831054688
S005,P0008,2023-10-04,183,109.0,159.20813,23.7918701171875
S005,P0008,2023-10-05,88,160.0,101.24729,-13.247291564941406
S005,P0008,2023-10-06,104,105.0,110.34908,-6.349082946777344
S005,P0008,2023-10-07,72,151.0,86.696686,-14.696685791015625
S005,P0008,2023-10-08,126,85.0,132.93675,-6.9367523193359375
S005,P0008,2023-10-09,51,151.0,74.90159,-23.901588439941406
S005,P0008,2023-10-10,84,106.0,85.29088,-1.2908782958984375
S005,P0008,2023-10-11,76,91.0,79.30011,-3.30010986328125
S005,P0008,2023-10-12,39,96.0,103.43019,-64.43019104003906
S005,P0008,2023-10-13,85,116.0,78.79689,6.2031097412109375
S005,P0008,2023-10-14,82,106.0,79.95856,2.04144287109375
S005,P0008,2023-10-15,91,120.0,86.94645,4.053550720214844
S005,P0008,2023-10-16,62,142.0,75.59831,-13.598312377929688
S005,P0008,2023-10-17,103,88.0,83.036674,19.96332550048828
S005,P0008,2023-10-18,90,108.0,97.39264,-7.39263916015625
S005,P0008,2023-10-19,91,112.0,96.700905,-5.700904846191406
S005,P0008,2023-10-20,104,123.0,79.00066,24.99933624267578
S005,P0008,2023-10-21,88,146.0,97.180786,-9.1807861328125
S005,P0008,2023-10-22,72,156.0,78.06623,-6.066230773925781
S005,P0008,2023-10-23,82,72.0,93.439316,-11.439315795898438
S005,P0008,2023-10-24,51,83.0,74.72213,-23.722129821777344
S005,P0008,2023-10-25,105,73.0,98.27437,6.7256317138671875
S005,P0008,2023-10-26,106,115.0,81.15622,24.843780517578125
S005,P0008,2023-10-27,200,140.0,92.685585,107.31441497802734
S005,P0008,2023-10-28,179,164.0,91.570625,87.42937469482422
S005,P0008,2023-10-29,119,206.0,97.18943,21.810569763183594
S005,P0008,2023-10-30,96,133.0,97.442894,-1.4428939819335938
S005,P0008,2023-10-31,85,122.0,93.22211,-8.22210693359375
S005,P0008,2023-11-01,113,154.0,101.559906,11.440093994140625
S005,P0008,2023-11-02,104,123.0,106.34978,-2.3497772216796875
S005,P0008,2023-11-03,188,141.0,131.82901,56.170989990234375
S005,P0008,2023-11-04,145,179.0,108.712074,36.287925720214844
S005,P0008,2023-11-05,90,197.0,121.18744,-31.18743896484375
S005,P0008,2023-11-06,66,113.0,87.48729,-21.487289428710938
S005,P0008,2023-11-07,130,132.0,103.04165,26.958351135253906
S005,P0008,2023-11-08,130,128.0,104.508385,25.491615295410156
S005,P0008,2023-11-09,198,126.0,128.01938,69.98062133789062
S005,P0008,2023-11-10,150,189.0,122.06142,27.938583374023438
S005,P0008,2023-11-11,67,212.0,93.316864,-26.316864013671875
S005,P0008,2023-11-12,122,133.0,118.72653,3.273468017578125
S005,P0008,2023-11-13,146,168.0,131.3911,14.608901977539062
S005,P0008,2023-11-14,99,200.0,106.8871,-7.8871002197265625
S005,P0008,2023-11-15,114,90.0,112.62158,1.37841796875
S005,P0008,2023-11-16,162,115.0,106.935,55.06500244140625
S005,P0008,2023-11-17,143,144.0,134.96577,8.034225463867188
S005,P0008,2023-11-18,112,163.0,125.20232,-13.202316284179688
S005,P0008,2023-11-19,107,136.0,107.69563,-0.6956329345703125
S005,P0008,2023-11-20,88,182.0,125.922585,-37.922584533691406
S005,P0008,2023-11-21,105,128.0,106.88196,-1.8819580078125
S005,P0008,2023-11-22,57,121.0,93.86216,-36.862159729003906
S005,P0008,2023-11-23,126,70.0,110.43275,15.567253112792969
S005,P0008,2023-11-24,218,107.0,137.51086,80.4891357421875
S005,P0008,2023-11-25,43,202.0,94.04822,-51.0482177734375
S005,P0008,2023-11-26,97,165.0,112.19055,-15.1905517578125
S005,P0008,2023-11-27,140,97.0,114.90789,25.09210968017578
S005,P0008,2023-11-28,88,132.0,97.8242,-9.824203491210938
S005,P0008,2023-11-29,101,130.0,104.57657,-3.576568603515625
S005,P0008,2023-11-30,79,185.0,92.107735,-13.107734680175781
S005,P0008,2023-12-01,165,91.0,112.25643,52.743568420410156
S005,P0008,2023-12-02,110,188.0,109.41844,0.5815582275390625
S005,P0008,2023-12-03,134,84.0,121.99016,12.009841918945312
S005,P0008,2023-12-04,115,151.0,147.7711,-32.77110290527344
S005,P0008,2023-12-05,212,178.0,152.70856,59.29144287109375
S005,P0008,2023-12-06,172,252.0,116.14842,55.85157775878906
S005,P0008,2023-12-07,189,104.0,113.02486,75.97514343261719
S005,P0008,2023-12-08,54,205.0,95.751526,-41.75152587890625
S005,P0008,2023-12-09,96,166.0,116.83587,-20.83586883544922
S005,P0008,2023-12-10,110,98.0,110.81836,-0.818359375
S005,P0008,2023-12-11,35,131.0,93.65944,-58.65943908691406
S005,P0008,2023-12-12,237,93.0,151.13661,85.86338806152344
S005,P0008,2023-12-13,103,217.0,85.963394,17.036605834960938
S005,P0008,2023-12-14,182,119.0,145.28175,36.71824645996094
S005,P0008,2023-12-15,37,213.0,126.60887,-89.60887145996094
S005,P0008,2023-12-16,159,177.0,118.4913,40.508697509765625
S005,P0008,2023-12-17,122,196.0,145.65086,-23.650863647460938
S005,P0008,2023-12-18,180,122.0,102.75634,77.24365997314453
S005,P0008,2023-12-19,139,161.0,109.072716,29.927284240722656
S005,P0008,2023-12-20,119,176.0,136.83269,-17.832687377929688
S005,P0008,2023-12-21,82,147.0,91.2277,-9.227699279785156
S005,P0008,2023-12-22,179,60.0,148.0581,30.94189453125
S005,P0008,2023-12-23,158,163.0,149.3176,8.682403564453125
S005,P0008,2023-12-24,127,230.0,110.3093,16.690696716308594
S005,P0008,2023-12-25,71,108.0,95.10621,-24.10620880126953
S005,P0008,2023-12-26,210,145.0,163.83354,46.16645812988281
S005,P0008,2023-12-27,84,251.0,94.33106,-10.331062316894531
S005,P0008,2023-12-28,66,159.0,70.13805,-4.1380462646484375
S005,P0008,2023-12-29,113,84.0,105.6066,7.393402099609375
S005,P0008,2023-12-30,54,95.0,73.0756,-19.075599670410156
S005,P0008,2023-12-31,101,97.0,93.71694,7.283058166503906
S005,P0008,2024-01-01,28,94.0,76.62473,-48.624732971191406
S005,P0008,2024-01-02,75,63.0,83.213356,-8.213356018066406
S005,P0008,2024-01-03,172,84.0,95.416176,76.58382415771484
S005,P0008,2024-01-04,88,181.0,91.99679,-3.9967880249023438
S005,P0008,2024-01-05,81,101.0,87.87557,-6.875572204589844
S005,P0008,2024-01-06,87,124.0,81.00905,5.9909515380859375
S005,P0008,2024-01-07,90,152.0,72.31894,17.681060791015625
S005,P0008,2024-01-08,55,180.0,64.78131,-9.78131103515625
S005,P0008,2024-01-09,129,127.0,115.82204,13.177963256835938
S005,P0008,2024-01-10,78,136.0,81.45805,-3.4580535888671875
S005,P0008,2024-01-11,236,168.0,121.668846,114.3311538696289
S005,P0008,2024-01-12,134,250.0,118.67205,15.327949523925781
S005,P0008,2024-01-13,132,151.0,115.69641,16.3035888671875
S005,P0008,2024-01-14,101,156.0,102.32783,-1.3278274536132812
S005,P0008,2024-01-15,131,171.0,113.84575,17.154251098632812
S005,P0008,2024-01-16,145,192.0,131.76082,13.239181518554688
S005,P0008,2024-01-17,133,192.0,129.37068,3.6293182373046875
S005,P0008,2024-01-18,132,179.0,119.97158,12.028419494628906
S005,P0008,2024-01-19,168,203.0,107.18897,60.81102752685547
S005,P0008,2024-01-20,127,210.0,113.98012,13.019882202148438
S005,P0008,2024-01-21,162,78.0,113.17929,48.820709228515625
S005,P0008,2024-01-22,193,151.0,123.10082,69.89917755126953
S005,P0008,2024-01-23,139,258.0,136.3469,2.653106689453125
S005,P0008,2024-01-24,146,128.0,148.08253,-2.0825347900390625
S005,P0008,2024-01-25,148,166.0,123.88772,24.112281799316406
S005,P0008,2024-01-26,122,220.0,120.7409,1.2591018676757812
S005,P0008,2024-01-27,119,85.0,137.96642,-18.966415405273438
S005,P0008,2024-01-28,133,121.0,122.313545,10.686454772949219
S005,P0008,2024-01-29,169,157.0,122.38584,46.614158630371094
S005,P0008,2024-01-30,81,154.0,107.27988,-26.279876708984375
S005,P0009,2023-09-07,105,97.0,124.52178,-19.52178192138672
S005,P0009,2023-09-08,69,568.0,119.17951,-50.17951202392578
S005,P0009,2023-09-09,107,510.0,162.15546,-55.15545654296875
S005,P0009,2023-09-10,127,423.0,131.81657,-4.8165740966796875
S005,P0009,2023-09-11,247,342.0,212.91838,34.08161926269531
S005,P0009,2023-09-12,179,144.0,186.15259,-7.152587890625
S005,P0009,2023-09-13,103,323.0,140.5908,-37.59080505371094
S005,P0009,2023-09-14,106,866.0,124.40777,-18.40776824951172
S005,P0009,2023-09-15,170,800.0,189.39673,-19.396728515625
S005,P0009,2023-09-16,120,635.0,130.6145,-10.614501953125
S005,P0009,2023-09-17,167,511.0,190.38358,-23.383575439453125
S005,P0009,2023-09-18,125,387.0,139.7234,-14.723403930664062
S005,P0009,2023-09-19,85,278.0,110.53766,-25.53765869140625
S005,P0009,2023-09-20,65,715.0,116.08748,-51.08747863769531
S005,P0009,2023-09-21,68,672.0,119.76561,-51.76560974121094
S005,P0009,2023-09-22,108,616.0,111.8182,-3.8181991577148438
S005,P0009,2023-09-23,181,534.0,184.70226,-3.7022552490234375
S005,P0009,2023-09-24,53,334.0,107.58369,-54.58368682861328
S005,P0009,2023-09-25,75,270.0,108.518326,-33.51832580566406
S005,P0009,2023-09-26,81,834.0,108.71207,-27.712066650390625
S005,P0009,2023-09-27,145,759.0,122.81906,22.180938720703125
S005,P0009,2023-09-28,70,597.0,109.1637,-39.1636962890625
S005,P0009,2023-09-29,104,543.0,114.20222,-10.202217102050781
S005,P0009,2023-09-30,94,435.0,109.46198,-15.461982727050781
S005,P0009,2023-10-01,107,353.0,102.407005,4.592994689941406
S005,P0009,2023-10-02,211,275.0,166.70847,44.291534423828125
S005,P0009,2023-10-03,141,147.0,159.8138,-18.813796997070312
S005,P0009,2023-10-04,170,328.0,137.20247,32.79753112792969
S005,P0009,2023-10-05,52,815.0,109.80845,-57.808448791503906
S005,P0009,2023-10-06,45,761.0,117.88039,-72.88038635253906
S005,P0009,2023-10-07,64,726.0,95.25419,-31.254188537597656
S005,P0009,2023-10-08,164,664.0,157.65631,6.34368896484375
S005,P0009,2023-10-09,91,521.0,115.4955,-24.495498657226562
S005,P0009,2023-10-10,57,445.0,89.49442,-32.494422912597656
S005,P0009,2023-10-11,89,409.0,88.11764,0.8823623657226562
S005,P0009,2023-10-12,75,311.0,89.95448,-14.954483032226562
S005,P0009,2023-10-13,38,246.0,83.36349,-45.363487243652344
S005,P0009,2023-10-14,31,207.0,89.73477,-58.734771728515625
S005,P0009,2023-10-15,86,180.0,83.34401,2.6559906005859375
S005,P0009,2023-10-16,93,96.0,75.3043,17.695701599121094
S005,P0009,2023-10-17,75,6.0,67.658875,7.34112548828125
S005,P0009,2023-10-18,115,220.0,101.33714,13.662857055664062
S005,P0009,2023-10-19,109,417.0,83.27662,25.72338104248047
S005,P0009,2023-10-20,80,290.0,84.811806,-4.811805725097656
S005,P0009,2023-10-21,139,240.0,118.39861,20.60138702392578
S005,P0009,2023-10-22,98,104.0,90.414604,7.585395812988281
S005,P0009,2023-10-23,78,0.0,104.99389,-26.99388885498047
S005,P0009,2023-10-24,46,446.0,82.25809,-36.258087158203125
S005,P0009,2023-10-25,190,408.0,98.90376,91.09623718261719
S005,P0009,2023-10-26,122,260.0,133.58607,-11.586074829101562
S005,P0009,2023-10-27,133,124.0,122.608665,10.391334533691406
S005,P0009,2023-10-28,220,524.0,142.45233,77.54766845703125
S005,P0009,2023-10-29,171,302.0,131.31213,39.6878662109375
S005,P0009,2023-10-30,81,181.0,114.419136,-33.41913604736328
S005,P0009,2023-10-31,118,740.0,115.80178,2.1982192993164062
S005,P0009,2023-11-01,110,653.0,121.509834,-11.509834289550781
S005,P0009,2023-11-02,161,561.0,149.28229,11.71771240234375
S005,P0009,2023-11-03,74,415.0,136.43034,-62.43034362792969
S005,P0009,2023-11-04,58,354.0,141.82843,-83.82843017578125
S005,P0009,2023-11-05,139,315.0,105.37348,33.62651824951172
S005,P0009,2023-11-06,98,189.0,99.0355,-1.0354995727539062
S005,P0009,2023-11-07,80,73.0,95.350136,-15.350135803222656
S005,P0009,2023-11-08,125,430.0,126.71908,-1.7190780639648438
S005,P0009,2023-11-09,146,324.0,103.25376,42.746238708496094
S005,P0009,2023-11-10,103,163.0,106.09163,-3.0916290283203125
S005,P0009,2023-11-11,87,98.0,100.755325,-13.755325317382812
S005,P0009,2023-11-12,50,506.0,101.439476,-51.439476013183594
S005,P0009,2023-11-13,67,458.0,122.135025,-55.13502502441406
S005,P0009,2023-11-14,186,380.0,137.44003,48.559967041015625
S005,P0009,2023-11-15,42,246.0,95.82179,-53.82179260253906
S005,P0009,2023-11-16,129,215.0,97.41481,31.585189819335938
S005,P0009,2023-11-17,112,573.0,103.1342,8.865798950195312
S005,P0009,2023-11-18,158,440.0,137.61497,20.385025024414062
S005,P0009,2023-11-19,99,250.0,100.29457,-1.2945709228515625
S005,P0009,2023-11-20,103,161.0,105.12459,-2.1245880126953125
S005,P0009,2023-11-21,105,512.0,130.2026,-25.202606201171875
S005,P0009,2023-11-22,121,413.0,109.22197,11.778030395507812
S005,P0009,2023-11-23,96,288.0,103.06103,-7.061027526855469
S005,P0009,2023-11-24,135,217.0,105.25843,29.74156951904297
S005,P0009,2023-11-25,138,56.0,142.12375,-4.123748779296875
S005,P0009,2023-11-26,122,266.0,105.24337,16.756629943847656
S005,P0009,2023-11-27,123,128.0,103.517395,19.48260498046875
S005,P0009,2023-11-28,119,443.0,126.44197,-7.4419708251953125
S005,P0009,2023-11-29,129,372.0,106.2871,22.71289825439453
S005,P0009,2023-11-30,111,251.0,99.551056,11.448944091796875
S005,P0009,2023-12-01,275,124.0,176.03809,98.9619140625
S005,P0009,2023-12-02,130,453.0,126.02174,3.9782562255859375
S005,P0009,2023-12-03,154,323.0,168.18053,-14.180526733398438
S005,P0009,2023-12-04,147,1009.0,181.19402,-34.19401550292969
S005,P0009,2023-12-05,69,907.0,130.413,-61.412994384765625
S005,P0009,2023-12-06,199,829.0,209.15588,-10.1558837890625
S005,P0009,2023-12-07,171,681.0,167.91006,3.089935302734375
S005,P0009,2023-12-08,175,482.0,149.79822,25.2017822265625
S005,P0009,2023-12-09,158,295.0,148.32275,9.67724609375
S005,P0009,2023-12-10,124,142.0,148.84932,-24.849319458007812
S005,P0009,2023-12-11,68,443.0,120.27272,-52.27272033691406
S005,P0009,2023-12-12,160,390.0,181.2088,-21.20880126953125
S005,P0009,2023-12-13,251,209.0,232.88809,18.111907958984375
S005,P0009,2023-12-14,124,0.0,119.4404,4.559600830078125
S005,P0009,2023-12-15,111,419.0,127.463974,-16.463973999023438
S005,P0009,2023-12-16,83,1005.0,136.48651,-53.48651123046875
S005,P0009,2023-12-17,179,907.0,196.98984,-17.989837646484375
S005,P0009,2023-12-18,262,799.0,249.943,12.0570068359375
S005,P0009,2023-12-19,151,598.0,149.41179,1.5882110595703125
S005,P0009,2023-12-20,96,501.0,109.31314,-13.313140869140625
S005,P0009,2023-12-21,148,1105.0,178.38605,-30.38604736328125
S005,P0009,2023-12-22,118,967.0,134.37256,-16.37255859375
S005,P0009,2023-12-23,115,879.0,126.47057,-11.470573425292969
S005,P0009,2023-12-24,117,743.0,143.47136,-26.471359252929688
S005,P0009,2023-12-25,66,660.0,117.2346,-51.234596252441406
S005,P0009,2023-12-26,86,596.0,161.65991,-75.659912109375
S005,P0009,2023-12-27,102,511.0,116.48828,-14.48828125
S005,P0009,2023-12-28,92,394.0,99.105644,-7.105644226074219
S005,P0009,2023-12-29,110,306.0,119.22868,-9.228683471679688
S005,P0009,2023-12-30,49,233.0,101.56125,-52.561248779296875
S005,P0009,2023-12-31,65,200.0,89.98593,-24.985931396484375
S005,P0009,2024-01-01,90,437.0,94.89396,-4.893959045410156
S005,P0009,2024-01-02,77,361.0,112.646164,-35.64616394042969
S005,P0009,2024-01-03,26,278.0,73.812225,-47.812225341796875
S005,P0009,2024-01-04,72,248.0,68.1302,3.8697967529296875
S005,P0009,2024-01-05,62,168.0,60.902798,1.0972023010253906
S005,P0009,2024-01-06,100,108.0,91.30089,8.699111938476562
S005,P0009,2024-01-07,62,180.0,63.744667,-1.7446670532226562
S005,P0009,2024-01-08,71,136.0,56.977173,14.0228271484375
S005,P0009,2024-01-09,75,405.0,108.751816,-33.75181579589844
S005,P0009,2024-01-10,105,321.0,101.2614,3.7386016845703125
S005,P0009,2024-01-11,115,235.0,111.550255,3.4497451782226562
S005,P0009,2024-01-12,219,136.0,107.34311,111.65689086914062
S005,P0009,2024-01-13,170,331.0,114.55809,55.44190979003906
S005,P0009,2024-01-14,136,143.0,112.23323,23.766769409179688
S005,P0009,2024-01-15,103,803.0,122.40112,-19.401123046875
S005,P0009,2024-01-16,70,693.0,133.33023,-63.330230712890625
S005,P0009,2024-01-17,128,639.0,141.96277,-13.9627685546875
S005,P0009,2024-01-18,159,556.0,115.4213,43.578697204589844
S005,P0009,2024-01-19,90,427.0,108.29742,-18.29741668701172
S005,P0009,2024-01-20,225,328.0,142.84714,82.15286254882812
S005,P0009,2024-01-21,148,116.0,147.71826,0.28173828125
S005,P0009,2024-01-22,137,0.0,115.99544,21.004562377929688
S005,P0009,2024-01-23,59,699.0,113.46009,-54.46009063720703
S005,P0009,2024-01-24,140,633.0,150.27208,-10.272079467773438
S005,P0009,2024-01-25,112,488.0,115.30612,-3.306121826171875
S005,P0009,2024-01-26,62,369.0,99.25561,-37.25560760498047
S005,P0009,2024-01-27,92,319.0,137.30151,-45.301513671875
S005,P0009,2024-01-28,98,256.0,89.88839,8.111610412597656
S005,P0009,2024-01-29,67,193.0,93.06751,-26.06751251220703
S005,P0009,2024-01-30,94,136.0,95.2441,-1.2441024780273438
S005,P0010,2023-09-07,182,462.0,145.72064,36.27935791015625
S005,P0010,2023-09-08,52,346.0,100.93007,-48.93006896972656
S005,P0010,2023-09-09,116,303.0,96.85942,19.140579223632812
S005,P0010,2023-09-10,164,834.0,119.43498,44.56501770019531
S005,P0010,2023-09-11,137,672.0,118.88089,18.119110107421875
S005,P0010,2023-09-12,132,521.0,105.473274,26.52672576904297
S005,P0010,2023-09-13,220,426.0,146.74335,73.25665283203125
S005,P0010,2023-09-14,147,189.0,114.095116,32.904884338378906
S005,P0010,2023-09-15,69,83.0,131.19788,-62.1978759765625
S005,P0010,2023-09-16,120,756.0,115.994095,4.0059051513671875
S005,P0010,2023-09-17,121,616.0,141.87144,-20.871444702148438
S005,P0010,2023-09-18,161,540.0,112.76747,48.23252868652344
S005,P0010,2023-09-19,108,349.0,128.39984,-20.39984130859375
S005,P0010,2023-09-20,111,224.0,106.50883,4.491172790527344
S005,P0010,2023-09-21,168,148.0,129.38866,38.61134338378906
S005,P0010,2023-09-22,95,288.0,97.59741,-2.597412109375
S005,P0010,2023-09-23,149,219.0,115.062614,33.93738555908203
S005,P0010,2023-09-24,61,542.0,92.874245,-31.874244689941406
S005,P0010,2023-09-25,96,501.0,97.87726,-1.87725830078125
S005,P0010,2023-09-26,99,391.0,95.93402,3.06597900390625
S005,P0010,2023-09-27,86,314.0,106.51449,-20.514488220214844
S005,P0010,2023-09-28,134,215.0,106.5128,27.487197875976562
S005,P0010,2023-09-29,132,109.0,114.21722,17.78278350830078
S005,P0010,2023-09-30,63,0.0,89.58548,-26.585479736328125
S005,P0010,2023-10-01,154,443.0,104.66505,49.33495330810547
S005,P0010,2023-10-02,148,296.0,140.68658,7.31341552734375
S005,P0010,2023-10-03,89,155.0,125.17129,-36.171287536621094
S005,P0010,2023-10-04,167,600.0,139.47307,27.526931762695312
S005,P0010,2023-10-05,94,408.0,101.21865,-7.218650817871094
S005,P0010,2023-10-06,52,342.0,99.01953,-47.01953125
S005,P0010,2023-10-07,85,283.0,97.18124,-12.181236267089844
S005,P0010,2023-10-08,72,201.0,80.49833,-8.498329162597656
S005,P0010,2023-10-09,102,117.0,94.142784,7.857215881347656
S005,P0010,2023-10-10,81,242.0,82.65992,-1.6599197387695312
S005,P0010,2023-10-11,40,155.0,91.19807,-51.19806671142578
S005,P0010,2023-10-12,88,124.0,96.89232,-8.892318725585938
S005,P0010,2023-10-13,53,242.0,76.36402,-23.36402130126953
S005,P0010,2023-10-14,87,197.0,89.72344,-2.7234420776367188
S005,P0010,2023-10-15,35,103.0,80.565346,-45.565345764160156
S005,P0010,2023-10-16,87,63.0,64.49088,22.509117126464844
S005,P0010,2023-10-17,86,253.0,68.34923,17.650772094726562
S005,P0010,2023-10-18,128,173.0,72.30075,55.699249267578125
S005,P0010,2023-10-19,72,36.0,90.05061,-18.050613403320312
S005,P0010,2023-10-20,71,234.0,72.081116,-1.08111572265625
S005,P0010,2023-10-21,154,501.0,98.452034,55.54796600341797
S005,P0010,2023-10-22,87,324.0,105.56646,-18.56645965576172
S005,P0010,2023-10-23,31,232.0,82.12413,-51.12413024902344
S005,P0010,2023-10-24,80,610.0,55.80386,24.19614028930664
S005,P0010,2023-10-25,181,520.0,82.09481,98.90518951416016
S005,P0010,2023-10-26,108,384.0,92.32197,15.678031921386719
S005,P0010,2023-10-27,104,275.0,90.222435,13.777565002441406
S005,P0010,2023-10-28,207,799.0,124.15566,82.8443374633789
S005,P0010,2023-10-29,100,629.0,104.58305,-4.5830535888671875
S005,P0010,2023-10-30,61,510.0,85.281296,-24.281295776367188
S005,P0010,2023-10-31,202,467.0,90.93812,111.06188201904297
S005,P0010,2023-11-01,135,245.0,94.77592,40.224082946777344
S005,P0010,2023-11-02,175,121.0,121.532906,53.46709442138672
S005,P0010,2023-11-03,124,510.0,107.36887,16.631126403808594
S005,P0010,2023-11-04,66,413.0,132.93112,-66.93112182617188
S005,P0010,2023-11-05,139,339.0,108.58274,30.417259216308594
S005,P0010,2023-11-06,83,190.0,92.47581,-9.475807189941406
S005,P0010,2023-11-07,135,133.0,121.02747,13.972526550292969
S005,P0010,2023-11-08,160,405.0,120.08411,39.9158935546875
S005,P0010,2023-11-09,100,242.0,117.40969,-17.409690856933594
S005,P0010,2023-11-10,131,158.0,102.23999,28.760009765625
S005,P0010,2023-11-11,92,511.0,87.005646,4.994354248046875
S005,P0010,2023-11-12,159,435.0,128.14734,30.8526611328125
S005,P0010,2023-11-13,106,332.0,94.7269,11.273101806640625
S005,P0010,2023-11-14,109,264.0,98.62265,10.377349853515625
S005,P0010,2023-11-15,142,746.0,124.68597,17.31403350830078
S005,P0010,2023-11-16,78,600.0,86.8696,-8.869598388671875
S005,P0010,2023-11-17,103,518.0,103.99164,-0.99163818359375
S005,P0010,2023-11-18,117,421.0,102.25598,14.7440185546875
S005,P0010,2023-11-19,297,320.0,139.41626,157.583740234375
S005,P0010,2023-11-20,95,109.0,111.630356,-16.630355834960938
S005,P0010,2023-11-21,133,47.0,110.79305,22.206947326660156
S005,P0010,2023-11-22,206,922.0,148.38185,57.61814880371094
S005,P0010,2023-11-23,99,689.0,124.152374,-25.152374267578125
S005,P0010,2023-11-24,90,574.0,99.647316,-9.647315979003906
S005,P0010,2023-11-25,89,494.0,94.761284,-5.761283874511719
S005,P0010,2023-11-26,209,411.0,111.85872,97.14128112792969
S005,P0010,2023-11-27,149,222.0,116.58007,32.41992950439453
S005,P0010,2023-11-28,52,89.0,103.99899,-51.998992919921875
S005,P0010,2023-11-29,108,676.0,110.89872,-2.8987197875976562
S005,P0010,2023-11-30,78,595.0,90.46565,-12.465652465820312
S005,P0010,2023-12-01,191,503.0,92.66828,98.33171844482422
S005,P0010,2023-12-02,30,297.0,109.88993,-79.88993072509766
S005,P0010,2023-12-03,131,267.0,115.93756,15.06243896484375
S005,P0010,2023-12-04,111,747.0,111.693504,-0.6935043334960938
S005,P0010,2023-12-05,78,667.0,108.328224,-30.328224182128906
S005,P0010,2023-12-06,61,606.0,97.76662,-36.76661682128906
S005,P0010,2023-12-07,125,559.0,111.21151,13.788490295410156
S005,P0010,2023-12-08,124,411.0,120.102196,3.8978042602539062
S005,P0010,2023-12-09,118,310.0,129.01552,-11.015518188476562
S005,P0010,2023-12-10,134,221.0,120.04099,13.959007263183594
S005,P0010,2023-12-11,52,450.0,140.15955,-88.1595458984375
S005,P0010,2023-12-12,175,408.0,111.34481,63.655189514160156
S005,P0010,2023-12-13,68,265.0,91.37089,-23.370887756347656
S005,P0010,2023-12-14,201,183.0,116.436195,84.56380462646484
S005,P0010,2023-12-15,75,466.0,98.24883,-23.24883270263672
S005,P0010,2023-12-16,56,399.0,92.38817,-36.38816833496094
S005,P0010,2023-12-17,131,917.0,126.52873,4.4712677001953125
S005,P0010,2023-12-18,104,791.0,119.0228,-15.022796630859375
S005,P0010,2023-12-19,179,682.0,103.00068,75.99932098388672
S005,P0010,2023-12-20,113,549.0,119.21206,-6.212059020996094
S005,P0010,2023-12-21,180,478.0,103.61809,76.38191223144531
S005,P0010,2023-12-22,152,284.0,107.40176,44.598243713378906
S005,P0010,2023-12-23,104,166.0,101.93327,2.0667266845703125
S005,P0010,2023-12-24,199,649.0,149.39935,49.60064697265625
S005,P0010,2023-12-25,190,446.0,140.19336,49.806640625
S005,P0010,2023-12-26,111,261.0,108.793335,2.2066650390625
S005,P0010,2023-12-27,112,137.0,103.215065,8.784934997558594
S005,P0010,2023-12-28,69,675.0,74.53738,-5.537376403808594
S005,P0010,2023-12-29,51,605.0,63.293648,-12.293647766113281
S005,P0010,2023-12-30,35,566.0,80.18713,-45.1871337890625
S005,P0010,2023-12-31,44,529.0,72.31752,-28.317520141601562
S005,P0010,2024-01-01,100,493.0,76.64928,23.350723266601562
S005,P0010,2024-01-02,30,426.0,62.265682,-32.265682220458984
S005,P0010,2024-01-03,66,404.0,45.967125,20.032875061035156
S005,P0010,2024-01-04,113,330.0,72.590485,40.409515380859375
S005,P0010,2024-01-05,47,221.0,93.78368,-46.78368377685547
S005,P0010,2024-01-06,124,178.0,55.670002,68.32999801635742
S005,P0010,2024-01-07,116,332.0,91.01178,24.98822021484375
S005,P0010,2024-01-08,59,194.0,50.943867,8.056133270263672
S005,P0010,2024-01-09,114,155.0,84.54425,29.45574951171875
S005,P0010,2024-01-10,84,437.0,109.03217,-25.03217315673828
S005,P0010,2024-01-11,122,353.0,85.51114,36.488861083984375
S005,P0010,2024-01-12,152,234.0,92.49655,59.503448486328125
S005,P0010,2024-01-13,94,67.0,86.85519,7.144813537597656
S005,P0010,2024-01-14,121,335.0,86.57737,34.422630310058594
S005,P0010,2024-01-15,108,236.0,88.825714,19.174285888671875
S005,P0010,2024-01-16,126,162.0,118.60426,7.3957366943359375
S005,P0010,2024-01-17,175,342.0,119.82454,55.17546081542969
S005,P0010,2024-01-18,106,176.0,102.59269,3.4073104858398438
S005,P0010,2024-01-19,78,75.0,91.32162,-13.321617126464844
S005,P0010,2024-01-20,162,574.0,101.29764,60.702362060546875
S005,P0010,2024-01-21,108,459.0,114.380005,-6.3800048828125
S005,P0010,2024-01-22,160,337.0,100.66895,59.33104705810547
S005,P0010,2024-01-23,102,229.0,97.28326,4.716743469238281
S005,P0010,2024-01-24,153,155.0,121.025475,31.974525451660156
S005,P0010,2024-01-25,76,472.0,87.350784,-11.350784301757812
S005,P0010,2024-01-26,29,412.0,96.96374,-67.96373748779297
S005,P0010,2024-01-27,108,394.0,128.72295,-20.722946166992188
S005,P0010,2024-01-28,87,277.0,87.836235,-0.8362350463867188
S005,P0010,2024-01-29,90,202.0,83.36121,6.638786315917969
S005,P0010,2024-01-30,78,115.0,90.06223,-12.062232971191406
S005,P0011,2023-09-07,163,285.0,126.85197,36.148033142089844
S005,P0011,2023-09-08,95,178.0,129.4631,-34.463104248046875
S005,P0011,2023-09-09,134,108.0,101.63964,32.36035919189453
S005,P0011,2023-09-10,139,655.0,130.79306,8.206939697265625
S005,P0011,2023-09-11,127,556.0,129.86461,-2.8646087646484375
S005,P0011,2023-09-12,129,454.0,97.447586,31.552413940429688
S005,P0011,2023-09-13,139,330.0,101.526855,37.47314453125
S005,P0011,2023-09-14,153,240.0,105.373245,47.62675476074219
S005,P0011,2023-09-15,80,88.0,111.90811,-31.908111572265625
S005,P0011,2023-09-16,156,582.0,138.4751,17.52490234375
S005,P0011,2023-09-17,185,444.0,155.68343,29.316574096679688
S005,P0011,2023-09-18,59,302.0,107.81204,-48.812042236328125
S005,P0011,2023-09-19,60,256.0,107.02044,-47.02043914794922
S005,P0011,2023-09-20,139,795.0,111.51621,27.483787536621094
S005,P0011,2023-09-21,42,656.0,100.82722,-58.82721710205078
S005,P0011,2023-09-22,78,608.0,134.3127,-56.31269836425781
S005,P0011,2023-09-23,47,546.0,107.258736,-60.25873565673828
S005,P0011,2023-09-24,46,506.0,97.59952,-51.599517822265625
S005,P0011,2023-09-25,95,471.0,83.96906,11.030937194824219
S005,P0011,2023-09-26,73,379.0,88.45969,-15.459686279296875
S005,P0011,2023-09-27,94,315.0,85.31028,8.689720153808594
S005,P0011,2023-09-28,121,247.0,85.795616,35.204383850097656
S005,P0011,2023-09-29,147,136.0,94.35872,52.64128112792969
S005,P0011,2023-09-30,91,37.0,81.216286,9.783714294433594
S005,P0011,2023-10-01,59,312.0,118.948784,-59.94878387451172
S005,P0011,2023-10-02,91,273.0,92.6779,-1.6779022216796875
S005,P0011,2023-10-03,118,877.0,97.865524,20.134475708007812
S005,P0011,2023-10-04,90,741.0,100.59038,-10.590377807617188
S005,P0011,2023-10-05,94,684.0,97.50477,-3.5047683715820312
S005,P0011,2023-10-06,71,610.0,95.149254,-24.149253845214844
S005,P0011,2023-10-07,47,553.0,101.48226,-54.482261657714844
S005,P0011,2023-10-08,18,508.0,87.58958,-69.5895767211914
S005,P0011,2023-10-09,40,492.0,67.36889,-27.36888885498047
S005,P0011,2023-10-10,43,447.0,77.21101,-34.21101379394531
S005,P0011,2023-10-11,45,405.0,51.93484,-6.934841156005859
S005,P0011,2023-10-12,45,374.0,58.363438,-13.36343765258789
S005,P0011,2023-10-13,40,322.0,42.151535,-2.1515350341796875
S005,P0011,2023-10-14,44,294.0,37.800987,6.199012756347656
S005,P0011,2023-10-15,64,264.0,38.008263,25.991737365722656
S005,P0011,2023-10-16,58,196.0,40.620472,17.379528045654297
S005,P0011,2023-10-17,88,155.0,51.650723,36.34927749633789
S005,P0011,2023-10-18,43,74.0,50.312347,-7.312347412109375
S005,P0011,2023-10-19,49,309.0,63.154198,-14.154197692871094
S005,P0011,2023-10-20,46,256.0,47.33188,-1.331878662109375
S005,P0011,2023-10-21,114,220.0,59.57932,54.42068099975586
S005,P0011,2023-10-22,80,112.0,58.147877,21.852123260498047
S005,P0011,2023-10-23,65,38.0,65.41194,-0.4119415283203125
S005,P0011,2023-10-24,40,0.0,45.129086,-5.129085540771484
S005,P0011,2023-10-25,111,505.0,57.29269,53.70730972290039
S005,P0011,2023-10-26,66,404.0,104.22247,-38.22247314453125
S005,P0011,2023-10-27,116,353.0,67.914925,48.08507537841797
S005,P0011,2023-10-28,85,281.0,68.69178,16.30821990966797
S005,P0011,2023-10-29,72,220.0,81.131714,-9.1317138671875
S005,P0011,2023-10-30,97,160.0,63.39044,33.60955810546875
S005,P0011,2023-10-31,69,461.0,79.18446,-10.184463500976562
S005,P0011,2023-11-01,139,385.0,64.63455,74.36544799804688
S005,P0011,2023-11-02,151,230.0,70.30277,80.69722747802734
S005,P0011,2023-11-03,114,88.0,78.17829,35.82170867919922
S005,P0011,2023-11-04,110,0.0,105.42232,4.5776824951171875
S005,P0011,2023-11-05,75,665.0,77.54412,-2.5441207885742188
S005,P0011,2023-11-06,121,585.0,100.84262,20.157379150390625
S005,P0011,2023-11-07,119,485.0,76.23529,42.76470947265625
S005,P0011,2023-11-08,143,362.0,80.13593,62.86406707763672
S005,P0011,2023-11-09,87,194.0,96.98283,-9.982826232910156
S005,P0011,2023-11-10,53,136.0,84.53271,-31.53270721435547
S005,P0011,2023-11-11,73,549.0,108.318665,-35.31866455078125
S005,P0011,2023-11-12,78,502.0,87.9328,-9.93280029296875
S005,P0011,2023-11-13,130,438.0,76.40476,53.595237731933594
S005,P0011,2023-11-14,59,334.0,86.7482,-27.748199462890625
S005,P0011,2023-11-15,99,276.0,101.77139,-2.771392822265625
S005,P0011,2023-11-16,71,176.0,87.86493,-16.86492919921875
S005,P0011,2023-11-17,158,544.0,108.05899,49.941009521484375
S005,P0011,2023-11-18,131,374.0,122.026764,8.973236083984375
S005,P0011,2023-11-19,100,226.0,90.39924,9.600761413574219
S005,P0011,2023-11-20,77,129.0,97.142456,-20.1424560546875
S005,P0011,2023-11-21,149,737.0,121.57541,27.424591064453125
S005,P0011,2023-11-22,78,603.0,91.33419,-13.334190368652344
S005,P0011,2023-11-23,67,525.0,91.50691,-24.506912231445312
S005,P0011,2023-11-24,136,472.0,116.57892,19.42108154296875
S005,P0011,2023-11-25,128,385.0,120.11114,7.888862609863281
S005,P0011,2023-11-26,170,266.0,127.08195,42.918052673339844
S005,P0011,2023-11-27,45,129.0,95.88811,-50.88810729980469
S005,P0011,2023-11-28,73,586.0,100.92031,-27.920310974121094
S005,P0011,2023-11-29,126,513.0,94.98322,31.01677703857422
S005,P0011,2023-11-30,124,435.0,95.585075,28.41492462158203
S005,P0011,2023-12-01,51,312.0,103.7363,-52.736297607421875
S005,P0011,2023-12-02,67,274.0,101.83261,-34.832611083984375
S005,P0011,2023-12-03,59,772.0,101.02366,-42.023658752441406
S005,P0011,2023-12-04,120,704.0,128.21008,-8.2100830078125
S005,P0011,2023-12-05,114,563.0,103.5483,10.451698303222656
S005,P0011,2023-12-06,151,438.0,129.63377,21.366226196289062
S005,P0011,2023-12-07,94,287.0,124.35946,-30.359458923339844
S005,P0011,2023-12-08,117,184.0,106.89156,10.108436584472656
S005,P0011,2023-12-09,88,53.0,128.57843,-40.57843017578125
S005,P0011,2023-12-10,44,576.0,96.119965,-52.119964599609375
S005,P0011,2023-12-11,112,538.0,125.68721,-13.687210083007812
S005,P0011,2023-12-12,81,459.0,95.28354,-14.283538818359375
S005,P0011,2023-12-13,129,378.0,99.03928,29.960716247558594
S005,P0011,2023-12-14,92,272.0,92.57734,-0.5773391723632812
S005,P0011,2023-12-15,132,169.0,93.4569,38.54309844970703
S005,P0011,2023-12-16,130,90.0,134.22754,-4.2275390625
S005,P0011,2023-12-17,41,577.0,96.728096,-55.72809600830078
S005,P0011,2023-12-18,101,533.0,109.016716,-8.016716003417969
S005,P0011,2023-12-19,166,456.0,131.03017,34.96983337402344
S005,P0011,2023-12-20,81,333.0,96.260506,-15.260505676269531
S005,P0011,2023-12-21,114,240.0,90.46953,23.530471801757812
S005,P0011,2023-12-22,33,156.0,108.753044,-75.75304412841797
S005,P0011,2023-12-23,106,819.0,90.655235,15.344764709472656
S005,P0011,2023-12-24,63,715.0,101.54658,-38.54657745361328
S005,P0011,2023-12-25,121,664.0,100.93007,20.069931030273438
S005,P0011,2023-12-26,134,532.0,123.15254,10.847457885742188
S005,P0011,2023-12-27,70,385.0,96.47724,-26.47724151611328
S005,P0011,2023-12-28,50,318.0,81.807434,-31.80743408203125
S005,P0011,2023-12-29,4,280.0,65.97256,-61.972557067871094
S005,P0011,2023-12-30,40,803.0,62.95942,-22.95941925048828
S005,P0011,2023-12-31,42,759.0,53.010395,-11.010395050048828
S005,P0011,2024-01-01,40,731.0,46.031265,-6.0312652587890625
S005,P0011,2024-01-02,71,694.0,30.122173,40.87782669067383
S005,P0011,2024-01-03,43,617.0,46.733204,-3.733203887939453
S005,P0011,2024-01-04,57,576.0,37.243164,19.7568359375
S005,P0011,2024-01-05,74,517.0,43.694836,30.305164337158203
S005,P0011,2024-01-06,30,458.0,53.70934,-23.709339141845703
S005,P0011,2024-01-07,33,424.0,28.878708,4.1212921142578125
S005,P0011,2024-01-08,40,395.0,30.514032,9.485967636108398
S005,P0011,2024-01-09,95,355.0,62.009766,32.990234375
S005,P0011,2024-01-10,45,291.0,73.3571,-28.357101440429688
S005,P0011,2024-01-11,111,244.0,66.187386,44.81261444091797
S005,P0011,2024-01-12,103,112.0,67.792244,35.20775604248047
S005,P0011,2024-01-13,177,445.0,80.52582,96.47418212890625
S005,P0011,2024-01-14,44,307.0,82.90198,-38.9019775390625
S005,P0011,2024-01-15,194,256.0,86.746155,107.25384521484375
S005,P0011,2024-01-16,89,66.0,102.159,-13.15899658203125
S005,P0011,2024-01-17,171,578.0,120.64621,50.353790283203125
S005,P0011,2024-01-18,93,400.0,92.22108,0.7789230346679688
S005,P0011,2024-01-19,111,340.0,102.15378,8.846221923828125
S005,P0011,2024-01-20,172,209.0,100.535576,71.46442413330078
S005,P0011,2024-01-21,81,689.0,102.68174,-21.681739807128906
S005,P0011,2024-01-22,81,597.0,89.60626,-8.60626220703125
S005,P0011,2024-01-23,104,532.0,86.38231,17.617691040039062
S005,P0011,2024-01-24,74,446.0,86.68134,-12.681343078613281
S005,P0011,2024-01-25,85,364.0,87.28425,-2.2842483520507812
S005,P0011,2024-01-26,118,310.0,79.7393,38.26069641113281
S005,P0011,2024-01-27,89,189.0,86.977936,2.022064208984375
S005,P0011,2024-01-28,112,90.0,75.50743,36.49256896972656
S005,P0011,2024-01-29,51,320.0,89.96109,-38.961090087890625
S005,P0011,2024-01-30,74,269.0,82.69045,-8.690452575683594
S005,P0012,2023-09-07,64,570.0,77.73158,-13.731582641601562
S005,P0012,2023-09-08,61,494.0,83.12325,-22.123252868652344
S005,P0012,2023-09-09,63,454.0,68.84899,-5.848991394042969
S005,P0012,2023-09-10,134,407.0,106.907524,27.09247589111328
S005,P0012,2023-09-11,77,327.0,77.23039,-0.2303924560546875
S005,P0012,2023-09-12,76,237.0,71.64318,4.356819152832031
S005,P0012,2023-09-13,86,148.0,87.01106,-1.0110626220703125
S005,P0012,2023-09-14,39,711.0,63.834076,-24.834075927734375
S005,P0012,2023-09-15,76,668.0,76.763954,-0.7639541625976562
S005,P0012,2023-09-16,62,614.0,71.37836,-9.37835693359375
S005,P0012,2023-09-17,79,552.0,86.21671,-7.216712951660156
S005,P0012,2023-09-18,106,488.0,101.31132,4.688682556152344
S005,P0012,2023-09-19,77,366.0,76.03994,0.9600601196289062
S005,P0012,2023-09-20,111,308.0,77.03382,33.96617889404297
S005,P0012,2023-09-21,57,237.0,70.60928,-13.609283447265625
S005,P0012,2023-09-22,121,580.0,99.66161,21.33838653564453
S005,P0012,2023-09-23,90,448.0,76.35444,13.645561218261719
S005,P0012,2023-09-24,75,353.0,73.873184,1.1268157958984375
S005,P0012,2023-09-25,74,305.0,89.36543,-15.365432739257812
S005,P0012,2023-09-26,89,221.0,74.67812,14.321876525878906
S005,P0012,2023-09-27,65,419.0,70.45168,-5.451683044433594
S005,P0012,2023-09-28,101,345.0,96.33972,4.6602783203125
S005,P0012,2023-09-29,132,230.0,82.49044,49.509559631347656
S005,P0012,2023-09-30,38,93.0,76.86061,-38.86061096191406
S005,P0012,2023-10-01,53,53.0,71.68905,-18.689048767089844
S005,P0012,2023-10-02,81,339.0,88.046036,-7.0460357666015625
S005,P0012,2023-10-03,54,901.0,83.619576,-29.61957550048828
S005,P0012,2023-10-04,73,853.0,82.43167,-9.431671142578125
S005,P0012,2023-10-05,22,783.0,63.590588,-41.5905876159668
S005,P0012,2023-10-06,40,763.0,67.92047,-27.92047119140625
S005,P0012,2023-10-07,56,734.0,45.667538,10.332462310791016
S005,P0012,2023-10-08,34,694.0,41.132545,-7.132545471191406
S005,P0012,2023-10-09,22,659.0,35.22072,-13.220718383789062
S005,P0012,2023-10-10,19,645.0,39.31399,-20.31399154663086
S005,P0012,2023-10-11,35,631.0,32.330418,2.6695823669433594
S005,P0012,2023-10-12,54,598.0,40.275177,13.724822998046875
S005,P0012,2023-10-13,57,550.0,47.011894,9.988105773925781
S005,P0012,2023-10-14,33,497.0,40.601017,-7.601016998291016
S005,P0012,2023-10-15,37,474.0,34.436844,2.5631561279296875
S005,P0012,2023-10-16,28,445.0,31.577856,-3.5778560638427734
S005,P0012,2023-10-17,46,413.0,36.1222,9.877799987792969
S005,P0012,2023-10-18,31,372.0,39.442566,-8.44256591796875
S005,P0012,2023-10-19,43,353.0,31.841587,11.15841293334961
S005,P0012,2023-10-20,53,312.0,47.677315,5.322685241699219
S005,P0012,2023-10-21,60,260.0,45.36161,14.638389587402344
S005,P0012,2023-10-22,23,223.0,34.110863,-11.110862731933594
S005,P0012,2023-10-23,10,207.0,28.645779,-18.64577865600586
S005,P0012,2023-10-24,37,200.0,27.12247,9.87752914428711
S005,P0012,2023-10-25,64,452.0,84.925896,-20.92589569091797
S005,P0012,2023-10-26,87,383.0,80.863014,6.136985778808594
S005,P0012,2023-10-27,98,284.0,82.26966,15.730339050292969
S005,P0012,2023-10-28,66,222.0,72.528854,-6.5288543701171875
S005,P0012,2023-10-29,102,175.0,68.65168,33.34832000732422
S005,P0012,2023-10-30,43,462.0,60.284206,-17.28420639038086
S005,P0012,2023-10-31,35,426.0,54.88436,-19.884361267089844
S005,P0012,2023-11-01,110,403.0,88.58328,21.416717529296875
S005,P0012,2023-11-02,77,318.0,69.43834,7.5616607666015625
S005,P0012,2023-11-03,43,261.0,75.20078,-32.200782775878906
S005,P0012,2023-11-04,114,230.0,69.83336,44.16664123535156
S005,P0012,2023-11-05,110,669.0,88.96267,21.037330627441406
S005,P0012,2023-11-06,101,589.0,90.69567,10.304328918457031
S005,P0012,2023-11-07,66,526.0,71.42274,-5.422737121582031
S005,P0012,2023-11-08,62,451.0,63.575645,-1.5756454467773438
S005,P0012,2023-11-09,60,401.0,81.32926,-21.329261779785156
S005,P0012,2023-11-10,78,352.0,92.04247,-14.042472839355469
S005,P0012,2023-11-11,73,302.0,67.51761,5.482391357421875
S005,P0012,2023-11-12,42,228.0,65.93931,-23.939308166503906
S005,P0012,2023-11-13,48,184.0,64.14552,-16.145523071289062
S005,P0012,2023-11-14,100,409.0,89.74304,10.2569580078125
S005,P0012,2023-11-15,37,315.0,64.43066,-27.43065643310547
S005,P0012,2023-11-16,75,292.0,69.88191,5.1180877685546875
S005,P0012,2023-11-17,79,225.0,70.511986,8.488014221191406
S005,P0012,2023-11-18,134,499.0,112.3491,21.650901794433594
S005,P0012,2023-11-19,130,360.0,115.69891,14.30108642578125
S005,P0012,2023-11-20,86,280.0,78.76054,7.239463806152344
S005,P0012,2023-11-21,148,198.0,76.46103,71.53897094726562
S005,P0012,2023-11-22,151,629.0,100.73441,50.265586853027344
S005,P0012,2023-11-23,133,526.0,128.67928,4.3207244873046875
S005,P0012,2023-11-24,108,413.0,120.24908,-12.249076843261719
S005,P0012,2023-11-25,90,319.0,92.268234,-2.2682342529296875
S005,P0012,2023-11-26,93,754.0,121.94118,-28.941177368164062
S005,P0012,2023-11-27,98,672.0,92.24091,5.759086608886719
S005,P0012,2023-11-28,55,598.0,81.24758,-26.247581481933594
S005,P0012,2023-11-29,111,542.0,92.3798,18.620201110839844
S005,P0012,2023-11-30,119,444.0,101.95172,17.04827880859375
S005,P0012,2023-12-01,72,302.0,92.72061,-20.720611572265625
S005,P0012,2023-12-02,151,238.0,131.17084,19.82916259765625
S005,P0012,2023-12-03,103,62.0,150.83722,-47.83721923828125
S005,P0012,2023-12-04,101,519.0,113.108444,-12.108444213867188
S005,P0012,2023-12-05,57,437.0,104.52346,-47.523460388183594
S005,P0012,2023-12-06,83,391.0,108.653854,-25.653854370117188
S005,P0012,2023-12-07,92,323.0,102.35825,-10.358253479003906
S005,P0012,2023-12-08,58,253.0,95.49702,-37.49701690673828
S005,P0012,2023-12-09,82,200.0,120.90522,-38.90522003173828
S005,P0012,2023-12-10,82,397.0,114.510796,-32.51079559326172
S005,P0012,2023-12-11,140,311.0,127.714485,12.285514831542969
S005,P0012,2023-12-12,92,150.0,101.80613,-9.806129455566406
S005,P0012,2023-12-13,95,80.0,104.73912,-9.739120483398438
S005,P0012,2023-12-14,56,335.0,106.67358,-50.67357635498047
S005,P0012,2023-12-15,77,861.0,128.1999,-51.19990539550781
S005,P0012,2023-12-16,53,793.0,96.9229,-43.92289733886719
S005,P0012,2023-12-17,121,749.0,137.23058,-16.230575561523438
S005,P0012,2023-12-18,86,668.0,98.816414,-12.816413879394531
S005,P0012,2023-12-19,94,597.0,118.2275,-24.227500915527344
S005,P0012,2023-12-20,69,525.0,92.12913,-23.129127502441406
S005,P0012,2023-12-21,65,467.0,82.36402,-17.36402130126953
S005,P0012,2023-12-22,91,400.0,100.21611,-9.216110229492188
S005,P0012,2023-12-23,96,298.0,78.744,17.255996704101562
S005,P0012,2023-12-24,62,195.0,73.88291,-11.882911682128906
S005,P0012,2023-12-25,67,140.0,94.218956,-27.218955993652344
S005,P0012,2023-12-26,85,496.0,85.17857,-0.1785736083984375
S005,P0012,2023-12-27,44,417.0,70.30015,-26.300148010253906
S005,P0012,2023-12-28,41,379.0,51.37285,-10.372848510742188
S005,P0012,2023-12-29,51,350.0,41.592632,9.407367706298828
S005,P0012,2023-12-30,15,295.0,45.039654,-30.039653778076172
S005,P0012,2023-12-31,32,286.0,39.231693,-7.231693267822266
S005,P0012,2024-01-01,19,257.0,23.601044,-4.601043701171875
S005,P0012,2024-01-02,22,236.0,24.980783,-2.980783462524414
S005,P0012,2024-01-03,18,213.0,26.990034,-8.990034103393555
S005,P0012,2024-01-04,38,194.0,27.841688,10.15831184387207
S005,P0012,2024-01-05,49,160.0,30.333927,18.666072845458984
S005,P0012,2024-01-06,46,117.0,28.638866,17.361133575439453
S005,P0012,2024-01-07,61,71.0,39.733658,21.266342163085938
S005,P0012,2024-01-08,54,180.0,29.867704,24.132295608520508
S005,P0012,2024-01-09,91,139.0,85.702644,5.297355651855469
S005,P0012,2024-01-10,96,30.0,80.07038,15.929618835449219
S005,P0012,2024-01-11,73,223.0,80.18135,-7.1813507080078125
S005,P0012,2024-01-12,83,139.0,91.208435,-8.20843505859375
S005,P0012,2024-01-13,102,435.0,88.75094,13.249061584472656
S005,P0012,2024-01-14,57,325.0,67.61396,-10.613960266113281
S005,P0012,2024-01-15,132,279.0,83.10838,48.89161682128906
S005,P0012,2024-01-16,72,150.0,79.92153,-7.921531677246094
S005,P0012,2024-01-17,112,547.0,108.02594,3.97406005859375
S005,P0012,2024-01-18,123,444.0,111.44104,11.5589599609375
S005,P0012,2024-01-19,63,363.0,78.46627,-15.466270446777344
S005,P0012,2024-01-20,105,299.0,86.40351,18.59648895263672
S005,P0012,2024-01-21,96,201.0,76.11927,19.88072967529297
S005,P0012,2024-01-22,123,514.0,110.497635,12.502365112304688
S005,P0012,2024-01-23,110,391.0,105.44696,4.55303955078125
S005,P0012,2024-01-24,60,262.0,76.24815,-16.248153686523438
S005,P0012,2024-01-25,4,218.0,85.88117,-81.88117218017578
S005,P0012,2024-01-26,65,623.0,71.70175,-6.701751708984375
S005,P0012,2024-01-27,66,551.0,72.69861,-6.6986083984375
S005,P0012,2024-01-28,96,495.0,77.574425,18.425575256347656
S005,P0012,2024-01-29,71,436.0,68.59291,2.4070892333984375
S005,P0012,2024-01-30,54,375.0,60.815502,-6.815502166748047
S005,P0013,2023-09-07,96,324.0,119.34544,-23.345443725585938
S005,P0013,2023-09-08,111,748.0,116.9095,-5.9095001220703125
S005,P0013,2023-09-09,129,619.0,161.54651,-32.5465087890625
S005,P0013,2023-09-10,157,505.0,147.87178,9.128219604492188
S005,P0013,2023-09-11,139,331.0,110.51122,28.48877716064453
S005,P0013,2023-09-12,74,198.0,111.53268,-37.532676696777344
S005,P0013,2023-09-13,91,619.0,115.25447,-24.254470825195312
S005,P0013,2023-09-14,155,537.0,136.82011,18.179885864257812
S005,P0013,2023-09-15,102,435.0,133.34796,-31.34796142578125
S005,P0013,2023-09-16,123,361.0,144.05708,-21.057083129882812
S005,P0013,2023-09-17,154,281.0,118.09946,35.900543212890625
S005,P0013,2023-09-18,155,123.0,106.33641,48.66358947753906
S005,P0013,2023-09-19,164,345.0,100.71883,63.28117370605469
S005,P0013,2023-09-20,57,149.0,110.90753,-53.90753173828125
S005,P0013,2023-09-21,134,578.0,110.29054,23.709457397460938
S005,P0013,2023-09-22,92,483.0,128.61931,-36.61930847167969
S005,P0013,2023-09-23,108,393.0,106.23959,1.760406494140625
S005,P0013,2023-09-24,106,296.0,138.99742,-32.99742126464844
S005,P0013,2023-09-25,152,203.0,103.31783,48.682167053222656
S005,P0013,2023-09-26,226,107.0,153.27022,72.72978210449219
S005,P0013,2023-09-27,209,324.0,120.15616,88.84384155273438
S005,P0013,2023-09-28,103,188.0,123.43289,-20.432891845703125
S005,P0013,2023-09-29,173,798.0,117.15541,55.84458923339844
S005,P0013,2023-09-30,96,635.0,123.88076,-27.880760192871094
S005,P0013,2023-10-01,92,564.0,114.00142,-22.001419067382812
S005,P0013,2023-10-02,207,461.0,167.32932,39.670684814453125
S005,P0013,2023-10-03,208,306.0,151.16779,56.83221435546875
S005,P0013,2023-10-04,131,80.0,112.57818,18.42182159423828
S005,P0013,2023-10-05,114,549.0,119.90523,-5.9052276611328125
S005,P0013,2023-10-06,126,450.0,112.94917,13.050827026367188
S005,P0013,2023-10-07,95,300.0,102.810265,-7.810264587402344
S005,P0013,2023-10-08,75,219.0,107.378914,-32.37891387939453
S005,P0013,2023-10-09,57,153.0,103.64832,-46.64832305908203
S005,P0013,2023-10-10,38,433.0,118.0254,-80.02539825439453
S005,P0013,2023-10-11,74,394.0,87.93149,-13.931488037109375
S005,P0013,2023-10-12,129,321.0,117.68577,11.314231872558594
S005,P0013,2023-10-13,95,212.0,90.41745,4.582550048828125
S005,P0013,2023-10-14,79,150.0,95.27236,-16.272361755371094
S005,P0013,2023-10-15,27,527.0,82.860016,-55.860015869140625
S005,P0013,2023-10-16,112,505.0,100.77857,11.221427917480469
S005,P0013,2023-10-17,173,391.0,114.35989,58.640106201171875
S005,P0013,2023-10-18,73,217.0,90.189224,-17.189224243164062
S005,P0013,2023-10-19,90,139.0,94.943726,-4.9437255859375
S005,P0013,2023-10-20,102,621.0,111.746666,-9.746665954589844
S005,P0013,2023-10-21,84,558.0,88.516884,-4.516883850097656
S005,P0013,2023-10-22,81,489.0,112.53364,-31.53363800048828
S005,P0013,2023-10-23,108,438.0,119.375946,-11.375946044921875
S005,P0013,2023-10-24,65,343.0,87.17035,-22.17034912109375
S005,P0013,2023-10-25,159,271.0,122.84795,36.15204620361328
S005,P0013,2023-10-26,43,173.0,86.64413,-43.644126892089844
S005,P0013,2023-10-27,138,145.0,94.86427,43.13572692871094
S005,P0013,2023-10-28,71,435.0,89.77356,-18.7735595703125
S005,P0013,2023-10-29,88,368.0,90.65994,-2.659942626953125
S005,P0013,2023-10-30,138,299.0,93.58869,44.41130828857422
S005,P0013,2023-10-31,138,170.0,93.62702,44.37297821044922
S005,P0013,2023-11-01,140,86.0,129.43643,10.563568115234375
S005,P0013,2023-11-02,146,483.0,99.39433,46.60566711425781
S005,P0013,2023-11-03,120,339.0,99.36117,20.638832092285156
S005,P0013,2023-11-04,100,208.0,103.36266,-3.3626632690429688
S005,P0013,2023-11-05,167,610.0,134.99117,32.00883483886719
S005,P0013,2023-11-06,109,465.0,108.19497,0.8050308227539062
S005,P0013,2023-11-07,81,395.0,103.96604,-22.966041564941406
S005,P0013,2023-11-08,42,341.0,114.74766,-72.7476577758789
S005,P0013,2023-11-09,101,312.0,97.62356,3.3764419555664062
S005,P0013,2023-11-10,148,203.0,94.74583,53.254173278808594
S005,P0013,2023-11-11,140,37.0,93.97908,46.02091979980469
S005,P0013,2023-11-12,85,261.0,93.28147,-8.281471252441406
S005,P0013,2023-11-13,89,573.0,101.52516,-12.525161743164062
S005,P0013,2023-11-14,150,475.0,126.92921,23.07079315185547
S005,P0013,2023-11-15,96,303.0,100.0822,-4.0821990966796875
S005,P0013,2023-11-16,134,227.0,123.882065,10.117935180664062
S005,P0013,2023-11-17,30,551.0,82.89154,-52.89154052734375
S005,P0013,2023-11-18,95,525.0,112.85632,-17.8563232421875
S005,P0013,2023-11-19,39,437.0,80.82255,-41.822547912597656
S005,P0013,2023-11-20,74,397.0,115.34956,-41.34956359863281
S005,P0013,2023-11-21,102,337.0,112.41903,-10.419029235839844
S005,P0013,2023-11-22,66,256.0,85.199295,-19.199295043945312
S005,P0013,2023-11-23,116,193.0,114.2817,1.7182998657226562
S005,P0013,2023-11-24,59,373.0,85.51087,-26.51087188720703
S005,P0013,2023-11-25,72,322.0,109.97193,-37.97193145751953
S005,P0013,2023-11-26,116,264.0,91.83645,24.163551330566406
S005,P0013,2023-11-27,125,177.0,92.22383,32.77616882324219
S005,P0013,2023-11-28,122,84.0,92.54447,29.455528259277344
S005,P0013,2023-11-29,118,388.0,95.06191,22.938087463378906
S005,P0013,2023-11-30,161,257.0,98.1387,62.861297607421875
S005,P0013,2023-12-01,160,70.0,122.25439,37.74561309814453
S005,P0013,2023-12-02,258,319.0,135.52698,122.4730224609375
S005,P0013,2023-12-03,104,97.0,104.20016,-0.20015716552734375
S005,P0013,2023-12-04,127,399.0,147.1276,-20.127593994140625
S005,P0013,2023-12-05,161,1168.0,158.40678,2.5932159423828125
S005,P0013,2023-12-06,122,1033.0,169.30516,-47.30516052246094
S005,P0013,2023-12-07,96,908.0,126.25907,-30.259071350097656
S005,P0013,2023-12-08,122,803.0,112.78332,9.216682434082031
S005,P0013,2023-12-09,123,693.0,92.22548,30.774520874023438
S005,P0013,2023-12-10,119,580.0,106.88382,12.116180419921875
S005,P0013,2023-12-11,134,477.0,115.26412,18.735877990722656
S005,P0013,2023-12-12,89,354.0,111.84799,-22.847991943359375
S005,P0013,2023-12-13,128,270.0,144.64511,-16.645111083984375
S005,P0013,2023-12-14,175,181.0,109.93944,65.06056213378906
S005,P0013,2023-12-15,104,28.0,116.379074,-12.379074096679688
S005,P0013,2023-12-16,35,443.0,105.45262,-70.45262145996094
S005,P0013,2023-12-17,208,403.0,148.92392,59.076080322265625
S005,P0013,2023-12-18,134,182.0,107.74578,26.25421905517578
S005,P0013,2023-12-19,199,34.0,119.394966,79.60503387451172
S005,P0013,2023-12-20,134,741.0,138.23215,-4.232147216796875
S005,P0013,2023-12-21,129,587.0,110.94653,18.053466796875
S005,P0013,2023-12-22,157,461.0,139.07431,17.925689697265625
S005,P0013,2023-12-23,133,307.0,106.921,26.079002380371094
S005,P0013,2023-12-24,115,191.0,122.643364,-7.643363952636719
S005,P0013,2023-12-25,103,641.0,132.87965,-29.879653930664062
S005,P0013,2023-12-26,145,533.0,116.94586,28.05413818359375
S005,P0013,2023-12-27,47,401.0,107.10545,-60.10545349121094
S005,P0013,2023-12-28,49,358.0,86.26901,-37.269012451171875
S005,P0013,2023-12-29,92,319.0,101.92396,-9.923957824707031
S005,P0013,2023-12-30,36,220.0,83.948326,-47.948326110839844
S005,P0013,2023-12-31,89,181.0,76.14106,12.858940124511719
S005,P0013,2024-01-01,38,393.0,70.576996,-32.576995849609375
S005,P0013,2024-01-02,84,349.0,81.58341,2.4165878295898438
S005,P0013,2024-01-03,100,292.0,68.62245,31.377548217773438
S005,P0013,2024-01-04,64,190.0,61.089016,2.9109840393066406
S005,P0013,2024-01-05,92,141.0,95.124405,-3.1244049072265625
S005,P0013,2024-01-06,77,398.0,60.454994,16.545005798339844
S005,P0013,2024-01-07,63,320.0,81.533875,-18.53387451171875
S005,P0013,2024-01-08,85,278.0,59.135166,25.86483383178711
S005,P0013,2024-01-09,59,189.0,101.21027,-42.21027374267578
S005,P0013,2024-01-10,121,145.0,107.08181,13.918190002441406
S005,P0013,2024-01-11,121,315.0,92.8669,28.133102416992188
S005,P0013,2024-01-12,87,220.0,89.18347,-2.1834716796875
S005,P0013,2024-01-13,49,152.0,87.07171,-38.07170867919922
S005,P0013,2024-01-14,112,428.0,86.83189,25.168113708496094
S005,P0013,2024-01-15,97,315.0,88.69829,8.301712036132812
S005,P0013,2024-01-16,104,208.0,113.48245,-9.482452392578125
S005,P0013,2024-01-17,229,124.0,105.89039,123.10961151123047
S005,P0013,2024-01-18,155,337.0,107.09211,47.90789031982422
S005,P0013,2024-01-19,92,164.0,109.402824,-17.40282440185547
S005,P0013,2024-01-20,205,857.0,110.70104,94.29895782470703
S005,P0013,2024-01-21,107,634.0,116.89451,-9.894508361816406
S005,P0013,2024-01-22,143,552.0,108.223015,34.77698516845703
S005,P0013,2024-01-23,101,389.0,143.85849,-42.858489990234375
S005,P0013,2024-01-24,163,282.0,120.50602,42.493980407714844
S005,P0013,2024-01-25,151,134.0,144.60939,6.3906097412109375
S005,P0013,2024-01-26,127,0.0,97.57309,29.426910400390625
S005,P0013,2024-01-27,175,546.0,139.69493,35.30506896972656
S005,P0013,2024-01-28,116,407.0,102.39375,13.606246948242188
S005,P0013,2024-01-29,142,309.0,104.12721,37.87278747558594
S005,P0013,2024-01-30,97,792.0,108.89907,-11.899070739746094
S005,P0014,2023-09-07,55,478.0,81.45693,-26.456932067871094
S005,P0014,2023-09-08,19,425.0,77.30949,-58.309486389160156
S005,P0014,2023-09-09,88,408.0,102.75638,-14.756378173828125
S005,P0014,2023-09-10,71,326.0,85.74806,-14.748062133789062
S005,P0014,2023-09-11,122,249.0,128.5157,-6.5157012939453125
S005,P0014,2023-09-12,62,136.0,79.784454,-17.784454345703125
S005,P0014,2023-09-13,79,80.0,104.936584,-25.93658447265625
S005,P0014,2023-09-14,99,452.0,110.71416,-11.714157104492188
S005,P0014,2023-09-15,109,342.0,121.07765,-12.077651977539062
S005,P0014,2023-09-16,77,261.0,83.1673,-6.16729736328125
S005,P0014,2023-09-17,55,191.0,81.13353,-26.133529663085938
S005,P0014,2023-09-18,93,452.0,120.21136,-27.21135711669922
S005,P0014,2023-09-19,84,360.0,91.18333,-7.183326721191406
S005,P0014,2023-09-20,61,294.0,82.97443,-21.97442626953125
S005,P0014,2023-09-21,78,236.0,85.04499,-7.044990539550781
S005,P0014,2023-09-22,58,189.0,76.27894,-18.27893829345703
S005,P0014,2023-09-23,56,143.0,79.90355,-23.903549194335938
S005,P0014,2023-09-24,77,324.0,89.23272,-12.232719421386719
S005,P0014,2023-09-25,81,257.0,95.83127,-14.831268310546875
S005,P0014,2023-09-26,84,169.0,114.4131,-30.413101196289062
S005,P0014,2023-09-27,103,109.0,117.31352,-14.313522338867188
S005,P0014,2023-09-28,93,256.0,114.29676,-21.29676055908203
S005,P0014,2023-09-29,139,170.0,117.29804,21.70195770263672
S005,P0014,2023-09-30,57,319.0,92.46443,-35.46443176269531
S005,P0014,2023-10-01,71,256.0,85.01144,-14.011436462402344
S005,P0014,2023-10-02,104,602.0,111.092415,-7.092414855957031
S005,P0014,2023-10-03,58,525.0,87.52073,-29.520729064941406
S005,P0014,2023-10-04,99,468.0,97.777084,1.2229156494140625
S005,P0014,2023-10-05,51,379.0,85.60367,-34.603668212890625
S005,P0014,2023-10-06,103,329.0,102.62435,0.37564849853515625
S005,P0014,2023-10-07,37,264.0,79.93429,-42.934288024902344
S005,P0014,2023-10-08,62,221.0,88.8619,-26.861900329589844
S005,P0014,2023-10-09,65,466.0,104.64212,-39.642120361328125
S005,P0014,2023-10-10,46,423.0,75.749245,-29.749244689941406
S005,P0014,2023-10-11,37,381.0,85.15198,-48.1519775390625
S005,P0014,2023-10-12,45,357.0,74.80428,-29.804283142089844
S005,P0014,2023-10-13,37,312.0,48.47336,-11.473358154296875
S005,P0014,2023-10-14,36,286.0,55.089714,-19.08971405029297
S005,P0014,2023-10-15,23,261.0,49.154167,-26.15416717529297
S005,P0014,2023-10-16,28,237.0,39.839924,-11.839923858642578
S005,P0014,2023-10-17,63,210.0,51.282017,11.71798324584961
S005,P0014,2023-10-18,54,171.0,55.71233,-1.7123298645019531
S005,P0014,2023-10-19,82,111.0,61.248535,20.75146484375
S005,P0014,2023-10-20,38,179.0,44.983616,-6.983615875244141
S005,P0014,2023-10-21,24,148.0,41.74631,-17.74631118774414
S005,P0014,2023-10-22,55,423.0,60.2991,-5.299098968505859
S005,P0014,2023-10-23,46,360.0,49.330257,-3.3302574157714844
S005,P0014,2023-10-24,25,326.0,46.079967,-21.079967498779297
S005,P0014,2023-10-25,66,308.0,84.7713,-18.77130126953125
S005,P0014,2023-10-26,72,244.0,79.902664,-7.9026641845703125
S005,P0014,2023-10-27,117,199.0,112.83924,4.160758972167969
S005,P0014,2023-10-28,104,112.0,106.989586,-2.9895858764648438
S005,P0014,2023-10-29,72,246.0,78.909164,-6.9091644287109375
S005,P0014,2023-10-30,76,571.0,93.47259,-17.47258758544922
S005,P0014,2023-10-31,66,510.0,87.80982,-21.80982208251953
S005,P0014,2023-11-01,54,451.0,82.548195,-28.548194885253906
S005,P0014,2023-11-02,134,387.0,130.84814,3.15185546875
S005,P0014,2023-11-03,57,295.0,107.85574,-50.855743408203125
S005,P0014,2023-11-04,62,239.0,103.87293,-41.87293243408203
S005,P0014,2023-11-05,99,596.0,130.93082,-31.930816650390625
S005,P0014,2023-11-06,83,510.0,88.759384,-5.7593841552734375
S005,P0014,2023-11-07,59,456.0,87.093094,-28.093093872070312
S005,P0014,2023-11-08,95,388.0,118.089134,-23.089134216308594
S005,P0014,2023-11-09,73,304.0,85.775986,-12.775985717773438
S005,P0014,2023-11-10,154,217.0,149.44995,4.550048828125
S005,P0014,2023-11-11,112,50.0,119.92902,-7.929023742675781
S005,P0014,2023-11-12,105,0.0,112.2467,-7.246696472167969
S005,P0014,2023-11-13,50,386.0,86.355194,-36.355194091796875
S005,P0014,2023-11-14,78,345.0,115.952354,-37.952354431152344
S005,P0014,2023-11-15,91,504.0,118.2532,-27.253196716308594
S005,P0014,2023-11-16,106,408.0,106.10366,-0.10366058349609375
S005,P0014,2023-11-17,80,286.0,83.14738,-3.1473770141601562
S005,P0014,2023-11-18,81,230.0,82.06527,-1.0652694702148438
S005,P0014,2023-11-19,82,168.0,81.79176,0.2082366943359375
S005,P0014,2023-11-20,77,355.0,89.64833,-12.648330688476562
S005,P0014,2023-11-21,94,307.0,109.26492,-15.264923095703125
S005,P0014,2023-11-22,82,227.0,83.82325,-1.8232498168945312
S005,P0014,2023-11-23,72,168.0,83.41494,-11.414939880371094
S005,P0014,2023-11-24,62,401.0,92.63856,-30.63855743408203
S005,P0014,2023-11-25,30,335.0,85.018486,-55.01848602294922
S005,P0014,2023-11-26,66,317.0,84.57533,-18.575332641601562
S005,P0014,2023-11-27,116,267.0,111.581856,4.418144226074219
S005,P0014,2023-11-28,84,135.0,88.28009,-4.28009033203125
S005,P0014,2023-11-29,76,81.0,84.39128,-8.391281127929688
S005,P0014,2023-11-30,95,373.0,105.68332,-10.683319091796875
S005,P0014,2023-12-01,35,295.0,75.36053,-40.36052703857422
S005,P0014,2023-12-02,84,253.0,85.82167,-1.8216705322265625
S005,P0014,2023-12-03,52,187.0,105.488976,-53.488975524902344
S005,P0014,2023-12-04,97,138.0,94.734344,2.265655517578125
S005,P0014,2023-12-05,99,254.0,102.113914,-3.1139144897460938
S005,P0014,2023-12-06,126,183.0,115.1038,10.896202087402344
S005,P0014,2023-12-07,92,53.0,97.16556,-5.165557861328125
S005,P0014,2023-12-08,96,333.0,106.0822,-10.082199096679688
S005,P0014,2023-12-09,117,270.0,120.8841,-3.8841018676757812
S005,P0014,2023-12-10,101,169.0,115.9961,-14.996101379394531
S005,P0014,2023-12-11,119,432.0,135.62315,-16.623153686523438
S005,P0014,2023-12-12,102,322.0,129.14293,-27.142929077148438
S005,P0014,2023-12-13,94,232.0,98.07249,-4.072486877441406
S005,P0014,2023-12-14,142,156.0,138.97942,3.0205841064453125
S005,P0014,2023-12-15,52,279.0,87.760895,-35.760894775390625
S005,P0014,2023-12-16,36,229.0,124.02014,-88.0201416015625
S005,P0014,2023-12-17,71,712.0,101.122154,-30.122154235839844
S005,P0014,2023-12-18,56,649.0,90.72853,-34.72853088378906
S005,P0014,2023-12-19,68,614.0,101.085266,-33.08526611328125
S005,P0014,2023-12-20,84,544.0,100.34261,-16.342613220214844
S005,P0014,2023-12-21,117,448.0,128.97235,-11.97235107421875
S005,P0014,2023-12-22,83,375.0,98.13468,-15.134681701660156
S005,P0014,2023-12-23,40,310.0,98.59734,-58.59734344482422
S005,P0014,2023-12-24,136,268.0,145.5285,-9.52850341796875
S005,P0014,2023-12-25,77,119.0,91.424706,-14.424705505371094
S005,P0014,2023-12-26,73,71.0,82.835976,-9.835975646972656
S005,P0014,2023-12-27,16,430.0,75.22268,-59.222679138183594
S005,P0014,2023-12-28,29,416.0,69.12148,-40.121482849121094
S005,P0014,2023-12-29,34,390.0,51.03296,-17.032958984375
S005,P0014,2023-12-30,33,358.0,40.58683,-7.586830139160156
S005,P0014,2023-12-31,59,325.0,40.701496,18.298503875732422
S005,P0014,2024-01-01,62,282.0,53.720203,8.279796600341797
S005,P0014,2024-01-02,34,234.0,33.40342,0.5965805053710938
S005,P0014,2024-01-03,33,206.0,30.939022,2.0609779357910156
S005,P0014,2024-01-04,33,170.0,39.70621,-6.706211090087891
S005,P0014,2024-01-05,52,136.0,46.495544,5.50445556640625
S005,P0014,2024-01-06,28,77.0,37.486732,-9.486732482910156
S005,P0014,2024-01-07,15,129.0,40.783234,-25.783233642578125
S005,P0014,2024-01-08,36,294.0,35.488396,0.5116043090820312
S005,P0014,2024-01-09,65,269.0,98.27148,-33.27147674560547
S005,P0014,2024-01-10,95,204.0,97.8657,-2.8656997680664062
S005,P0014,2024-01-11,46,143.0,79.09384,-33.093841552734375
S005,P0014,2024-01-12,124,97.0,110.91289,13.087112426757812
S005,P0014,2024-01-13,37,263.0,81.65918,-44.6591796875
S005,P0014,2024-01-14,66,228.0,80.3956,-14.395599365234375
S005,P0014,2024-01-15,114,517.0,108.65949,5.340507507324219
S005,P0014,2024-01-16,86,423.0,121.036736,-35.03673553466797
S005,P0014,2024-01-17,36,338.0,84.33221,-48.33220672607422
S005,P0014,2024-01-18,107,298.0,123.18712,-16.187118530273438
S005,P0014,2024-01-19,78,217.0,111.12139,-33.12139129638672
S005,P0014,2024-01-20,112,149.0,115.79102,-3.7910232543945312
S005,P0014,2024-01-21,98,428.0,116.95051,-18.95050811767578
S005,P0014,2024-01-22,63,323.0,106.610565,-43.610565185546875
S005,P0014,2024-01-23,51,278.0,83.750374,-32.75037384033203
S005,P0014,2024-01-24,111,228.0,96.50434,14.495658874511719
S005,P0014,2024-01-25,66,114.0,78.14252,-12.14251708984375
S005,P0014,2024-01-26,65,61.0,85.050285,-20.05028533935547
S005,P0014,2024-01-27,67,391.0,110.77515,-43.775146484375
S005,P0014,2024-01-28,85,327.0,96.87668,-11.876678466796875
S005,P0014,2024-01-29,90,253.0,100.02946,-10.029457092285156
S005,P0014,2024-01-30,120,161.0,114.65432,5.345680236816406
S005,P0015,2023-09-07,133,191.0,139.26352,-6.263519287109375
S005,P0015,2023-09-08,137,335.0,97.39311,39.60688781738281
S005,P0015,2023-09-09,235,176.0,142.95341,92.04658508300781
S005,P0015,2023-09-10,24,268.0,122.52627,-98.5262680053711
S005,P0015,2023-09-11,92,670.0,109.79211,-17.79210662841797
S005,P0015,2023-09-12,99,569.0,90.93878,8.06121826171875
S005,P0015,2023-09-13,123,503.0,104.61974,18.38025665283203
S005,P0015,2023-09-14,110,400.0,137.75038,-27.750381469726562
S005,P0015,2023-09-15,46,285.0,109.71098,-63.71098327636719
S005,P0015,2023-09-16,84,240.0,98.75096,-14.750961303710938
S005,P0015,2023-09-17,116,181.0,95.363235,20.636764526367188
S005,P0015,2023-09-18,163,199.0,111.28696,51.713043212890625
S005,P0015,2023-09-19,100,94.0,90.97322,9.026779174804688
S005,P0015,2023-09-20,163,384.0,94.84566,68.15434265136719
S005,P0015,2023-09-21,44,282.0,102.75634,-58.75634002685547
S005,P0015,2023-09-22,134,613.0,113.22685,20.773147583007812
S005,P0015,2023-09-23,146,496.0,127.241035,18.75896453857422
S005,P0015,2023-09-24,94,372.0,89.89637,4.103630065917969
S005,P0015,2023-09-25,170,275.0,99.19748,70.80252075195312
S005,P0015,2023-09-26,126,82.0,95.57877,30.421226501464844
S005,P0015,2023-09-27,226,286.0,132.46906,93.53094482421875
S005,P0015,2023-09-28,205,135.0,134.8933,70.10670471191406
S005,P0015,2023-09-29,207,514.0,124.65729,82.34271240234375
S005,P0015,2023-09-30,82,281.0,118.18938,-36.18937683105469
S005,P0015,2023-10-01,153,186.0,116.52482,36.475181579589844
S005,P0015,2023-10-02,95,26.0,101.65713,-6.657127380371094
S005,P0015,2023-10-03,96,341.0,102.257195,-6.257194519042969
S005,P0015,2023-10-04,109,236.0,94.07608,14.923919677734375
S005,P0015,2023-10-05,93,149.0,95.10169,-2.1016921997070312
S005,P0015,2023-10-06,249,247.0,139.22409,109.77590942382812
S005,P0015,2023-10-07,73,0.0,90.9657,-17.9656982421875
S005,P0015,2023-10-08,130,558.0,94.547485,35.4525146484375
S005,P0015,2023-10-09,64,429.0,109.82975,-45.829750061035156
S005,P0015,2023-10-10,73,363.0,77.00627,-4.0062713623046875
S005,P0015,2023-10-11,124,286.0,77.55401,46.44599151611328
S005,P0015,2023-10-12,124,159.0,80.7768,43.22319793701172
S005,P0015,2023-10-13,123,277.0,63.647594,59.3524055480957
S005,P0015,2023-10-14,100,203.0,73.38505,26.614952087402344
S005,P0015,2023-10-15,104,359.0,98.07469,5.9253082275390625
S005,P0015,2023-10-16,69,271.0,79.942406,-10.942405700683594
S005,P0015,2023-10-17,137,228.0,84.35567,52.64433288574219
S005,P0015,2023-10-18,43,101.0,87.427505,-44.42750549316406
S005,P0015,2023-10-19,111,393.0,67.71003,43.28997039794922
S005,P0015,2023-10-20,79,306.0,79.425575,-0.42557525634765625
S005,P0015,2023-10-21,91,224.0,73.570564,17.42943572998047
S005,P0015,2023-10-22,83,116.0,106.23773,-23.23773193359375
S005,P0015,2023-10-23,39,204.0,87.66074,-48.660743713378906
S005,P0015,2023-10-24,48,170.0,95.30541,-47.30541229248047
S005,P0015,2023-10-25,73,115.0,104.27411,-31.27410888671875
S005,P0015,2023-10-26,237,58.0,111.59187,125.40812683105469
S005,P0015,2023-10-27,104,131.0,137.66234,-33.66233825683594
S005,P0015,2023-10-28,208,440.0,127.96173,80.03826904296875
S005,P0015,2023-10-29,64,246.0,113.485245,-49.48524475097656
S005,P0015,2023-10-30,82,689.0,109.76756,-27.767562866210938
S005,P0015,2023-10-31,110,606.0,99.43615,10.563850402832031
S005,P0015,2023-11-01,156,520.0,122.50892,33.49108123779297
S005,P0015,2023-11-02,132,402.0,141.86662,-9.866622924804688
S005,P0015,2023-11-03,111,260.0,95.0828,15.917198181152344
S005,P0015,2023-11-04,124,127.0,91.00949,32.990509033203125
S005,P0015,2023-11-05,127,273.0,88.294395,38.705604553222656
S005,P0015,2023-11-06,139,182.0,86.840614,52.159385681152344
S005,P0015,2023-11-07,125,338.0,92.270966,32.729034423828125
S005,P0015,2023-11-08,90,250.0,89.975685,0.02431488037109375
S005,P0015,2023-11-09,76,193.0,101.15802,-25.15802001953125
S005,P0015,2023-11-10,125,294.0,86.183464,38.81653594970703
S005,P0015,2023-11-11,126,191.0,115.82584,10.174156188964844
S005,P0015,2023-11-12,85,342.0,91.34639,-6.3463897705078125
S005,P0015,2023-11-13,91,257.0,90.10943,0.8905715942382812
S005,P0015,2023-11-14,83,174.0,89.75001,-6.750007629394531
S005,P0015,2023-11-15,115,110.0,96.13207,18.86792755126953
S005,P0015,2023-11-16,196,185.0,91.58998,104.41001892089844
S005,P0015,2023-11-17,99,199.0,84.95233,14.04766845703125
S005,P0015,2023-11-18,118,567.0,82.75601,35.243988037109375
S005,P0015,2023-11-19,93,455.0,87.39388,5.606117248535156
S005,P0015,2023-11-20,129,360.0,136.19762,-7.1976165771484375
S005,P0015,2023-11-21,203,214.0,126.45414,76.54586029052734
S005,P0015,2023-11-22,172,8.0,118.30016,53.69983673095703
S005,P0015,2023-11-23,167,362.0,132.82787,34.17213439941406
S005,P0015,2023-11-24,102,594.0,93.69741,8.302589416503906
S005,P0015,2023-11-25,50,494.0,108.58442,-58.58441925048828
S005,P0015,2023-11-26,110,446.0,140.12637,-30.126373291015625
S005,P0015,2023-11-27,237,353.0,125.15789,111.84210968017578
S005,P0015,2023-11-28,102,143.0,130.26447,-28.26446533203125
S005,P0015,2023-11-29,158,537.0,105.60355,52.396446228027344
S005,P0015,2023-11-30,95,411.0,97.66999,-2.6699905395507812
S005,P0015,2023-12-01,135,341.0,82.33192,52.66808319091797
S005,P0015,2023-12-02,180,247.0,142.61484,37.385162353515625
S005,P0015,2023-12-03,69,308.0,136.76198,-67.76197814941406
S005,P0015,2023-12-04,105,256.0,109.063446,-4.063446044921875
S005,P0015,2023-12-05,75,137.0,121.95405,-46.95404815673828
S005,P0015,2023-12-06,132,255.0,130.89192,1.1080780029296875
S005,P0015,2023-12-07,78,152.0,114.589485,-36.58948516845703
S005,P0015,2023-12-08,77,290.0,116.36598,-39.36598205566406
S005,P0015,2023-12-09,67,209.0,99.946434,-32.946434020996094
S005,P0015,2023-12-10,57,161.0,111.24278,-54.24278259277344
S005,P0015,2023-12-11,50,110.0,111.431274,-61.4312744140625
S005,P0015,2023-12-12,99,163.0,97.28796,1.7120437622070312
S005,P0015,2023-12-13,48,91.0,138.46136,-90.46136474609375
S005,P0015,2023-12-14,121,241.0,103.41114,17.58885955810547
S005,P0015,2023-12-15,93,164.0,98.23243,-5.232429504394531
S005,P0015,2023-12-16,137,364.0,114.05442,22.945579528808594
S005,P0015,2023-12-17,87,264.0,128.02492,-41.02491760253906
S005,P0015,2023-12-18,100,201.0,92.15387,7.84613037109375
S005,P0015,2023-12-19,178,89.0,96.88428,81.11572265625
S005,P0015,2023-12-20,44,177.0,99.17715,-55.177146911621094
S005,P0015,2023-12-21,144,522.0,82.71402,61.285980224609375
S005,P0015,2023-12-22,179,435.0,84.922165,94.07783508300781
S005,P0015,2023-12-23,144,266.0,87.5952,56.40480041503906
S005,P0015,2023-12-24,86,115.0,101.33027,-15.330268859863281
S005,P0015,2023-12-25,190,330.0,110.904564,79.0954360961914
S005,P0015,2023-12-26,103,205.0,82.31184,20.68816375732422
S005,P0015,2023-12-27,84,513.0,112.36536,-28.3653564453125
S005,P0015,2023-12-28,106,443.0,86.92219,19.07781219482422
S005,P0015,2023-12-29,91,373.0,57.182972,33.8170280456543
S005,P0015,2023-12-30,65,275.0,68.467674,-3.4676742553710938
S005,P0015,2023-12-31,64,233.0,79.25553,-15.255531311035156
S005,P0015,2024-01-01,164,167.0,89.871284,74.12871551513672
S005,P0015,2024-01-02,105,0.0,67.346214,37.653785705566406
S005,P0015,2024-01-03,69,331.0,101.75586,-32.755859375
S005,P0015,2024-01-04,75,253.0,64.70553,10.294471740722656
S005,P0015,2024-01-05,103,165.0,65.20308,37.79692077636719
S005,P0015,2024-01-06,71,62.0,67.728516,3.271484375
S005,P0015,2024-01-07,66,219.0,94.43415,-28.43415069580078
S005,P0015,2024-01-08,55,146.0,64.94183,-9.94183349609375
S005,P0015,2024-01-09,101,103.0,120.613365,-19.613365173339844
S005,P0015,2024-01-10,43,138.0,89.78318,-46.783180236816406
S005,P0015,2024-01-11,109,307.0,84.45323,24.546768188476562
S005,P0015,2024-01-12,180,221.0,102.33961,77.66039276123047
S005,P0015,2024-01-13,111,32.0,129.34618,-18.346176147460938
S005,P0015,2024-01-14,109,412.0,77.48802,31.511978149414062
S005,P0015,2024-01-15,94,340.0,95.152954,-1.1529541015625
S005,P0015,2024-01-16,111,273.0,89.30022,21.699783325195312
S005,P0015,2024-01-17,76,201.0,109.72087,-33.72087097167969
S005,P0015,2024-01-18,109,365.0,82.22391,26.776092529296875
S005,P0015,2024-01-19,126,237.0,82.826706,43.17329406738281
S005,P0015,2024-01-20,140,153.0,119.51433,20.485671997070312
S005,P0015,2024-01-21,159,352.0,82.423676,76.57632446289062
S005,P0015,2024-01-22,86,252.0,91.661194,-5.66119384765625
S005,P0015,2024-01-23,104,478.0,86.90615,17.093849182128906
S005,P0015,2024-01-24,136,405.0,85.91322,50.08677673339844
S005,P0015,2024-01-25,103,270.0,93.41018,9.589820861816406
S005,P0015,2024-01-26,151,163.0,125.940346,25.059654235839844
S005,P0015,2024-01-27,120,245.0,110.48942,9.510581970214844
S005,P0015,2024-01-28,193,160.0,117.624275,75.37572479248047
S005,P0015,2024-01-29,94,225.0,92.8476,1.1523971557617188
S005,P0015,2024-01-30,122,520.0,88.865395,33.134605407714844
S005,P0016,2023-09-07,71,206.0,91.30059,-20.30059051513672
S005,P0016,2023-09-08,77,155.0,89.13845,-12.138450622558594
S005,P0016,2023-09-09,81,658.0,118.26018,-37.26017761230469
S005,P0016,2023-09-10,129,570.0,123.3657,5.634300231933594
S005,P0016,2023-09-11,112,471.0,90.7491,21.250900268554688
S005,P0016,2023-09-12,99,366.0,122.496994,-23.496994018554688
S005,P0016,2023-09-13,121,258.0,88.39942,32.60057830810547
S005,P0016,2023-09-14,161,174.0,98.14363,62.85636901855469
S005,P0016,2023-09-15,89,53.0,90.832985,-1.8329849243164062
S005,P0016,2023-09-16,142,426.0,124.768425,17.23157501220703
S005,P0016,2023-09-17,82,316.0,96.4245,-14.42449951171875
S005,P0016,2023-09-18,105,245.0,89.18593,15.814071655273438
S005,P0016,2023-09-19,120,584.0,92.89503,27.10497283935547
S005,P0016,2023-09-20,113,454.0,92.087105,20.91289520263672
S005,P0016,2023-09-21,79,352.0,87.28561,-8.285606384277344
S005,P0016,2023-09-22,121,264.0,120.05611,0.9438934326171875
S005,P0016,2023-09-23,97,170.0,93.17836,3.8216400146484375
S005,P0016,2023-09-24,141,61.0,119.230415,21.76958465576172
S005,P0016,2023-09-25,116,327.0,90.63526,25.36473846435547
S005,P0016,2023-09-26,110,237.0,95.49891,14.501091003417969
S005,P0016,2023-09-27,131,595.0,121.2743,9.725700378417969
S005,P0016,2023-09-28,130,516.0,146.66798,-16.667984008789062
S005,P0016,2023-09-29,120,372.0,100.49508,19.504920959472656
S005,P0016,2023-09-30,102,230.0,100.75467,1.245330810546875
S005,P0016,2023-10-01,124,139.0,103.50886,20.49114227294922
S005,P0016,2023-10-02,173,341.0,140.10957,32.89042663574219
S005,P0016,2023-10-03,83,167.0,105.539635,-22.539634704589844
S005,P0016,2023-10-04,151,90.0,143.33768,7.662322998046875
S005,P0016,2023-10-05,82,590.0,151.07253,-69.07252502441406
S005,P0016,2023-10-06,144,499.0,141.24501,2.7549896240234375
S005,P0016,2023-10-07,22,347.0,117.70298,-95.7029800415039
S005,P0016,2023-10-08,57,328.0,81.87212,-24.87212371826172
S005,P0016,2023-10-09,50,276.0,103.005005,-53.0050048828125
S005,P0016,2023-10-10,23,229.0,75.34035,-52.34034729003906
S005,P0016,2023-10-11,21,209.0,66.22903,-45.229026794433594
S005,P0016,2023-10-12,19,194.0,49.973423,-30.97342300415039
S005,P0016,2023-10-13,17,178.0,35.26444,-18.26443862915039
S005,P0016,2023-10-14,25,160.0,34.587414,-9.587413787841797
S005,P0016,2023-10-15,27,145.0,29.908712,-2.908712387084961
S005,P0016,2023-10-16,17,129.0,31.381523,-14.381523132324219
S005,P0016,2023-10-17,11,114.0,32.043407,-21.043407440185547
S005,P0016,2023-10-18,54,104.0,45.470512,8.529487609863281
S005,P0016,2023-10-19,20,60.0,35.02101,-15.021011352539062
S005,P0016,2023-10-20,9,48.0,28.2548,-19.25480079650879
S005,P0016,2023-10-21,23,224.0,31.400028,-8.400028228759766
S005,P0016,2023-10-22,32,202.0,34.296383,-2.2963829040527344
S005,P0016,2023-10-23,30,170.0,40.621735,-10.621734619140625
S005,P0016,2023-10-24,21,140.0,28.765146,-7.765146255493164
S005,P0016,2023-10-25,93,127.0,91.53333,1.4666671752929688
S005,P0016,2023-10-26,77,66.0,94.42722,-17.427223205566406
S005,P0016,2023-10-27,81,0.0,85.69728,-4.6972808837890625
S005,P0016,2023-10-28,248,298.0,127.34885,120.65115356445312
S005,P0016,2023-10-29,75,46.0,111.52816,-36.528160095214844
S005,P0016,2023-10-30,83,0.0,83.99822,-0.9982223510742188
S005,P0016,2023-10-31,72,762.0,97.217575,-25.217575073242188
S005,P0016,2023-11-01,160,704.0,127.383446,32.616554260253906
S005,P0016,2023-11-02,115,553.0,100.909805,14.090194702148438
S005,P0016,2023-11-03,69,433.0,125.13646,-56.13645935058594
S005,P0016,2023-11-04,128,370.0,89.47022,38.52977752685547
S005,P0016,2023-11-05,151,263.0,124.90671,26.093292236328125
S005,P0016,2023-11-06,51,117.0,86.24488,-35.24488067626953
S005,P0016,2023-11-07,90,481.0,97.07546,-7.075462341308594
S005,P0016,2023-11-08,65,407.0,82.02253,-17.02252960205078
S005,P0016,2023-11-09,67,344.0,109.925095,-42.92509460449219
S005,P0016,2023-11-10,80,289.0,85.24752,-5.247520446777344
S005,P0016,2023-11-11,112,216.0,85.13903,26.86096954345703
S005,P0016,2023-11-12,128,99.0,116.11476,11.885238647460938
S005,P0016,2023-11-13,121,9.0,119.58402,1.4159774780273438
S005,P0016,2023-11-14,124,373.0,95.87905,28.120948791503906
S005,P0016,2023-11-15,56,246.0,93.41513,-37.415130615234375
S005,P0016,2023-11-16,124,586.0,92.12779,31.872207641601562
S005,P0016,2023-11-17,98,473.0,124.61394,-26.613937377929688
S005,P0016,2023-11-18,128,397.0,94.23478,33.765220642089844
S005,P0016,2023-11-19,108,310.0,123.56406,-15.564056396484375
S005,P0016,2023-11-20,75,196.0,88.60087,-13.600868225097656
S005,P0016,2023-11-21,151,471.0,129.29431,21.7056884765625
S005,P0016,2023-11-22,98,371.0,92.651405,5.348594665527344
S005,P0016,2023-11-23,128,285.0,123.26997,4.7300262451171875
S005,P0016,2023-11-24,84,624.0,101.54894,-17.54894256591797
S005,P0016,2023-11-25,162,552.0,105.27699,56.72300720214844
S005,P0016,2023-11-26,140,366.0,97.39912,42.60088348388672
S005,P0016,2023-11-27,142,214.0,103.06959,38.93041229248047
S005,P0016,2023-11-28,79,95.0,102.45959,-23.45958709716797
S005,P0016,2023-11-29,66,361.0,101.24142,-35.241416931152344
S005,P0016,2023-11-30,74,292.0,96.0592,-22.05919647216797
S005,P0016,2023-12-01,156,223.0,114.91661,41.08338928222656
S005,P0016,2023-12-02,118,115.0,95.58119,22.418807983398438
S005,P0016,2023-12-03,145,0.0,127.24653,17.75347137451172
S005,P0016,2023-12-04,83,453.0,132.4572,-49.45719909667969
S005,P0016,2023-12-05,87,389.0,133.65129,-46.65129089355469
S005,P0016,2023-12-06,76,747.0,120.991165,-44.99116516113281
S005,P0016,2023-12-07,96,680.0,145.28973,-49.28973388671875
S005,P0016,2023-12-08,133,621.0,134.3657,-1.3657073974609375
S005,P0016,2023-12-09,59,469.0,104.09701,-45.097007751464844
S005,P0016,2023-12-10,88,398.0,98.034256,-10.034255981445312
S005,P0016,2023-12-11,78,336.0,98.33792,-20.337921142578125
S005,P0016,2023-12-12,122,260.0,97.44183,24.55816650390625
S005,P0016,2023-12-13,118,149.0,100.32985,17.670150756835938
S005,P0016,2023-12-14,159,28.0,104.06622,54.93377685546875
S005,P0016,2023-12-15,25,423.0,101.46641,-76.4664077758789
S005,P0016,2023-12-16,154,402.0,116.11275,37.88725280761719
S005,P0016,2023-12-17,111,697.0,103.6927,7.3072967529296875
S005,P0016,2023-12-18,115,588.0,133.41977,-18.419769287109375
S005,P0016,2023-12-19,185,463.0,101.97591,83.02409362792969
S005,P0016,2023-12-20,97,335.0,94.550674,2.4493255615234375
S005,P0016,2023-12-21,115,259.0,97.5465,17.45349884033203
S005,P0016,2023-12-22,151,614.0,144.98396,6.0160369873046875
S005,P0016,2023-12-23,131,454.0,138.80107,-7.8010711669921875
S005,P0016,2023-12-24,62,339.0,105.437706,-43.437705993652344
S005,P0016,2023-12-25,96,279.0,95.65209,0.34790802001953125
S005,P0016,2023-12-26,159,181.0,120.64987,38.350128173828125
S005,P0016,2023-12-27,18,71.0,86.792786,-68.79278564453125
S005,P0016,2023-12-28,8,385.0,66.78621,-58.78620910644531
S005,P0016,2023-12-29,11,838.0,75.238625,-64.2386245727539
S005,P0016,2023-12-30,35,829.0,72.57509,-37.57508850097656
S005,P0016,2023-12-31,25,796.0,42.39245,-17.39244842529297
S005,P0016,2024-01-01,22,775.0,14.241854,7.758146286010742
S005,P0016,2024-01-02,14,762.0,26.85414,-12.85413932800293
S005,P0016,2024-01-03,37,746.0,30.041607,6.958393096923828
S005,P0016,2024-01-04,40,703.0,27.667622,12.332378387451172
S005,P0016,2024-01-05,14,657.0,24.904795,-10.904794692993164
S005,P0016,2024-01-06,30,644.0,25.057743,4.942256927490234
S005,P0016,2024-01-07,33,615.0,29.076069,3.923931121826172
S005,P0016,2024-01-08,18,583.0,28.263298,-10.263298034667969
S005,P0016,2024-01-09,106,570.0,105.861084,0.138916015625
S005,P0016,2024-01-10,154,482.0,119.8365,34.16349792480469
S005,P0016,2024-01-11,97,353.0,102.19029,-5.1902923583984375
S005,P0016,2024-01-12,111,270.0,104.51983,6.480171203613281
S005,P0016,2024-01-13,164,695.0,125.860054,38.13994598388672
S005,P0016,2024-01-14,106,551.0,131.66571,-25.66571044921875
S005,P0016,2024-01-15,103,469.0,138.58566,-35.585662841796875
S005,P0016,2024-01-16,148,372.0,121.02161,26.9783935546875
S005,P0016,2024-01-17,101,264.0,97.58393,3.4160690307617188
S005,P0016,2024-01-18,138,150.0,119.67839,18.321609497070312
S005,P0016,2024-01-19,33,520.0,102.71639,-69.71639251708984
S005,P0016,2024-01-20,122,492.0,105.34587,16.654129028320312
S005,P0016,2024-01-21,112,409.0,91.59787,20.402130126953125
S005,P0016,2024-01-22,126,293.0,95.7908,30.209197998046875
S005,P0016,2024-01-23,149,190.0,121.55705,27.442947387695312
S005,P0016,2024-01-24,83,57.0,99.85355,-16.853553771972656
S005,P0016,2024-01-25,98,323.0,98.20544,-0.20543670654296875
S005,P0016,2024-01-26,69,223.0,97.463974,-28.463973999023438
S005,P0016,2024-01-27,48,158.0,90.17436,-42.17436218261719
S005,P0016,2024-01-28,65,368.0,87.96111,-22.96111297607422
S005,P0016,2024-01-29,109,300.0,90.65997,18.34002685546875
S005,P0016,2024-01-30,64,233.0,82.187126,-18.18712615966797
S005,P0017,2023-09-07,106,171.0,97.076805,8.923194885253906
S005,P0017,2023-09-08,69,178.0,92.02469,-23.024688720703125
S005,P0017,2023-09-09,83,130.0,117.25529,-34.255287170410156
S005,P0017,2023-09-10,124,136.0,127.63054,-3.6305389404296875
S005,P0017,2023-09-11,118,141.0,123.87784,-5.877838134765625
S005,P0017,2023-09-12,137,193.0,98.50153,38.49846649169922
S005,P0017,2023-09-13,58,195.0,91.65614,-33.65614318847656
S005,P0017,2023-09-14,120,141.0,98.069214,21.9307861328125
S005,P0017,2023-09-15,69,145.0,96.883224,-27.883224487304688
S005,P0017,2023-09-16,121,76.0,126.934395,-5.934394836425781
S005,P0017,2023-09-17,218,98.0,123.93067,94.06932830810547
S005,P0017,2023-09-18,92,180.0,101.03074,-9.030738830566406
S005,P0017,2023-09-19,98,122.0,121.17165,-23.171653747558594
S005,P0017,2023-09-20,99,122.0,95.695885,3.3041152954101562
S005,P0017,2023-09-21,124,175.0,125.157646,-1.1576461791992188
S005,P0017,2023-09-22,97,169.0,121.157196,-24.157196044921875
S005,P0017,2023-09-23,117,169.0,101.72708,15.272918701171875
S005,P0017,2023-09-24,79,156.0,97.05831,-18.058311462402344
S005,P0017,2023-09-25,126,63.0,124.78004,1.2199630737304688
S005,P0017,2023-09-26,147,131.0,127.874084,19.12591552734375
S005,P0017,2023-09-27,74,156.0,97.75684,-23.75684356689453
S005,P0017,2023-09-28,130,71.0,100.41262,29.587379455566406
S005,P0017,2023-09-29,124,144.0,103.35607,20.64392852783203
S005,P0017,2023-09-30,94,188.0,98.95799,-4.9579925537109375
S005,P0017,2023-10-01,108,125.0,98.103775,9.896224975585938
S005,P0017,2023-10-02,129,164.0,104.361145,24.63885498046875
S005,P0017,2023-10-03,79,165.0,99.016,-20.01599884033203
S005,P0017,2023-10-04,121,117.0,104.720665,16.279335021972656
S005,P0017,2023-10-05,44,121.0,99.69319,-55.69319152832031
S005,P0017,2023-10-06,46,80.0,96.961334,-50.961334228515625
S005,P0017,2023-10-07,37,100.0,80.035034,-43.0350341796875
S005,P0017,2023-10-08,15,112.0,83.36338,-68.3633804321289
S005,P0017,2023-10-09,9,100.0,54.90376,-45.90375900268555
S005,P0017,2023-10-10,63,94.0,46.410145,16.589855194091797
S005,P0017,2023-10-11,37,112.0,42.537144,-5.537143707275391
S005,P0017,2023-10-12,45,81.0,49.862522,-4.862522125244141
S005,P0017,2023-10-13,18,88.0,35.30766,-17.307659149169922
S005,P0017,2023-10-14,19,124.0,34.598156,-15.598155975341797
S005,P0017,2023-10-15,17,111.0,40.381924,-23.38192367553711
S005,P0017,2023-10-16,17,101.0,30.054743,-13.054742813110352
S005,P0017,2023-10-17,39,84.0,37.494213,1.5057868957519531
S005,P0017,2023-10-18,8,96.0,35.115227,-27.11522674560547
S005,P0017,2023-10-19,10,91.0,42.423866,-32.423866271972656
S005,P0017,2023-10-20,34,81.0,36.633926,-2.6339263916015625
S005,P0017,2023-10-21,29,93.0,41.80705,-12.807048797607422
S005,P0017,2023-10-22,18,118.0,33.07318,-15.07318115234375
S005,P0017,2023-10-23,38,102.0,37.444645,0.5553550720214844
S005,P0017,2023-10-24,27,107.0,42.53621,-15.536209106445312
S005,P0017,2023-10-25,105,78.0,92.54637,12.453628540039062
S005,P0017,2023-10-26,105,101.0,118.8631,-13.86309814453125
S005,P0017,2023-10-27,94,128.0,106.41397,-12.413970947265625
S005,P0017,2023-10-28,127,119.0,115.145546,11.854454040527344
S005,P0017,2023-10-29,99,128.0,88.59576,10.404243469238281
S005,P0017,2023-10-30,94,141.0,93.20592,0.7940826416015625
S005,P0017,2023-10-31,63,152.0,81.3714,-18.37139892578125
S005,P0017,2023-11-01,130,104.0,104.356636,25.64336395263672
S005,P0017,2023-11-02,146,144.0,121.39264,24.60736083984375
S005,P0017,2023-11-03,77,140.0,95.457054,-18.457054138183594
S005,P0017,2023-11-04,81,152.0,126.919395,-45.919395446777344
S005,P0017,2023-11-05,97,143.0,96.686386,0.3136138916015625
S005,P0017,2023-11-06,76,162.0,94.8628,-18.86280059814453
S005,P0017,2023-11-07,131,101.0,129.1544,1.8455963134765625
S005,P0017,2023-11-08,72,131.0,110.2804,-38.28040313720703
S005,P0017,2023-11-09,87,112.0,114.51855,-27.51854705810547
S005,P0017,2023-11-10,104,149.0,93.93919,10.060806274414062
S005,P0017,2023-11-11,72,168.0,87.96713,-15.967132568359375
S005,P0017,2023-11-12,71,89.0,87.857635,-16.857635498046875
S005,P0017,2023-11-13,121,82.0,97.72925,23.270751953125
S005,P0017,2023-11-14,71,99.0,111.003624,-40.003623962402344
S005,P0017,2023-11-15,67,123.0,106.85304,-39.85304260253906
S005,P0017,2023-11-16,152,131.0,103.55484,48.445159912109375
S005,P0017,2023-11-17,42,154.0,85.549194,-43.5491943359375
S005,P0017,2023-11-18,129,125.0,96.33456,32.665443420410156
S005,P0017,2023-11-19,84,156.0,92.13907,-8.139068603515625
S005,P0017,2023-11-20,101,170.0,91.12859,9.871406555175781
S005,P0017,2023-11-21,112,200.0,98.563416,13.43658447265625
S005,P0017,2023-11-22,141,101.0,117.72863,23.27136993408203
S005,P0017,2023-11-23,179,172.0,121.99972,57.000282287597656
S005,P0017,2023-11-24,132,148.0,104.454025,27.545974731445312
S005,P0017,2023-11-25,97,166.0,101.28655,-4.286552429199219
S005,P0017,2023-11-26,206,199.0,117.20432,88.7956771850586
S005,P0017,2023-11-27,78,187.0,110.39336,-32.39335632324219
S005,P0017,2023-11-28,120,127.0,104.93834,15.061660766601562
S005,P0017,2023-11-29,95,112.0,106.78192,-11.78192138671875
S005,P0017,2023-11-30,112,109.0,107.854675,4.14532470703125
S005,P0017,2023-12-01,156,139.0,109.241844,46.758155822753906
S005,P0017,2023-12-02,89,168.0,104.53521,-15.535209655761719
S005,P0017,2023-12-03,118,86.0,107.2815,10.718498229980469
S005,P0017,2023-12-04,112,106.0,111.232956,0.7670440673828125
S005,P0017,2023-12-05,92,120.0,108.73637,-16.736366271972656
S005,P0017,2023-12-06,117,138.0,146.17856,-29.178558349609375
S005,P0017,2023-12-07,84,154.0,110.90605,-26.906051635742188
S005,P0017,2023-12-08,51,148.0,131.54126,-80.541259765625
S005,P0017,2023-12-09,36,91.0,105.09943,-69.09942626953125
S005,P0017,2023-12-10,57,113.0,98.5637,-41.563697814941406
S005,P0017,2023-12-11,69,115.0,118.81572,-49.81571960449219
S005,P0017,2023-12-12,203,111.0,117.00252,85.99748229980469
S005,P0017,2023-12-13,155,224.0,88.76966,66.23033905029297
S005,P0017,2023-12-14,144,214.0,110.39683,33.603172302246094
S005,P0017,2023-12-15,55,222.0,135.67781,-80.67781066894531
S005,P0017,2023-12-16,114,169.0,141.6551,-27.655105590820312
S005,P0017,2023-12-17,100,211.0,108.399,-8.399002075195312
S005,P0017,2023-12-18,78,94.0,97.85786,-19.85785675048828
S005,P0017,2023-12-19,138,82.0,100.89426,37.105743408203125
S005,P0017,2023-12-20,122,160.0,129.4203,-7.4203033447265625
S005,P0017,2023-12-21,75,196.0,98.82779,-23.827789306640625
S005,P0017,2023-12-22,114,128.0,131.50415,-17.504150390625
S005,P0017,2023-12-23,129,146.0,106.647835,22.35216522216797
S005,P0017,2023-12-24,105,138.0,131.60838,-26.608383178710938
S005,P0017,2023-12-25,107,156.0,105.60382,1.39617919921875
S005,P0017,2023-12-26,70,133.0,100.519035,-30.51903533935547
S005,P0017,2023-12-27,25,137.0,115.608376,-90.6083755493164
S005,P0017,2023-12-28,12,118.0,77.04994,-65.04994201660156
S005,P0017,2023-12-29,25,106.0,52.00739,-27.007389068603516
S005,P0017,2023-12-30,27,84.0,49.172363,-22.17236328125
S005,P0017,2023-12-31,14,104.0,28.973925,-14.97392463684082
S005,P0017,2024-01-01,33,89.0,19.26146,13.738540649414062
S005,P0017,2024-01-02,16,109.0,19.2891,-3.2891006469726562
S005,P0017,2024-01-03,28,97.0,27.665918,0.33408164978027344
S005,P0017,2024-01-04,17,117.0,18.692047,-1.692047119140625
S005,P0017,2024-01-05,18,99.0,24.547022,-6.547021865844727
S005,P0017,2024-01-06,8,81.0,27.78095,-19.78095054626465
S005,P0017,2024-01-07,11,125.0,17.001204,-6.001203536987305
S005,P0017,2024-01-08,7,115.0,19.972717,-12.97271728515625
S005,P0017,2024-01-09,75,109.0,93.60282,-18.602821350097656
S005,P0017,2024-01-10,82,128.0,111.20384,-29.203842163085938
S005,P0017,2024-01-11,92,150.0,113.50877,-21.508773803710938
S005,P0017,2024-01-12,60,179.0,94.80043,-34.80043029785156
S005,P0017,2024-01-13,146,139.0,118.15815,27.84185028076172
S005,P0017,2024-01-14,87,153.0,94.4374,-7.437400817871094
S005,P0017,2024-01-15,101,160.0,98.63878,2.3612213134765625
S005,P0017,2024-01-16,59,149.0,93.99984,-34.999839782714844
S005,P0017,2024-01-17,83,106.0,97.173965,-14.173965454101562
S005,P0017,2024-01-18,149,108.0,105.82695,43.17304992675781
S005,P0017,2024-01-19,99,164.0,101.44262,-2.4426193237304688
S005,P0017,2024-01-20,156,170.0,121.601166,34.398834228515625
S005,P0017,2024-01-21,118,194.0,121.932556,-3.93255615234375
S005,P0017,2024-01-22,124,64.0,118.90705,5.092948913574219
S005,P0017,2024-01-23,30,104.0,89.79935,-59.799346923828125
S005,P0017,2024-01-24,93,71.0,125.23584,-32.23583984375
S005,P0017,2024-01-25,117,101.0,98.72851,18.27149200439453
S005,P0017,2024-01-26,75,147.0,92.678345,-17.6783447265625
S005,P0017,2024-01-27,111,162.0,119.79772,-8.797721862792969
S005,P0017,2024-01-28,106,150.0,116.2091,-10.209098815917969
S005,P0017,2024-01-29,132,137.0,103.82169,28.178306579589844
S005,P0017,2024-01-30,137,137.0,102.78897,34.211029052734375
S005,P0018,2023-09-07,93,275.0,93.35432,-0.35431671142578125
S005,P0018,2023-09-08,182,168.0,140.46175,41.53825378417969
S005,P0018,2023-09-09,98,220.0,99.16696,-1.166961669921875
S005,P0018,2023-09-10,105,111.0,93.718735,11.281265258789062
S005,P0018,2023-09-11,101,122.0,101.77921,-0.7792129516601562
S005,P0018,2023-09-12,96,129.0,98.20877,-2.208770751953125
S005,P0018,2023-09-13,58,156.0,96.417206,-38.417205810546875
S005,P0018,2023-09-14,156,107.0,133.59775,22.402252197265625
S005,P0018,2023-09-15,122,162.0,102.74802,19.251983642578125
S005,P0018,2023-09-16,33,192.0,133.27219,-100.27218627929688
S005,P0018,2023-09-17,43,161.0,122.37008,-79.37007904052734
S005,P0018,2023-09-18,106,135.0,88.68197,17.318031311035156
S005,P0018,2023-09-19,67,169.0,82.90809,-15.908088684082031
S005,P0018,2023-09-20,182,96.0,89.50841,92.49159240722656
S005,P0018,2023-09-21,94,204.0,85.63631,8.363693237304688
S005,P0018,2023-09-22,153,130.0,114.04628,38.95372009277344
S005,P0018,2023-09-23,198,156.0,123.88832,74.11167907714844
S005,P0018,2023-09-24,47,206.0,121.961525,-74.9615249633789
S005,P0018,2023-09-25,116,178.0,94.255394,21.744606018066406
S005,P0018,2023-09-26,93,46.0,104.014534,-11.014533996582031
S005,P0018,2023-09-27,126,95.0,97.794205,28.205795288085938
S005,P0018,2023-09-28,63,131.0,119.45543,-56.45542907714844
S005,P0018,2023-09-29,105,80.0,86.73367,18.266326904296875
S005,P0018,2023-09-30,34,124.0,87.56845,-53.568450927734375
S005,P0018,2023-10-01,63,93.0,83.46313,-20.46312713623047
S005,P0018,2023-10-02,134,116.0,112.78531,21.214691162109375
S005,P0018,2023-10-03,214,166.0,94.28025,119.7197494506836
S005,P0018,2023-10-04,91,174.0,93.63154,-2.6315383911132812
S005,P0018,2023-10-05,30,100.0,100.905876,-70.90587615966797
S005,P0018,2023-10-06,122,78.0,93.85136,28.148643493652344
S005,P0018,2023-10-07,109,112.0,90.96374,18.03626251220703
S005,P0018,2023-10-08,150,125.0,101.41518,48.58482360839844
S005,P0018,2023-10-09,160,157.0,79.53048,80.46952056884766
S005,P0018,2023-10-10,190,175.0,85.95971,104.04029083251953
S005,P0018,2023-10-11,139,153.0,82.12626,56.873741149902344
S005,P0018,2023-10-12,98,201.0,109.82892,-11.82891845703125
S005,P0018,2023-10-13,192,103.0,114.18943,77.8105697631836
S005,P0018,2023-10-14,189,190.0,94.2653,94.73470306396484
S005,P0018,2023-10-15,209,185.0,122.17671,86.82328796386719
S005,P0018,2023-10-16,134,235.0,102.762695,31.2373046875
S005,P0018,2023-10-17,72,114.0,72.84649,-0.8464889526367188
S005,P0018,2023-10-18,139,127.0,90.96821,48.03179168701172
S005,P0018,2023-10-19,260,151.0,113.85762,146.1423797607422
S005,P0018,2023-10-20,170,229.0,110.48755,59.512451171875
S005,P0018,2023-10-21,75,31.0,82.45397,-7.453971862792969
S005,P0018,2023-10-22,133,62.0,99.25388,33.746116638183594
S005,P0018,2023-10-23,88,158.0,74.53772,13.4622802734375
S005,P0018,2023-10-24,115,85.0,72.84386,42.15614318847656
S005,P0018,2023-10-25,73,101.0,91.95234,-18.95233917236328
S005,P0018,2023-10-26,141,115.0,103.80013,37.199867248535156
S005,P0018,2023-10-27,79,138.0,93.245285,-14.245285034179688
S005,P0018,2023-10-28,136,68.0,139.14043,-3.1404266357421875
S005,P0018,2023-10-29,146,155.0,110.93319,35.066810607910156
S005,P0018,2023-10-30,74,150.0,93.773,-19.77300262451172
S005,P0018,2023-10-31,109,98.0,112.20733,-3.2073287963867188
S005,P0018,2023-11-01,79,136.0,96.91589,-17.9158935546875
S005,P0018,2023-11-02,142,83.0,134.01459,7.98541259765625
S005,P0018,2023-11-03,172,154.0,145.6859,26.314102172851562
S005,P0018,2023-11-04,79,204.0,104.172165,-25.172164916992188
S005,P0018,2023-11-05,103,149.0,125.58418,-22.584182739257812
S005,P0018,2023-11-06,91,157.0,101.919235,-10.919235229492188
S005,P0018,2023-11-07,105,58.0,103.4507,1.5493011474609375
S005,P0018,2023-11-08,191,104.0,135.7077,55.29229736328125
S005,P0018,2023-11-09,166,162.0,141.06367,24.936325073242188
S005,P0018,2023-11-10,110,220.0,107.18856,2.8114395141601562
S005,P0018,2023-11-11,159,141.0,113.25513,45.744873046875
S005,P0018,2023-11-12,74,130.0,144.7218,-70.7218017578125
S005,P0018,2023-11-13,169,74.0,119.18409,49.81591033935547
S005,P0018,2023-11-14,62,186.0,103.4666,-41.46659851074219
S005,P0018,2023-11-15,101,116.0,128.21796,-27.21795654296875
S005,P0018,2023-11-16,101,156.0,116.90765,-15.90765380859375
S005,P0018,2023-11-17,132,64.0,109.505035,22.494964599609375
S005,P0018,2023-11-18,49,121.0,89.519035,-40.51903533935547
S005,P0018,2023-11-19,152,71.0,127.38031,24.61968994140625
S005,P0018,2023-11-20,144,177.0,100.22415,43.775848388671875
S005,P0018,2023-11-21,140,186.0,103.96198,36.03801727294922
S005,P0018,2023-11-22,162,228.0,131.40097,30.599029541015625
S005,P0018,2023-11-23,146,43.0,120.164,25.83599853515625
S005,P0018,2023-11-24,86,172.0,96.860825,-10.860824584960938
S005,P0018,2023-11-25,89,106.0,131.44766,-42.447662353515625
S005,P0018,2023-11-26,86,108.0,97.530426,-11.530426025390625
S005,P0018,2023-11-27,103,130.0,94.165436,8.834564208984375
S005,P0018,2023-11-28,122,160.0,105.15361,16.846389770507812
S005,P0018,2023-11-29,103,159.0,91.90843,11.091567993164062
S005,P0018,2023-11-30,87,38.0,100.816864,-13.816864013671875
S005,P0018,2023-12-01,144,95.0,109.12795,34.872047424316406
S005,P0018,2023-12-02,193,135.0,142.90323,50.096771240234375
S005,P0018,2023-12-03,122,185.0,107.3917,14.608299255371094
S005,P0018,2023-12-04,68,55.0,107.687675,-39.68767547607422
S005,P0018,2023-12-05,176,83.0,154.67781,21.322189331054688
S005,P0018,2023-12-06,118,158.0,111.87886,6.1211395263671875
S005,P0018,2023-12-07,131,181.0,112.90035,18.099647521972656
S005,P0018,2023-12-08,176,102.0,119.54581,56.454193115234375
S005,P0018,2023-12-09,108,203.0,96.19896,11.801040649414062
S005,P0018,2023-12-10,106,85.0,129.72102,-23.721023559570312
S005,P0018,2023-12-11,74,107.0,91.20366,-17.203659057617188
S005,P0018,2023-12-12,82,105.0,94.19494,-12.194938659667969
S005,P0018,2023-12-13,145,106.0,127.76,17.23999786376953
S005,P0018,2023-12-14,175,157.0,109.02096,65.97904205322266
S005,P0018,2023-12-15,171,187.0,137.93047,33.06953430175781
S005,P0018,2023-12-16,121,200.0,105.565834,15.434165954589844
S005,P0018,2023-12-17,47,126.0,131.27698,-84.2769775390625
S005,P0018,2023-12-18,77,95.0,92.56065,-15.560653686523438
S005,P0018,2023-12-19,82,124.0,117.67756,-35.67755889892578
S005,P0018,2023-12-20,150,121.0,101.333786,48.66621398925781
S005,P0018,2023-12-21,87,123.0,116.63559,-29.635589599609375
S005,P0018,2023-12-22,197,128.0,108.43614,88.56385803222656
S005,P0018,2023-12-23,130,227.0,118.94165,11.058349609375
S005,P0018,2023-12-24,174,98.0,116.13939,57.86061096191406
S005,P0018,2023-12-25,101,174.0,101.65405,-0.654052734375
S005,P0018,2023-12-26,68,79.0,96.43993,-28.43993377685547
S005,P0018,2023-12-27,60,79.0,79.24703,-19.247032165527344
S005,P0018,2023-12-28,193,70.0,109.62274,83.37725830078125
S005,P0018,2023-12-29,194,166.0,88.72961,105.27039337158203
S005,P0018,2023-12-30,138,175.0,90.35348,47.646522521972656
S005,P0018,2023-12-31,197,207.0,88.702126,108.2978744506836
S005,P0018,2024-01-01,172,188.0,118.55613,53.443870544433594
S005,P0018,2024-01-02,128,157.0,73.00788,54.99211883544922
S005,P0018,2024-01-03,83,168.0,77.53721,5.462791442871094
S005,P0018,2024-01-04,168,72.0,121.77853,46.221473693847656
S005,P0018,2024-01-05,217,141.0,116.1284,100.87159729003906
S005,P0018,2024-01-06,155,174.0,100.533035,54.46696472167969
S005,P0018,2024-01-07,86,172.0,80.95127,5.048728942871094
S005,P0018,2024-01-08,79,96.0,75.00296,3.997039794921875
S005,P0018,2024-01-09,61,95.0,92.66283,-31.662826538085938
S005,P0018,2024-01-10,83,93.0,98.58818,-15.588180541992188
S005,P0018,2024-01-11,78,94.0,124.55191,-46.551910400390625
S005,P0018,2024-01-12,72,94.0,133.61166,-61.611663818359375
S005,P0018,2024-01-13,123,78.0,94.14793,28.852073669433594
S005,P0018,2024-01-14,83,148.0,79.27104,3.7289581298828125
S005,P0018,2024-01-15,96,78.0,93.37005,2.6299514770507812
S005,P0018,2024-01-16,115,104.0,95.744415,19.255584716796875
S005,P0018,2024-01-17,184,116.0,112.29852,71.70147705078125
S005,P0018,2024-01-18,146,202.0,114.0104,31.989601135253906
S005,P0018,2024-01-19,151,92.0,136.67017,14.329833984375
S005,P0018,2024-01-20,135,134.0,112.00351,22.996490478515625
S005,P0018,2024-01-21,121,176.0,106.816,14.183998107910156
S005,P0018,2024-01-22,260,44.0,156.06474,103.93525695800781
S005,P0018,2024-01-23,144,280.0,131.74083,12.259170532226562
S005,P0018,2024-01-24,139,172.0,108.054855,30.945144653320312
S005,P0018,2024-01-25,175,165.0,126.73137,48.26863098144531
S005,P0018,2024-01-26,135,165.0,135.42433,-0.4243316650390625
S005,P0018,2024-01-27,136,214.0,145.34856,-9.348556518554688
S005,P0018,2024-01-28,115,113.0,127.04593,-12.045928955078125
S005,P0018,2024-01-29,202,143.0,122.32008,79.67991638183594
S005,P0018,2024-01-30,68,197.0,90.50038,-22.500381469726562
S005,P0019,2023-09-07,91,147.0,102.23672,-11.236717224121094
S005,P0019,2023-09-08,81,66.0,78.36484,2.635162353515625
S005,P0019,2023-09-09,57,196.0,72.39407,-15.394073486328125
S005,P0019,2023-09-10,77,137.0,78.43456,-1.4345626831054688
S005,P0019,2023-09-11,67,90.0,74.65525,-7.655250549316406
S005,P0019,2023-09-12,108,177.0,76.20395,31.796051025390625
S005,P0019,2023-09-13,90,50.0,81.814835,8.185165405273438
S005,P0019,2023-09-14,166,217.0,112.87864,53.121360778808594
S005,P0019,2023-09-15,96,50.0,86.38017,9.619827270507812
S005,P0019,2023-09-16,77,290.0,86.3635,-9.363502502441406
S005,P0019,2023-09-17,83,201.0,84.63847,-1.6384735107421875
S005,P0019,2023-09-18,79,108.0,84.015854,-5.0158538818359375
S005,P0019,2023-09-19,65,191.0,102.89653,-37.89653015136719
S005,P0019,2023-09-20,51,133.0,97.65238,-46.652381896972656
S005,P0019,2023-09-21,66,74.0,71.36009,-5.3600921630859375
S005,P0019,2023-09-22,104,138.0,100.40502,3.5949783325195312
S005,P0019,2023-09-23,54,72.0,90.67629,-36.676292419433594
S005,P0019,2023-09-24,94,232.0,79.1205,14.879501342773438
S005,P0019,2023-09-25,119,132.0,80.15538,38.84461975097656
S005,P0019,2023-09-26,74,231.0,76.24636,-2.2463607788085938
S005,P0019,2023-09-27,88,179.0,75.43006,12.569938659667969
S005,P0019,2023-09-28,115,110.0,106.51763,8.482368469238281
S005,P0019,2023-09-29,83,204.0,78.7555,4.244499206542969
S005,P0019,2023-09-30,46,130.0,76.084305,-30.084304809570312
S005,P0019,2023-10-01,70,246.0,70.93229,-0.9322891235351562
S005,P0019,2023-10-02,83,200.0,76.42022,6.579780578613281
S005,P0019,2023-10-03,82,140.0,78.89816,3.101837158203125
S005,P0019,2023-10-04,89,191.0,76.55005,12.449951171875
S005,P0019,2023-10-05,48,107.0,74.59234,-26.59233856201172
S005,P0019,2023-10-06,75,268.0,75.98582,-0.9858169555664062
S005,P0019,2023-10-07,31,208.0,97.72091,-66.72090911865234
S005,P0019,2023-10-08,34,179.0,70.11229,-36.11228942871094
S005,P0019,2023-10-09,48,151.0,71.51026,-23.51026153564453
S005,P0019,2023-10-10,20,116.0,47.14754,-27.147541046142578
S005,P0019,2023-10-11,48,183.0,44.373714,3.6262855529785156
S005,P0019,2023-10-12,51,146.0,52.010857,-1.0108566284179688
S005,P0019,2023-10-13,31,94.0,45.063427,-14.063426971435547
S005,P0019,2023-10-14,22,151.0,37.943954,-15.943954467773438
S005,P0019,2023-10-15,9,134.0,36.81362,-27.813621520996094
S005,P0019,2023-10-16,46,126.0,40.75346,5.246540069580078
S005,P0019,2023-10-17,53,86.0,48.560364,4.43963623046875
S005,P0019,2023-10-18,46,98.0,37.11817,8.881828308105469
S005,P0019,2023-10-19,32,163.0,45.377605,-13.377605438232422
S005,P0019,2023-10-20,41,131.0,34.628048,6.371952056884766
S005,P0019,2023-10-21,59,94.0,48.980915,10.019084930419922
S005,P0019,2023-10-22,39,141.0,35.22144,3.7785606384277344
S005,P0019,2023-10-23,26,110.0,41.272507,-15.272506713867188
S005,P0019,2023-10-24,32,87.0,34.161488,-2.161487579345703
S005,P0019,2023-10-25,70,52.0,74.03831,-4.038307189941406
S005,P0019,2023-10-26,47,66.0,87.614296,-40.614295959472656
S005,P0019,2023-10-27,132,131.0,83.463036,48.536964416503906
S005,P0019,2023-10-28,124,43.0,102.081764,21.918235778808594
S005,P0019,2023-10-29,75,214.0,71.18919,3.8108062744140625
S005,P0019,2023-10-30,57,403.0,74.70622,-17.706222534179688
S005,P0019,2023-10-31,59,362.0,73.95858,-14.958580017089844
S005,P0019,2023-11-01,146,317.0,106.17959,39.820411682128906
S005,P0019,2023-11-02,61,163.0,108.617424,-47.61742401123047
S005,P0019,2023-11-03,54,370.0,76.717735,-22.717735290527344
S005,P0019,2023-11-04,74,315.0,87.82346,-13.823463439941406
S005,P0019,2023-11-05,73,228.0,72.18395,0.8160476684570312
S005,P0019,2023-11-06,77,173.0,73.31053,3.6894683837890625
S005,P0019,2023-11-07,80,125.0,75.86134,4.1386566162109375
S005,P0019,2023-11-08,73,223.0,76.82231,-3.8223114013671875
S005,P0019,2023-11-09,46,150.0,70.93424,-24.934242248535156
S005,P0019,2023-11-10,70,102.0,92.76773,-22.767730712890625
S005,P0019,2023-11-11,51,19.0,75.67654,-24.676536560058594
S005,P0019,2023-11-12,93,160.0,81.441864,11.558135986328125
S005,P0019,2023-11-13,73,50.0,79.687065,-6.687065124511719
S005,P0019,2023-11-14,41,193.0,68.260315,-27.26031494140625
S005,P0019,2023-11-15,114,155.0,100.181335,13.81866455078125
S005,P0019,2023-11-16,72,39.0,75.72409,-3.724090576171875
S005,P0019,2023-11-17,87,225.0,74.56937,12.430633544921875
S005,P0019,2023-11-18,90,127.0,100.75057,-10.750572204589844
S005,P0019,2023-11-19,96,205.0,74.783485,21.216514587402344
S005,P0019,2023-11-20,85,140.0,74.781265,10.218734741210938
S005,P0019,2023-11-21,95,236.0,100.404274,-5.404273986816406
S005,P0019,2023-11-22,112,140.0,111.02854,0.9714584350585938
S005,P0019,2023-11-23,84,218.0,75.99395,8.006050109863281
S005,P0019,2023-11-24,76,162.0,80.344376,-4.3443756103515625
S005,P0019,2023-11-25,85,274.0,81.85524,3.1447601318359375
S005,P0019,2023-11-26,135,189.0,111.1569,23.843101501464844
S005,P0019,2023-11-27,101,83.0,109.87282,-8.872817993164062
S005,P0019,2023-11-28,47,293.0,74.93779,-27.937789916992188
S005,P0019,2023-11-29,70,255.0,76.13871,-6.138710021972656
S005,P0019,2023-11-30,56,179.0,73.46874,-17.46874237060547
S005,P0019,2023-12-01,83,120.0,74.506836,8.4931640625
S005,P0019,2023-12-02,96,34.0,110.53673,-14.536727905273438
S005,P0019,2023-12-03,41,155.0,90.968025,-49.96802520751953
S005,P0019,2023-12-04,77,287.0,84.593124,-7.5931243896484375
S005,P0019,2023-12-05,86,207.0,78.05131,7.948692321777344
S005,P0019,2023-12-06,128,131.0,107.26892,20.7310791015625
S005,P0019,2023-12-07,51,170.0,77.57198,-26.571983337402344
S005,P0019,2023-12-08,60,340.0,76.88221,-16.88220977783203
S005,P0019,2023-12-09,44,285.0,73.757805,-29.75780487060547
S005,P0019,2023-12-10,111,257.0,79.885826,31.114173889160156
S005,P0019,2023-12-11,94,146.0,76.94562,17.05438232421875
S005,P0019,2023-12-12,86,294.0,96.201614,-10.201614379882812
S005,P0019,2023-12-13,126,201.0,106.7276,19.27239990234375
S005,P0019,2023-12-14,63,52.0,77.22944,-14.229438781738281
S005,P0019,2023-12-15,112,310.0,86.842,25.157997131347656
S005,P0019,2023-12-16,95,188.0,78.265465,16.734535217285156
S005,P0019,2023-12-17,135,112.0,116.550674,18.449325561523438
S005,P0019,2023-12-18,85,198.0,109.46865,-24.468650817871094
S005,P0019,2023-12-19,86,424.0,85.9406,0.0594024658203125
S005,P0019,2023-12-20,41,339.0,73.00874,-32.00874328613281
S005,P0019,2023-12-21,103,301.0,102.94293,0.05706787109375
S005,P0019,2023-12-22,52,199.0,75.148026,-23.148025512695312
S005,P0019,2023-12-23,80,163.0,101.269554,-21.269554138183594
S005,P0019,2023-12-24,88,93.0,79.74189,8.258110046386719
S005,P0019,2023-12-25,66,189.0,75.587555,-9.587554931640625
S005,P0019,2023-12-26,66,145.0,76.81237,-10.812370300292969
S005,P0019,2023-12-27,32,69.0,95.708916,-63.70891571044922
S005,P0019,2023-12-28,16,164.0,45.328163,-29.328163146972656
S005,P0019,2023-12-29,37,145.0,48.91418,-11.914180755615234
S005,P0019,2023-12-30,50,107.0,46.567253,3.4327468872070312
S005,P0019,2023-12-31,37,63.0,38.363983,-1.363983154296875
S005,P0019,2024-01-01,40,117.0,25.388596,14.611404418945312
S005,P0019,2024-01-02,32,84.0,29.778223,2.2217769622802734
S005,P0019,2024-01-03,17,154.0,32.156353,-15.156352996826172
S005,P0019,2024-01-04,7,136.0,30.775885,-23.7758846282959
S005,P0019,2024-01-05,25,130.0,25.434309,-0.4343090057373047
S005,P0019,2024-01-06,42,114.0,26.97816,15.021839141845703
S005,P0019,2024-01-07,37,73.0,37.37436,-0.374359130859375
S005,P0019,2024-01-08,52,106.0,39.907158,12.092842102050781
S005,P0019,2024-01-09,129,69.0,98.88213,30.11786651611328
S005,P0019,2024-01-10,39,111.0,80.80318,-41.80317687988281
S005,P0019,2024-01-11,84,299.0,82.53245,1.4675521850585938
S005,P0019,2024-01-12,82,200.0,74.46935,7.530647277832031
S005,P0019,2024-01-13,113,145.0,103.40478,9.595222473144531
S005,P0019,2024-01-14,71,233.0,77.12637,-6.126373291015625
S005,P0019,2024-01-15,25,191.0,71.063644,-46.06364440917969
S005,P0019,2024-01-16,64,169.0,78.2387,-14.238700866699219
S005,P0019,2024-01-17,69,127.0,77.35504,-8.35504150390625
S005,P0019,2024-01-18,143,216.0,111.66321,31.3367919921875
S005,P0019,2024-01-19,88,107.0,86.76805,1.2319488525390625
S005,P0019,2024-01-20,72,338.0,87.13716,-15.137161254882812
S005,P0019,2024-01-21,114,261.0,81.1088,32.891197204589844
S005,P0019,2024-01-22,149,188.0,106.79398,42.206016540527344
S005,P0019,2024-01-23,51,304.0,79.5967,-28.596702575683594
S005,P0019,2024-01-24,89,252.0,104.10817,-15.108169555664062
S005,P0019,2024-01-25,97,147.0,104.61589,-7.6158905029296875
S005,P0019,2024-01-26,89,83.0,104.08704,-15.087043762207031
S005,P0019,2024-01-27,63,194.0,78.27633,-15.276329040527344
S005,P0019,2024-01-28,77,133.0,76.47045,0.5295486450195312
S005,P0019,2024-01-29,63,41.0,71.53121,-8.531211853027344
S005,P0019,2024-01-30,84,125.0,76.29615,7.703849792480469
S005,P0020,2023-09-07,125,99.0,109.12747,15.872528076171875
S005,P0020,2023-09-08,98,114.0,87.17622,10.823776245117188
S005,P0020,2023-09-09,125,125.0,115.38138,9.618621826171875
S005,P0020,2023-09-10,123,140.0,117.04821,5.951789855957031
S005,P0020,2023-09-11,119,136.0,94.470566,24.529434204101562
S005,P0020,2023-09-12,73,166.0,91.88392,-18.88391876220703
S005,P0020,2023-09-13,112,97.0,124.0591,-12.059097290039062
S005,P0020,2023-09-14,51,128.0,87.76835,-36.768348693847656
S005,P0020,2023-09-15,165,70.0,122.4908,42.50920104980469
S005,P0020,2023-09-16,108,139.0,90.814026,17.18597412109375
S005,P0020,2023-09-17,100,159.0,91.64225,8.357749938964844
S005,P0020,2023-09-18,109,137.0,91.307884,17.692115783691406
S005,P0020,2023-09-19,75,117.0,88.39839,-13.398391723632812
S005,P0020,2023-09-20,123,126.0,112.862366,10.13763427734375
S005,P0020,2023-09-21,126,141.0,90.04559,35.95440673828125
S005,P0020,2023-09-22,127,145.0,118.1406,8.859397888183594
S005,P0020,2023-09-23,102,171.0,90.05177,11.948226928710938
S005,P0020,2023-09-24,154,183.0,123.432144,30.567855834960938
S005,P0020,2023-09-25,77,186.0,118.622116,-41.62211608886719
S005,P0020,2023-09-26,108,116.0,95.30346,12.696540832519531
S005,P0020,2023-09-27,108,126.0,92.22478,15.775222778320312
S005,P0020,2023-09-28,95,133.0,93.75247,1.247528076171875
S005,P0020,2023-09-29,74,177.0,95.83709,-21.83708953857422
S005,P0020,2023-09-30,71,103.0,90.58376,-19.583763122558594
S005,P0020,2023-10-01,92,123.0,86.84018,5.159820556640625
S005,P0020,2023-10-02,90,122.0,90.758705,-0.7587051391601562
S005,P0020,2023-10-03,114,131.0,93.920746,20.079254150390625
S005,P0020,2023-10-04,120,178.0,92.25769,27.7423095703125
S005,P0020,2023-10-05,96,181.0,127.908195,-31.90819549560547
S005,P0020,2023-10-06,66,116.0,112.067604,-46.067604064941406
S005,P0020,2023-10-07,37,110.0,82.564735,-45.564735412597656
S005,P0020,2023-10-08,22,127.0,74.58185,-52.58184814453125
S005,P0020,2023-10-09,47,105.0,66.52057,-19.52056884765625
S005,P0020,2023-10-10,25,129.0,59.29404,-34.29404067993164
S005,P0020,2023-10-11,26,102.0,37.865536,-11.865535736083984
S005,P0020,2023-10-12,42,82.0,28.347246,13.652753829956055
S005,P0020,2023-10-13,49,104.0,38.237602,10.762397766113281
S005,P0020,2023-10-14,10,100.0,31.878813,-21.878812789916992
S005,P0020,2023-10-15,32,89.0,31.290716,0.7092838287353516
S005,P0020,2023-10-16,37,117.0,33.059193,3.940807342529297
S005,P0020,2023-10-17,52,93.0,30.310759,21.689241409301758
S005,P0020,2023-10-18,18,85.0,36.079933,-18.079933166503906
S005,P0020,2023-10-19,35,118.0,29.479397,5.520603179931641
S005,P0020,2023-10-20,15,88.0,28.748457,-13.748456954956055
S005,P0020,2023-10-21,43,127.0,38.766537,4.233463287353516
S005,P0020,2023-10-22,32,101.0,30.954653,1.0453472137451172
S005,P0020,2023-10-23,40,132.0,33.136677,6.863323211669922
S005,P0020,2023-10-24,14,87.0,25.428753,-11.428752899169922
S005,P0020,2023-10-25,156,128.0,107.40637,48.5936279296875
S005,P0020,2023-10-26,141,136.0,106.50767,34.492332458496094
S005,P0020,2023-10-27,116,145.0,104.36071,11.639289855957031
S005,P0020,2023-10-28,107,171.0,89.61093,17.389068603515625
S005,P0020,2023-10-29,31,193.0,82.69002,-51.69001770019531
S005,P0020,2023-10-30,67,173.0,80.01534,-13.015342712402344
S005,P0020,2023-10-31,36,101.0,82.11563,-46.115631103515625
S005,P0020,2023-11-01,36,115.0,92.1256,-56.12560272216797
S005,P0020,2023-11-02,72,74.0,93.776344,-21.776344299316406
S005,P0020,2023-11-03,111,73.0,103.09898,7.9010162353515625
S005,P0020,2023-11-04,101,112.0,83.90377,17.096229553222656
S005,P0020,2023-11-05,88,108.0,84.51353,3.4864730834960938
S005,P0020,2023-11-06,75,127.0,80.00195,-5.001953125
S005,P0020,2023-11-07,136,101.0,87.52335,48.476646423339844
S005,P0020,2023-11-08,110,150.0,91.58124,18.41876220703125
S005,P0020,2023-11-09,91,189.0,85.02604,5.973960876464844
S005,P0020,2023-11-10,86,82.0,109.56359,-23.56359100341797
S005,P0020,2023-11-11,83,108.0,80.20793,2.7920684814453125
S005,P0020,2023-11-12,98,130.0,84.395874,13.6041259765625
S005,P0020,2023-11-13,85,126.0,81.888145,3.1118545532226562
S005,P0020,2023-11-14,76,138.0,79.60914,-3.6091384887695312
S005,P0020,2023-11-15,59,142.0,104.01005,-45.010047912597656
S005,P0020,2023-11-16,98,91.0,86.10638,11.893623352050781
S005,P0020,2023-11-17,134,121.0,103.32916,30.67083740234375
S005,P0020,2023-11-18,47,120.0,83.93035,-36.93035125732422
S005,P0020,2023-11-19,39,123.0,86.47464,-47.474639892578125
S005,P0020,2023-11-20,68,80.0,83.59456,-15.594558715820312
S005,P0020,2023-11-21,80,77.0,104.96926,-24.969261169433594
S005,P0020,2023-11-22,68,116.0,80.94609,-12.946090698242188
S005,P0020,2023-11-23,83,132.0,83.2021,-0.2021026611328125
S005,P0020,2023-11-24,124,130.0,86.43297,37.56703186035156
S005,P0020,2023-11-25,76,123.0,106.208466,-30.208465576171875
S005,P0020,2023-11-26,95,123.0,110.30641,-15.306411743164062
S005,P0020,2023-11-27,40,128.0,104.231,-64.23100280761719
S005,P0020,2023-11-28,75,89.0,102.368034,-27.36803436279297
S005,P0020,2023-11-29,65,84.0,87.25708,-22.257080078125
S005,P0020,2023-11-30,70,83.0,85.726654,-15.726654052734375
S005,P0020,2023-12-01,35,93.0,81.31483,-46.31482696533203
S005,P0020,2023-12-02,103,111.0,100.18242,2.8175811767578125
S005,P0020,2023-12-03,80,90.0,86.80794,-6.8079376220703125
S005,P0020,2023-12-04,85,77.0,104.02904,-19.029037475585938
S005,P0020,2023-12-05,151,89.0,107.018555,43.9814453125
S005,P0020,2023-12-06,48,178.0,107.63387,-59.633872985839844
S005,P0020,2023-12-07,69,129.0,81.14367,-12.143669128417969
S005,P0020,2023-12-08,116,152.0,106.29673,9.703269958496094
S005,P0020,2023-12-09,48,175.0,108.87063,-60.870628356933594
S005,P0020,2023-12-10,77,125.0,83.168884,-6.16888427734375
S005,P0020,2023-12-11,67,156.0,100.89177,-33.89176940917969
S005,P0020,2023-12-12,62,76.0,86.23694,-24.2369384765625
S005,P0020,2023-12-13,96,89.0,84.82434,11.1756591796875
S005,P0020,2023-12-14,85,105.0,83.40977,1.5902328491210938
S005,P0020,2023-12-15,116,82.0,87.07013,28.92987060546875
S005,P0020,2023-12-16,149,95.0,91.38333,57.616668701171875
S005,P0020,2023-12-17,93,164.0,85.80008,7.199920654296875
S005,P0020,2023-12-18,157,157.0,122.07026,34.92974090576172
S005,P0020,2023-12-19,91,183.0,85.004654,5.9953460693359375
S005,P0020,2023-12-20,117,109.0,87.84076,29.15924072265625
S005,P0020,2023-12-21,77,159.0,83.69471,-6.694709777832031
S005,P0020,2023-12-22,115,80.0,121.02043,-6.0204315185546875
S005,P0020,2023-12-23,129,137.0,112.25451,16.74549102783203
S005,P0020,2023-12-24,84,147.0,87.76149,-3.7614898681640625
S005,P0020,2023-12-25,95,123.0,82.00543,12.99456787109375
S005,P0020,2023-12-26,93,134.0,91.22176,1.7782363891601562
S005,P0020,2023-12-27,40,158.0,73.7564,-33.75640106201172
S005,P0020,2023-12-28,28,126.0,67.56816,-39.56816101074219
S005,P0020,2023-12-29,10,107.0,54.90401,-44.90401077270508
S005,P0020,2023-12-30,35,99.0,55.870667,-20.87066650390625
S005,P0020,2023-12-31,18,127.0,41.049583,-23.049583435058594
S005,P0020,2024-01-01,16,107.0,14.427189,1.5728111267089844
S005,P0020,2024-01-02,53,93.0,27.261095,25.73890495300293
S005,P0020,2024-01-03,25,87.0,15.969689,9.03031063079834
S005,P0020,2024-01-04,10,111.0,17.669212,-7.669212341308594
S005,P0020,2024-01-05,39,102.0,27.740751,11.259248733520508
S005,P0020,2024-01-06,59,106.0,26.613577,32.386423110961914
S005,P0020,2024-01-07,34,111.0,17.350405,16.649595260620117
S005,P0020,2024-01-08,14,76.0,24.079456,-10.079456329345703
S005,P0020,2024-01-09,125,111.0,84.92214,40.077857971191406
S005,P0020,2024-01-10,83,135.0,98.18819,-15.188186645507812
S005,P0020,2024-01-11,80,157.0,99.36699,-19.366989135742188
S005,P0020,2024-01-12,79,72.0,97.066666,-18.066665649414062
S005,P0020,2024-01-13,116,90.0,92.42796,23.572036743164062
S005,P0020,2024-01-14,116,152.0,108.3057,7.694297790527344
S005,P0020,2024-01-15,73,158.0,95.63667,-22.636672973632812
S005,P0020,2024-01-16,89,102.0,92.21878,-3.218780517578125
S005,P0020,2024-01-17,108,114.0,90.19592,17.8040771484375
S005,P0020,2024-01-18,169,134.0,117.720825,51.2791748046875
S005,P0020,2024-01-19,68,225.0,101.97846,-33.97846221923828
S005,P0020,2024-01-20,117,170.0,96.47438,20.525619506835938
S005,P0020,2024-01-21,68,181.0,117.36039,-49.360389709472656
S005,P0020,2024-01-22,112,121.0,115.87367,-3.8736724853515625
S005,P0020,2024-01-23,97,133.0,88.33222,8.667778015136719
S005,P0020,2024-01-24,121,110.0,107.49234,13.507659912109375
S005,P0020,2024-01-25,63,164.0,83.20303,-20.203033447265625
S005,P0020,2024-01-26,134,99.0,95.966774,38.033226013183594
S005,P0020,2024-01-27,38,133.0,83.122215,-45.122215270996094
S005,P0020,2024-01-28,130,105.0,108.73537,21.264633178710938
S005,P0020,2024-01-29,105,144.0,84.588875,20.41112518310547
S005,P0020,2024-01-30,73,126.0,87.36177,-14.361770629882812
